family,exp_ev_ia,exp_ev_upd,exp_ev_pr3,bat_med,bat_shape,bat_scale,cure_frac,unc_med,unc_shape,unc_scale,leak_yr,n_attempts,n_pass_events,n_pass_futility,n_accepted,acceptance_rate,p_reach80,p_no_readout,median_hr_final,hr_final_low,hr_final_high,p_hr_below_threshold,p_success_overall,median_t80_months,p10_t80_months,p90_t80_months,median_hr_ia,median_z_ia,median_bat_alive_upd,median_gps_alive_upd
leaky,58.59062565144007,72.7696296563447,77.06243021681911,17.0,1.0,24.525815695112378,0.30000000000000004,28.0,0.5,58.27833146815702,0.04,800,130,84,84,0.105,1.0,0.0,0.42793041835416634,0.31438577002622736,0.5634159718002093,0.9880952380952381,0.9880952380952381,65.4834326921362,63.65061412816617,69.47449743003844,0.5378236625811181,2.3683275626317837,17.0,37.0
leaky,60.152332305564975,73.22879113893387,77.31988686939715,15.0,0.8,23.7169824789905,0.6000000000000001,10.0,0.5,20.81368981005608,0.09,800,119,83,83,0.10375,1.0,0.0,0.46048980669798556,0.32223569282643144,0.6379721743169072,0.9518072289156626,0.9518072289156626,66.07056578028923,63.62715907316572,69.99902014683524,0.5204972715905559,2.4875694980215566,18.0,36.0
leaky,60.02584487167496,73.07961820344701,77.1864487890409,16.0,0.8,25.29811464425653,0.6000000000000001,8.0,0.5,16.650951848044862,0.09,800,124,81,81,0.10125,1.0,0.0,0.4774151214874208,0.3412132103312484,0.6991577300624479,0.9506172839506173,0.9506172839506173,65.62792428794171,63.63072109943302,70.20270979159972,0.5436393666368088,2.3110209213212407,18.0,36.0
leaky,59.33499046756857,72.48124185169337,76.63025147483583,17.0,0.8,26.879246809522563,0.4,20.0,0.5,41.62737962011216,0.09,800,120,81,81,0.10125,1.0,0.0,0.4954858021507852,0.3650656925650136,0.686232620556806,0.9382716049382716,0.9382716049382716,66.41275927062156,63.933118439358964,71.67520509071619,0.5750529035753672,2.14082640597701,19.0,35.0
leaky,59.77862895001857,72.8965492199984,77.00966357346738,16.0,0.8,25.29811464425653,0.4,22.0,0.5,45.79011758212337,0.09,800,125,79,79,0.09875,1.0,0.0,0.47965814218261127,0.3361071779521329,0.6826702551611138,0.9367088607594937,0.9367088607594937,65.62627640272602,63.77643439017132,69.22277903900158,0.5474349447487454,2.3069110115434412,19.0,35.0
leaky,59.991200428259006,72.9801836023561,77.03907074360542,16.0,0.8,25.29811464425653,0.4,20.0,0.5,41.62737962011216,0.08,800,117,79,79,0.09875,1.0,0.0,0.4703239134227955,0.371924883249589,0.6529623705946598,0.9367088607594937,0.9367088607594937,66.68950736203408,63.81339680216943,70.92959772632474,0.562234887467459,2.2522572515991195,19.0,35.0
leaky,60.175545289211044,73.4485125848723,77.61639590636419,16.0,0.8,25.29811464425653,0.4,22.0,0.5,45.79011758212337,0.1,800,114,79,79,0.09875,1.0,0.0,0.5028300460332837,0.336278370784798,0.7878894680543043,0.810126582278481,0.810126582278481,66.04949659582945,63.62776345002199,68.52584725091462,0.567160465442204,2.1739407806222366,19.0,35.0
leaky,59.55099059727526,73.27735395855946,77.40141799130738,18.0,1.2000000000000002,24.429689898408977,0.7000000000000001,4.0,2.0,4.804489635145799,0.05,800,118,79,79,0.09875,1.0,0.0,0.37546014239586417,0.2782123352610079,0.569985998031721,1.0,1.0,66.47559057207032,63.65529891472362,71.5041901779706,0.5964541294701812,2.000675185757876,15.0,39.0
leaky,59.91382109395801,73.11001516355714,77.26275320815374,17.0,0.8,26.879246809522563,0.30000000000000004,26.0,0.5,54.11559350614581,0.1,800,118,78,78,0.0975,1.0,0.0,0.5305841270985026,0.37987967931964994,0.7896326280815471,0.8717948717948718,0.8717948717948718,65.79639307654546,63.41053855027139,71.20707419434075,0.6131598182053788,1.9035633658088331,19.0,35.0
leaky,59.55927880061247,72.8393284647347,77.05950573220173,17.0,0.8,26.879246809522563,0.6000000000000001,8.0,0.5,16.650951848044862,0.1,800,123,78,78,0.0975,1.0,0.0,0.5191924545766828,0.35686865445445454,0.7571861532198789,0.8461538461538461,0.8461538461538461,65.58817262681815,63.67567960986516,69.84213506942913,0.5646553102752168,2.1871732053479995,19.0,35.0
leaky,59.84977273963528,72.91208738873559,76.9267750010713,18.0,1.0,25.968510736001342,0.7000000000000001,6.0,2.0,7.206734452718699,0.07,800,124,78,78,0.0975,1.0,0.0,0.43378773485195965,0.3240805575770479,0.6525630053999812,0.9743589743589743,0.9743589743589743,65.98959850929418,64.1270128662219,69.94508450986167,0.5905780056869745,2.021433086052267,17.0,36.0
leaky,60.552085979831894,73.45623119609172,77.47709203670226,17.0,0.8,26.879246809522563,0.2,28.0,0.5,58.27833146815702,0.07,800,118,77,77,0.09625,1.0,0.0,0.5397888635613081,0.32546060262897897,0.7714712858502101,0.7792207792207793,0.7792207792207793,65.76067677178133,63.32920007466307,71.34237910859693,0.6280770833191083,1.8024586957718303,19.0,34.0
leaky,59.68423444515658,73.34271712227951,77.3880083000123,17.0,1.0,24.525815695112378,0.30000000000000004,20.0,0.5,41.62737962011216,0.0,800,106,77,77,0.09625,1.0,0.0,0.4438229632004091,0.3163734945420494,0.6174154876016654,0.987012987012987,0.987012987012987,66.12546499328255,63.79809828340419,71.08889665741847,0.61056966425235,1.892218682573425,17.0,37.0
leaky,59.40495889365992,73.17403078678322,77.40081786890542,19.0,0.6,34.998102537395326,0.30000000000000004,18.0,1.0,25.968510736001342,0.03,800,122,77,77,0.09625,1.0,0.0,0.7110401598713652,0.4827694033989151,0.9890857480974599,0.3116883116883117,0.3116883116883117,66.13492475427535,63.47764376260156,69.11162609925736,0.6082125965177848,1.9329577869391883,23.0,30.0
leaky,58.757641595171,72.81712209190636,77.24048632381738,19.0,0.6,34.998102537395326,0.4,18.0,1.0,25.968510736001342,0.09,800,131,77,77,0.09625,1.0,0.0,0.7209298059916062,0.4949896917967392,0.9320517599346508,0.2857142857142857,0.2857142857142857,66.11700416717535,63.86543584974131,70.25784778596896,0.6167098607277881,1.828768998792236,24.0,30.0
leaky,58.97957680927356,72.58167460347491,76.81034959136487,17.0,0.6,31.314091743985294,0.4,18.0,1.0,25.968510736001342,0.06,800,120,76,76,0.095,1.0,0.0,0.6074207394496672,0.41375321899407597,0.877367737063156,0.5789473684210527,0.5789473684210527,66.40768854989852,63.87077761155237,70.62884925843868,0.5768159277162346,2.07362693628126,22.0,32.0
leaky,60.13249999171313,73.29601487406603,77.43042640573353,16.0,0.8,25.29811464425653,0.5,14.0,0.5,29.13916573407851,0.09,800,109,75,75,0.09375,1.0,0.0,0.5048786488182502,0.3342416110756477,0.7124193921937867,0.9066666666666666,0.9066666666666666,65.59299296241099,63.5685146747504,69.37043389465695,0.5778414508599345,2.11884994696389,19.0,35.0
leaky,59.88055740019616,73.22016780924338,77.42621802025789,16.0,0.8,25.29811464425653,0.5,16.0,0.5,33.301903696089724,0.1,800,112,75,75,0.09375,1.0,0.0,0.49165834431821165,0.3691336040031541,0.6791937833905711,0.96,0.96,65.80717416346923,63.84696861891324,69.14916597502736,0.5449752340540249,2.286801225961575,18.0,35.0
leaky,59.77486690448019,73.48177950740892,77.56230700588215,17.0,1.0,24.525815695112378,0.4,14.0,0.5,29.13916573407851,0.02,800,108,75,75,0.09375,1.0,0.0,0.43733683040106996,0.26603027257121203,0.6153933130658198,1.0,1.0,65.46975947785566,63.623091506852795,69.38781956119881,0.5619454358373608,2.1829891681963334,17.0,37.0
leaky,59.61849440820919,72.85584069852642,77.01781935871254,16.0,0.8,25.29811464425653,0.4,24.0,0.5,49.95285554413459,0.1,800,117,74,74,0.0925,1.0,0.0,0.4999891105260906,0.35507704003127827,0.7484472022847394,0.918918918918919,0.918918918918919,65.80040119744702,63.48243531462895,68.55288526051267,0.5794815361438826,2.109001259886169,18.0,35.0
leaky,58.55291124161949,72.31788500161345,76.60492843226612,18.0,0.6,33.15609714069031,0.30000000000000004,20.0,1.0,28.85390081777927,0.03,800,104,74,74,0.0925,1.0,0.0,0.6669032086091328,0.42946079578451896,0.9339223187167424,0.3918918918918919,0.3918918918918919,66.44591442629124,63.80232185159499,69.93382972473069,0.5839327237822107,2.052566454373867,23.0,31.0
leaky,59.76314799191278,72.73185954593097,76.80781130246628,18.0,0.8,28.460378974788597,0.2,28.0,0.5,58.27833146815702,0.08,800,122,74,74,0.0925,1.0,0.0,0.5373059709692798,0.36880983246912125,0.7432115169783581,0.7837837837837838,0.7837837837837838,66.43809965884864,63.792459428676835,71.3833882923106,0.6075888722172185,1.916549904471072,20.0,34.0
leaky,59.81441082743386,72.9998765152734,77.17547203854487,18.0,0.8,28.460378974788597,0.4,16.0,0.5,33.301903696089724,0.09,800,113,74,74,0.0925,1.0,0.0,0.5762287792340464,0.37493433963232725,0.8063141699213163,0.7027027027027027,0.7027027027027027,66.03938353843395,63.518191412406374,70.4861860825455,0.6518630349056711,1.6459734025787138,20.0,33.5
leaky,58.799668266392615,73.37998156626736,77.89263092654082,18.0,1.0,25.968510736001342,0.5,12.0,0.5,24.976427772067296,0.07,800,118,74,74,0.0925,1.0,0.0,0.47907601304218234,0.3011896365936978,0.6565541721629121,0.9594594594594594,0.9594594594594594,65.42287054166289,63.63833274603463,70.13688565418222,0.5736198193327288,2.174783791056665,18.0,36.0
leaky,59.86568215884081,72.97482956324481,77.07179747184634,15.0,0.8,23.7169824789905,0.5,18.0,0.5,37.464641658100945,0.09,800,128,73,73,0.09125,1.0,0.0,0.45576528570317776,0.3361982390701178,0.5988486562367149,0.9863013698630136,0.9863013698630136,65.87916274404286,63.91357767991507,68.9197946950125,0.505267551475481,2.6198181067316546,18.0,36.0
leaky,59.83483116761985,72.75676231415449,76.78459203179611,16.0,0.8,25.29811464425653,0.30000000000000004,28.0,0.5,58.27833146815702,0.08,800,120,73,73,0.09125,1.0,0.0,0.47279317334333343,0.32316906519559574,0.6927948666680451,0.8904109589041096,0.8904109589041096,66.38631078119758,63.62382254183836,69.86694094473549,0.5705191141365858,2.1567357127471656,18.0,35.0
leaky,58.90337081969986,73.4495580895291,78.13843641670888,17.0,0.6,31.314091743985294,0.30000000000000004,24.0,1.0,34.624680981335125,0.1,800,123,73,73,0.09125,1.0,0.0,0.6579552880320082,0.45418467934573253,0.9153127296979372,0.410958904109589,0.410958904109589,65.45142387816439,64.13049205324796,68.95690253176151,0.5945750477223609,1.973510473484976,23.0,32.0
leaky,59.374875806533595,72.52946982830707,76.67376644084541,17.0,0.8,26.879246809522563,0.30000000000000004,28.0,0.5,58.27833146815702,0.1,800,108,73,73,0.09125,1.0,0.0,0.5410331169731326,0.36619496017595227,0.7198051977742557,0.8904109589041096,0.8904109589041096,65.92287707193893,63.78240183294279,70.23865830941065,0.5945569017290091,1.9914211488002302,19.0,35.0
leaky,59.0788404320628,72.89863501725611,76.92581871292512,18.0,1.0,25.968510736001342,0.7000000000000001,8.0,2.0,9.608979270291599,0.07,800,113,73,73,0.09125,1.0,0.0,0.45016496756117313,0.3128357463065091,0.644622972386192,0.9726027397260274,0.9726027397260274,65.9488553280689,64.02133585738505,70.11975869710321,0.5808335056946308,2.097705413569764,18.0,36.0
leaky,59.625336717762146,72.5843985798655,76.64514854646504,16.0,0.8,25.29811464425653,0.5,14.0,0.5,29.13916573407851,0.08,800,115,72,72,0.09,1.0,0.0,0.472387221131247,0.32425049708535275,0.6915529361468516,0.9444444444444444,0.9444444444444444,65.30480382640003,63.61110317564285,69.07754546510458,0.5255308604511594,2.461960425973727,18.0,36.0
leaky,59.40081798249401,73.13418007312305,77.4291745980377,17.0,0.6,31.314091743985294,0.5,16.0,1.0,23.083120654223414,0.1,800,121,72,72,0.09,1.0,0.0,0.6147802005655858,0.44651366251213576,0.9164852832263151,0.5555555555555556,0.5555555555555556,65.9437328071918,63.59921735006557,68.63836692721817,0.557097720163122,2.2466453635853547,22.0,31.5
leaky,58.7613554448135,73.0220745986697,77.35334660814782,17.0,1.0,24.525815695112378,0.4,20.0,0.5,41.62737962011216,0.05,800,118,72,72,0.09,1.0,0.0,0.41517712512233296,0.29620960387105805,0.6300511434851467,0.9861111111111112,0.9861111111111112,66.3736088915789,63.80896146180615,69.81506413193787,0.5071099722330168,2.5808901110275553,16.0,37.0
leaky,59.42786224702371,73.26693703102227,77.42651802976573,17.0,1.0,24.525815695112378,0.5,10.0,0.5,20.81368981005608,0.04,800,112,72,72,0.09,1.0,0.0,0.4318978236484676,0.32012702691108336,0.6071235549704761,0.9861111111111112,0.9861111111111112,65.8515107945066,63.55977935158895,69.98327964523841,0.5599758384204676,2.2316242723070037,16.0,37.0
leaky,58.60030837635007,73.28567581814416,77.48939267424826,18.0,0.6,33.15609714069031,0.5,16.0,1.5,20.428493556836578,0.07,800,112,72,72,0.09,1.0,0.0,0.629729440554657,0.4654307434894554,0.8666634344306375,0.5416666666666666,0.5416666666666666,65.84989069799822,63.636795967937665,70.35483877921081,0.5551681236262895,2.240381348910648,23.0,31.0
leaky,58.84856194030082,72.69280405685973,76.83796322660069,18.0,0.8,28.460378974788597,0.6000000000000001,10.0,1.0,14.426950408889635,0.07,800,108,72,72,0.09,1.0,0.0,0.5352377273622394,0.33583326534569075,0.7365979649057527,0.8611111111111112,0.8611111111111112,66.01143448706569,63.56367401378332,71.56273797353201,0.6054427883979192,1.9435439676670248,20.0,34.0
leaky,59.125393662442136,72.6192979320586,76.65790795996654,18.0,1.0,25.968510736001342,0.4,12.0,0.5,24.976427772067296,0.01,800,112,72,72,0.09,1.0,0.0,0.4754692550817152,0.3064311543855488,0.6760013226883992,0.9583333333333334,0.9583333333333334,65.8194928118321,63.50978075952617,71.03230701367951,0.5948726263771056,2.0134298003238458,17.0,36.0
leaky,59.37619804387063,72.80537454501442,76.88157474426794,18.0,1.0,25.968510736001342,0.7000000000000001,4.0,1.0,5.7707801635558535,0.07,800,99,72,72,0.09,1.0,0.0,0.4647824994437041,0.33051748367870093,0.6667264858153105,0.9583333333333334,0.9583333333333334,66.32043300158844,63.677731529651055,70.30697607274435,0.6047384977747372,1.9197929653970505,18.0,36.0
leaky,58.913654523851974,72.84952981321035,77.12156605609087,19.0,1.0,27.411205776890306,0.4,12.0,0.5,24.976427772067296,0.03,800,123,72,72,0.09,1.0,0.0,0.5018802614730775,0.33300753165289476,0.6862797498299752,0.9166666666666666,0.9166666666666666,66.22186668604297,63.96726763143958,69.73381474646163,0.6581124713522589,1.578125379041441,18.0,36.0
leaky,58.8718829579134,72.91551430334123,77.25426887086901,19.0,1.0,27.411205776890306,0.5,8.0,0.5,16.650951848044862,0.05,800,121,72,72,0.09,1.0,0.0,0.513457008671486,0.35176275490840075,0.7135075843715065,0.9444444444444444,0.9444444444444444,66.10634905081932,63.520044351605684,69.03865414301626,0.655312545544518,1.6311940333233519,18.0,36.0
leaky,60.139129131990444,73.1837320906748,77.25575874735719,16.0,0.8,25.29811464425653,0.30000000000000004,28.0,0.5,58.27833146815702,0.09,800,112,71,71,0.08875,1.0,0.0,0.4961667376848578,0.34728665061497893,0.6948525651478715,0.9154929577464789,0.9154929577464789,65.78383590054158,63.71751004532231,69.46601376142428,0.5519524356440058,2.27870800781753,18.0,36.0
leaky,60.206048474577294,73.32781194514031,77.4472996617282,17.0,0.8,26.879246809522563,0.30000000000000004,24.0,0.5,49.95285554413459,0.09,800,110,71,71,0.08875,1.0,0.0,0.5337356380954634,0.39641633433093576,0.7017467642826956,0.8591549295774648,0.8591549295774648,65.50599440801875,63.9025779669647,69.4405892978404,0.5827066325381262,2.0226486469561977,19.0,35.0
leaky,59.56670483585251,72.91773429413523,77.15180026567013,17.0,0.8,26.879246809522563,0.5,14.0,0.5,29.13916573407851,0.1,800,115,71,71,0.08875,1.0,0.0,0.5206210479406455,0.34301663594462756,0.8246655650591515,0.8732394366197183,0.8732394366197183,65.62955883500742,63.3489684892536,68.89364239370737,0.5731353677915751,2.139362263881306,20.0,34.0
leaky,60.235578962519924,73.1945835875857,77.28763502553024,17.0,0.8,26.879246809522563,0.6000000000000001,6.0,0.5,12.488213886033648,0.09,800,119,71,71,0.08875,1.0,0.0,0.5450199893550521,0.3288613794761965,0.6921015700961092,0.8591549295774648,0.8591549295774648,66.57963384867078,63.72045570161929,71.1952245579015,0.5965750131044574,1.9721208610195864,19.0,35.0
leaky,59.300613712686754,72.64838054952303,76.7227120868824,18.0,0.6,33.15609714069031,0.4,16.0,1.0,23.083120654223414,0.05,800,112,71,71,0.08875,1.0,0.0,0.6448408084292292,0.4392669205885257,0.8877375498524843,0.4788732394366197,0.4788732394366197,66.40618365867094,63.84845321445985,70.78555943470897,0.613947705680269,1.8553108100836202,22.0,32.0
leaky,59.9596900392814,72.79888281602848,76.81886499523509,18.0,0.8,28.460378974788597,0.2,26.0,0.5,54.11559350614581,0.06,800,107,71,71,0.08875,1.0,0.0,0.5492700477406119,0.3971519644899443,0.7502165185339299,0.7746478873239436,0.7746478873239436,65.8356824918422,63.7123330759186,69.8899939485452,0.6253266257592196,1.8130153910851068,19.0,34.0
leaky,58.57342710163803,72.7059277573052,77.02550613757353,18.0,1.0,25.968510736001342,0.4,16.0,0.5,33.301903696089724,0.04,800,108,71,71,0.08875,1.0,0.0,0.44041613224510845,0.31329380288543174,0.6770274404400196,0.9577464788732394,0.9577464788732394,65.839030738578,63.71397444790716,69.91139591522595,0.5750295007151204,2.1234572431853427,17.0,37.0
leaky,58.65739589699735,73.25336116964121,77.79499154961472,19.0,1.0,27.411205776890306,0.30000000000000004,22.0,0.5,45.79011758212337,0.06,800,118,71,71,0.08875,1.0,0.0,0.5144729056842409,0.37628366558818876,0.7123417834714343,0.9014084507042254,0.9014084507042254,64.9473544874793,63.49182398530656,67.72791174189905,0.6634178832259289,1.575420978282308,18.0,35.0
leaky,59.78615914302901,73.41151097289841,77.63401304863444,16.0,0.6,29.47208634728028,0.4,18.0,1.0,25.968510736001342,0.06,800,121,70,70,0.0875,1.0,0.0,0.6188303966206115,0.42230752564510343,0.8637120449880569,0.5857142857142857,0.5857142857142857,65.80124129872445,63.73223515384169,68.3693340157939,0.5643779395582446,2.1583267956327123,22.0,32.0
leaky,58.51553638241509,72.76205419186348,77.05957003773493,16.0,1.0,23.083120654223414,0.5,18.0,0.5,37.464641658100945,0.06,800,130,70,70,0.0875,1.0,0.0,0.3917734913161769,0.2797835656768854,0.6194163565378391,1.0,1.0,65.28156351738166,63.79819548889439,68.5572821308864,0.5016932055781761,2.661876102215415,16.0,37.0
leaky,59.34567926235531,73.42463629249477,77.47118903777209,17.0,0.6,31.314091743985294,0.6000000000000001,14.0,1.5,17.874931862232007,0.1,800,109,70,70,0.0875,1.0,0.0,0.6105446595788723,0.4331664981539019,0.8833349272148519,0.5571428571428572,0.5571428571428572,65.58387012467388,63.947199337821104,70.01397194439284,0.5433095739736951,2.3860939642482544,23.0,31.0
leaky,59.9017505102067,72.90084216862002,76.9761329461671,17.0,0.8,26.879246809522563,0.30000000000000004,24.0,0.5,49.95285554413459,0.08,800,109,70,70,0.0875,1.0,0.0,0.5258435738196012,0.39912098441025234,0.7018545002440842,0.9,0.9,65.75581697926084,63.96574688520029,68.18369680753926,0.6122021206191495,1.8942173724648987,19.0,35.0
leaky,58.82292380338828,72.54189130883529,76.6857339785463,17.0,1.0,24.525815695112378,0.6000000000000001,6.0,0.5,12.488213886033648,0.05,800,110,70,70,0.0875,1.0,0.0,0.43108450280731936,0.31278915379905753,0.5940475052358367,0.9857142857142858,0.9857142857142858,66.33783490248935,63.751235848333685,71.08866763336272,0.5524802377022089,2.2889328185341213,17.0,37.0
leaky,59.441350274537186,72.65425242345978,76.71650058178821,18.0,0.8,28.460378974788597,0.7000000000000001,6.0,1.0,8.656170245333781,0.1,800,109,70,70,0.0875,1.0,0.0,0.5224448564735438,0.37300819161135595,0.7012314158334719,0.8428571428571429,0.8428571428571429,66.47391717296881,63.75932731681086,71.183492534056,0.5995274809590252,2.0103573880924457,20.0,34.0
leaky,59.42647086620258,72.77569999279748,76.9508066011537,19.0,1.0,27.411205776890306,0.7000000000000001,6.0,2.0,7.206734452718699,0.08,800,134,70,70,0.0875,1.0,0.0,0.4726382295864807,0.3336765607931201,0.6444064973331605,0.9714285714285714,0.9714285714285714,66.27337732721895,63.54219677187137,69.25158487446708,0.602048263809639,1.948306123659171,18.0,36.0
leaky,59.85003789844872,72.88348125831351,76.94355966742137,15.0,0.8,23.7169824789905,0.4,26.0,0.5,54.11559350614581,0.09,800,121,69,69,0.08625,1.0,0.0,0.4486327879051844,0.3124758570054798,0.6392053685507931,0.9710144927536232,0.9710144927536232,66.15977741713783,64.19313985888309,69.3870811372297,0.5099104793249475,2.5794352221289616,17.0,36.0
leaky,59.66900701821515,72.71252680391346,76.84588738154454,16.0,0.8,25.29811464425653,0.7000000000000001,4.0,0.5,8.325475924022431,0.1,800,109,69,69,0.08625,1.0,0.0,0.49672683049720323,0.35182123411830696,0.6690582333210942,0.8840579710144928,0.8840579710144928,66.05296001336143,63.39822285813249,70.15445611867517,0.536789069906912,2.390248707827007,19.0,35.0
leaky,59.8209814507956,73.04421898083433,77.09039783868553,17.0,0.6,31.314091743985294,0.5,14.0,1.0,20.19773057244549,0.08,800,118,69,69,0.08625,1.0,0.0,0.6224199128285101,0.45855692610827775,0.8972427831319338,0.5507246376811594,0.5507246376811594,66.58277838133658,63.9080850529499,69.48981353596228,0.5698853028238409,2.129838922482073,22.0,32.0
leaky,58.729429343387906,73.17040043619386,77.35621519014121,18.0,1.2000000000000002,24.429689898408977,0.7000000000000001,4.0,1.0,5.7707801635558535,0.05,800,101,69,69,0.08625,1.0,0.0,0.3707302913493133,0.24999961549515592,0.5780145075956973,1.0,1.0,66.41479761381069,63.521692749946794,71.28238897935181,0.5417587658704338,2.408744500824299,15.0,38.0
leaky,58.541904183183505,72.26075214146817,76.62284214402209,15.0,0.6,27.63008095057526,0.4,22.0,1.0,31.739290899557197,0.07,800,129,68,68,0.085,1.0,0.0,0.5551296426979169,0.40880264393541627,0.9029314108627444,0.8235294117647058,0.8235294117647058,65.83607483494487,63.753395311203306,69.82674017037728,0.4814445355263044,2.8318815994724793,21.0,33.0
leaky,60.05659458774052,73.43258778860317,77.50351462892652,17.0,0.6,31.314091743985294,0.4,16.0,1.0,23.083120654223414,0.05,800,108,68,68,0.085,1.0,0.0,0.6164418926649358,0.4151209098830677,0.876030138434565,0.5735294117647058,0.5735294117647058,65.28638207975781,63.48517183648734,71.495197553391,0.574032464587305,2.127990121674518,22.0,31.5
leaky,59.61613383956366,72.69604263990173,76.80770395848113,17.0,0.8,26.879246809522563,0.30000000000000004,26.0,0.5,54.11559350614581,0.09,800,113,68,68,0.085,1.0,0.0,0.5352415404817796,0.35282862950099114,0.752718234129942,0.8088235294117647,0.8088235294117647,66.13610786325364,63.69231414378624,70.5911331682446,0.608912074185298,1.9097846054934986,20.0,34.0
leaky,59.941301293728756,73.10585514540404,77.26305360473881,17.0,0.8,26.879246809522563,0.5,12.0,0.5,24.976427772067296,0.09,800,112,68,68,0.085,1.0,0.0,0.5040357721302539,0.36399792324170044,0.7319755142508313,0.9411764705882353,0.9411764705882353,66.07626285159071,64.21598458772455,69.76605391556357,0.554995537206598,2.276099833199363,19.5,35.0
leaky,59.47320201185611,73.47915549383856,77.73216696441841,17.0,1.0,24.525815695112378,0.6000000000000001,6.0,0.5,12.488213886033648,0.06,800,114,68,68,0.085,1.0,0.0,0.4237222157166882,0.2999704007145068,0.5795398237888499,1.0,1.0,65.3398984123931,63.707573744964634,69.5941647397938,0.5458397660927644,2.316482950174323,16.0,37.0
leaky,58.64762169230035,72.40317922527254,76.70318228921224,18.0,0.6,33.15609714069031,0.4,18.0,1.0,25.968510736001342,0.07,800,111,68,68,0.085,1.0,0.0,0.6521031315592718,0.5005286298764444,0.9229017589843088,0.45588235294117646,0.45588235294117646,65.7663648830135,63.64618500143664,69.24983891830442,0.5829925857506719,2.067010949255353,23.0,31.0
leaky,59.01790504631103,72.95983127943796,77.19232942451316,18.0,1.0,25.968510736001342,0.4,14.0,0.5,29.13916573407851,0.03,800,107,68,68,0.085,1.0,0.0,0.45759579891026836,0.32678374466972265,0.6299406362795162,0.9852941176470589,0.9852941176470589,65.5678533825926,63.54792533490612,69.49160257974921,0.6148431722038543,1.849802080277942,17.5,36.0
leaky,59.20300403915256,73.27711327991503,77.40141544694458,18.0,1.2000000000000002,24.429689898408977,0.7000000000000001,6.0,2.0,7.206734452718699,0.05,800,103,68,68,0.085,1.0,0.0,0.3905738696325477,0.2593330397690456,0.5589577185960362,1.0,1.0,65.60185217275863,63.6867646711439,70.09280839657085,0.5747200438478305,2.112963183208632,16.0,37.5
leaky,59.15455793436348,73.36908545678025,77.84721865671418,19.0,0.6,34.998102537395326,0.4,18.0,1.0,25.968510736001342,0.1,800,119,68,68,0.085,1.0,0.0,0.7260942120046241,0.4869364995761372,0.9230882254695341,0.2647058823529412,0.2647058823529412,65.06758522337691,63.56779374956224,68.82179088264793,0.6203914659910251,1.8456886611100316,24.0,30.5
leaky,59.99003166609356,72.68853486874002,76.73652223798437,19.0,0.8,30.04151114005463,0.6000000000000001,4.0,0.5,8.325475924022431,0.09,800,123,68,68,0.085,1.0,0.0,0.5773976685465284,0.4345988732475933,0.8209626630077608,0.7647058823529411,0.7647058823529411,65.7792694048722,63.61897144440938,71.2068651172764,0.6834952553082265,1.4649903678393876,20.0,33.0
leaky,59.804840060130665,73.10715769939847,77.11571740259488,17.0,0.6,31.314091743985294,0.30000000000000004,18.0,1.0,25.968510736001342,0.0,800,91,67,67,0.08375,1.0,0.0,0.643679429488619,0.47731263790598827,0.9034542042300431,0.4626865671641791,0.4626865671641791,65.84279102529263,63.46212372962386,69.22877162593241,0.6316394369157685,1.7472772195355577,22.0,31.0
leaky,58.96129952951263,72.5874505665346,76.80439571574712,17.0,0.6,31.314091743985294,0.30000000000000004,20.0,1.0,28.85390081777927,0.02,800,104,67,67,0.08375,1.0,0.0,0.6588195335230181,0.41733726807901605,0.8530026276083883,0.417910447761194,0.417910447761194,65.73313872387445,63.609689296874784,68.47419242841043,0.5968128235016541,1.969173292140373,23.0,31.0
leaky,59.6216038260982,72.63675089838284,76.72974371184574,17.0,0.8,26.879246809522563,0.4,18.0,0.5,37.464641658100945,0.08,800,100,67,67,0.08375,1.0,0.0,0.5223430376178522,0.37497555684798306,0.7628035324262684,0.8208955223880597,0.8208955223880597,65.38354598092786,63.595494787595435,68.71590588995659,0.5917291174586551,2.030664261337682,19.0,35.0
leaky,58.79197912618476,72.70667743593124,76.72238383816556,17.0,0.8,26.879246809522563,0.7000000000000001,10.0,1.5,12.76780847302286,0.09,800,104,67,67,0.08375,1.0,0.0,0.4791050761345071,0.3625664085023144,0.7302273508787037,0.9253731343283582,0.9253731343283582,65.44814859544154,63.513668573784386,71.13991396634442,0.49471342403320767,2.6800300146550327,19.0,34.0
leaky,58.92306359757245,73.25309256449134,77.60431041463278,17.0,1.0,24.525815695112378,0.30000000000000004,28.0,0.5,58.27833146815702,0.05,800,114,67,67,0.08375,1.0,0.0,0.4288576592798117,0.31770478532720026,0.6993915251789686,0.9552238805970149,0.9552238805970149,65.50344922443279,63.35131686514021,69.2350101121579,0.5407211061622774,2.4357709983133367,17.0,37.0
leaky,60.19775929775798,72.91232806738,76.9267775454341,18.0,1.0,25.968510736001342,0.7000000000000001,4.0,2.0,4.804489635145799,0.07,800,112,67,67,0.08375,1.0,0.0,0.4365674632756666,0.2839684646095068,0.6062302000607254,1.0,1.0,65.75096577009273,63.49415107459176,69.60367594595162,0.6388337001518761,1.7129831870808077,16.0,37.0
leaky,59.44254439472972,72.42491484562116,76.52741954540113,19.0,0.8,30.04151114005463,0.2,26.0,0.5,54.11559350614581,0.08,800,108,67,67,0.08375,1.0,0.0,0.5584855513672367,0.3952120962327056,0.7676531624229748,0.7014925373134329,0.7014925373134329,66.12539727606152,63.80413944905449,69.7861260902692,0.6250176449151418,1.8103379688450976,20.0,34.0
leaky,59.774457424325284,72.77594067144192,76.9508091455165,19.0,1.0,27.411205776890306,0.7000000000000001,4.0,2.0,4.804489635145799,0.08,800,121,67,67,0.08375,1.0,0.0,0.48683617780686134,0.3000649457101911,0.6624413634775632,0.9402985074626866,0.9402985074626866,66.6546234168255,63.74554967639183,68.7968481052176,0.6609494580630095,1.6272228359873053,18.0,36.0
leaky,58.77830592951777,72.43196317711713,76.64735052228221,20.0,0.6,36.840107934100345,0.4,16.0,1.0,23.083120654223414,0.07,800,110,67,67,0.08375,1.0,0.0,0.7008224471292459,0.48449529956220333,1.0603807564107428,0.3283582089552239,0.3283582089552239,65.60028366648896,63.66173397397957,69.77921986936057,0.6299111901981977,1.8023639780265297,23.0,30.0
leaky,58.579889165815466,72.54538675443308,76.92318903318598,20.0,1.0,28.85390081777927,0.7000000000000001,4.0,1.0,5.7707801635558535,0.09,800,115,67,67,0.08375,1.0,0.0,0.5243673224182562,0.3702666721287424,0.698762716804019,0.8805970149253731,0.8805970149253731,66.19564894174935,63.95653018187908,69.89937809012822,0.6827831602474616,1.4676466766063252,19.0,35.0
leaky,58.727097204477396,73.03934182051387,77.51059194734519,20.0,1.0,28.85390081777927,0.4,12.0,0.5,24.976427772067296,0.05,800,127,67,67,0.08375,1.0,0.0,0.5380387151227358,0.3757736946729184,0.7327068862425619,0.8805970149253731,0.8805970149253731,65.63232275584996,63.72124114449408,68.85962858475298,0.6843270141994493,1.4721346568413085,19.0,35.0
leaky,58.56096328253195,72.34974994661994,76.62611154981768,21.0,0.6,38.682113330805365,0.4,16.0,1.0,23.083120654223414,0.08,800,116,67,67,0.08375,1.0,0.0,0.7353308444573123,0.5075062579840363,1.0230159068386728,0.19402985074626866,0.19402985074626866,65.01475260693223,63.31243064208479,70.68427031780666,0.652701183001427,1.642054093111114,24.0,30.0
leaky,60.3556790141747,73.42499780566087,77.49178455591885,15.0,0.8,23.7169824789905,0.4,24.0,0.5,49.95285554413459,0.09,800,110,66,66,0.0825,1.0,0.0,0.4855169652649591,0.33416802251394473,0.6759666051642831,0.9545454545454546,0.9545454545454546,65.32013088592561,63.42984611625982,69.84499177117115,0.5542532377222609,2.2130808982802943,18.0,36.0
leaky,59.53878083177297,73.11553013311283,77.21353366384673,16.0,0.8,25.29811464425653,0.7000000000000001,8.0,1.0,11.541560327111707,0.09,800,97,66,66,0.0825,1.0,0.0,0.5084364811780442,0.3561124345535855,0.6973491354283224,0.8787878787878788,0.8787878787878788,65.71186426118679,63.76671864526956,69.69052563974714,0.5697043973464062,2.133921755097162,20.0,34.0
leaky,59.03355659513247,73.28896720805885,77.64540552604178,16.0,0.8,25.29811464425653,0.7000000000000001,10.0,1.0,14.426950408889635,0.1,800,116,66,66,0.0825,1.0,0.0,0.5052156647638769,0.368834187336314,0.711426990608798,0.9393939393939394,0.9393939393939394,65.26522373872004,63.52068419263736,67.79800087733273,0.5367320159908084,2.3858478118239717,19.0,35.0
leaky,59.374556653388865,73.4233064871903,77.62686901349846,16.0,1.0,23.083120654223414,0.5,14.0,0.5,29.13916573407851,0.05,800,111,66,66,0.0825,1.0,0.0,0.40136883755645497,0.2939602181614343,0.5851379525913145,1.0,1.0,65.18431386991477,63.42620098511381,69.781912198393,0.5133521073734855,2.5424360119061116,15.5,38.0
leaky,59.25102595315891,73.39255161216391,77.81154875563715,18.0,0.6,33.15609714069031,0.2,22.0,1.0,31.739290899557197,0.0,800,111,66,66,0.0825,1.0,0.0,0.6750858278470351,0.4776527153026456,1.0222412259876192,0.3787878787878788,0.3787878787878788,65.91768655168718,63.85981535076613,68.8724585502378,0.5963684756512617,1.9953407240246155,23.0,30.5
leaky,60.15730789062141,73.41526217009863,77.60615106140631,18.0,0.8,28.460378974788597,0.30000000000000004,22.0,0.5,45.79011758212337,0.1,800,111,66,66,0.0825,1.0,0.0,0.5634201774018044,0.4006146840587847,0.7344311057861024,0.7575757575757576,0.7575757575757576,65.88002026139077,63.58003014804689,69.5144484962425,0.6449065354295676,1.7064234053454994,20.0,34.0
leaky,59.44112618486693,72.7778365187291,77.02693186527176,18.0,0.8,28.460378974788597,0.5,12.0,0.5,24.976427772067296,0.1,800,105,66,66,0.0825,1.0,0.0,0.5390784177860799,0.379553994996904,0.749982090146178,0.8333333333333334,0.8333333333333334,65.44604750948903,63.593859575672425,69.24232464564025,0.602654008943244,1.909796286196114,20.0,34.0
leaky,58.799036350158076,73.37008708883829,77.60567886937613,18.0,1.2000000000000002,24.429689898408977,0.6000000000000001,4.0,0.5,8.325475924022431,0.03,800,114,66,66,0.0825,1.0,0.0,0.3727579591677783,0.2663971076748684,0.5099036082628179,1.0,1.0,65.40282130809398,63.84124406297072,70.67413061206555,0.5530133232448501,2.2398956729359885,15.0,39.0
leaky,58.72117129359914,73.06301482299739,77.49712922600995,19.0,1.0,27.411205776890306,0.30000000000000004,20.0,0.5,41.62737962011216,0.04,800,118,66,66,0.0825,1.0,0.0,0.49735697382416433,0.32571481742459263,0.6924637646245846,0.8484848484848485,0.8484848484848485,65.67054852581032,63.38107297583044,68.45535697341467,0.646241245615137,1.6615476287652984,19.0,36.0
leaky,58.893181896116516,73.47736413460393,77.72912452344599,19.0,1.0,27.411205776890306,0.6000000000000001,8.0,1.0,11.541560327111707,0.05,800,106,66,66,0.0825,1.0,0.0,0.504302027660585,0.34374961084471195,0.7149657479664734,0.8636363636363636,0.8636363636363636,66.34520456246847,63.830670946911766,70.56417572921589,0.6444451319143714,1.6907242480465539,19.5,34.0
leaky,58.82841240444952,72.98559973426583,77.46630104481709,17.0,0.6,31.314091743985294,0.2,24.0,1.0,34.624680981335125,0.01,800,107,65,65,0.08125,1.0,0.0,0.6478990256018815,0.4202000229379961,0.8810851979110504,0.47692307692307695,0.47692307692307695,66.16958694734124,63.77847690207729,69.01551461943566,0.5557472439781961,2.279575999264223,22.0,32.0
leaky,59.06538483406365,73.33961699293287,77.86775619116213,17.0,0.6,31.314091743985294,0.2,24.0,1.0,34.624680981335125,0.02,800,111,65,65,0.08125,1.0,0.0,0.6593984215595228,0.4420245445698505,1.0002272664238097,0.36923076923076925,0.36923076923076925,65.09614337566896,63.53784591226665,68.44234047711865,0.5881589346182353,2.026718869264481,23.0,30.0
leaky,59.326406281346415,73.12893376652005,77.24459005865515,17.0,1.0,24.525815695112378,0.30000000000000004,22.0,0.5,45.79011758212337,0.01,800,100,65,65,0.08125,1.0,0.0,0.42372293643159986,0.3178733062586034,0.6018168682766004,0.9846153846153847,0.9846153846153847,65.70944517364168,63.503355578168396,69.71510049415454,0.5657029912834852,2.1741916966302246,17.0,37.0
leaky,58.789650183412434,72.85138148937085,77.09017302789518,17.0,1.0,24.525815695112378,0.30000000000000004,26.0,0.5,54.11559350614581,0.03,800,116,65,65,0.08125,1.0,0.0,0.4033346860557098,0.3250080750372883,0.6650846436492834,0.9692307692307692,0.9692307692307692,65.80636687870653,63.954327792277724,71.23863863851341,0.5606095660911365,2.1691518840502293,16.0,37.0
leaky,59.76784211265603,73.4019416465639,77.56091370585611,18.0,0.6,33.15609714069031,0.30000000000000004,18.0,1.0,25.968510736001342,0.02,800,115,65,65,0.08125,1.0,0.0,0.6291126301414054,0.4446396991725307,0.9607232288831772,0.5230769230769231,0.5230769230769231,66.13975185407182,64.12416831328163,69.03903238940208,0.5811552582890002,2.105891110051233,23.0,32.0
leaky,58.78873067851603,73.18631920160544,77.78060462073009,18.0,0.6,33.15609714069031,0.30000000000000004,22.0,1.0,31.739290899557197,0.08,800,105,65,65,0.08125,1.0,0.0,0.6627383787467106,0.46832982338416984,0.9576938806922725,0.4153846153846154,0.4153846153846154,65.39672762526396,63.63432547018371,68.28648765485573,0.5910566125370574,1.978493704520327,23.0,31.0
leaky,58.52572791920835,72.74132514576897,77.27094643895391,18.0,0.6,33.15609714069031,0.4,20.0,1.0,28.85390081777927,0.1,800,98,65,65,0.08125,1.0,0.0,0.676164729517712,0.4469978007861346,0.942478873673127,0.4,0.4,65.6702888564582,63.56054537391925,69.09335789560784,0.5888542422983429,1.9691630856947355,23.0,31.0
leaky,60.17170291832168,73.10173874646739,77.15568261518084,18.0,0.8,28.460378974788597,0.2,26.0,0.5,54.11559350614581,0.07,800,115,65,65,0.08125,1.0,0.0,0.5580395965086972,0.3344989058160189,0.7749644401969881,0.7846153846153846,0.7846153846153846,65.80930005654264,63.75505893895075,70.00043194147051,0.6058382832979031,1.8832821556685864,19.0,34.0
leaky,60.45531662350299,73.28698528341738,77.30305867986634,18.0,0.8,28.460378974788597,0.30000000000000004,18.0,0.5,37.464641658100945,0.06,800,120,65,65,0.08125,1.0,0.0,0.5624151695797367,0.3973902865408001,0.7938927093191329,0.7846153846153846,0.7846153846153846,66.18582164855532,63.5616202548706,70.83468081413756,0.6734739913696063,1.5179793552293537,20.0,34.0
leaky,59.89162073701554,72.76234263979788,76.81188547034185,18.0,0.8,28.460378974788597,0.4,14.0,0.5,29.13916573407851,0.07,800,101,65,65,0.08125,1.0,0.0,0.5559473080002837,0.39257467943703395,0.7487076997988583,0.7692307692307693,0.7692307692307693,66.6534550995376,63.44768338836003,70.29651917881623,0.6382632154464802,1.737803639004899,20.0,34.0
leaky,60.057591127806944,72.91199295479804,76.926763701399,18.0,1.0,25.968510736001342,0.7000000000000001,4.0,1.5,5.1071233892091445,0.07,800,103,65,65,0.08125,1.0,0.0,0.4673495254842552,0.3086379452161068,0.66309873055403,0.9538461538461539,0.9538461538461539,66.50165340665035,63.98817799230442,70.77079261385298,0.625715946501902,1.80651528614006,17.0,36.0
leaky,58.96608518766254,73.05948215069549,77.41214086544547,19.0,1.2000000000000002,25.78689489276503,0.7000000000000001,4.0,2.0,4.804489635145799,0.06,800,128,65,65,0.08125,1.0,0.0,0.4335564059238737,0.2893752803026765,0.5834320008321668,1.0,1.0,66.12386302083678,63.66182822788216,69.75791277335588,0.6276417144974815,1.7867280369303278,16.0,37.0
leaky,59.19307101938437,73.01916554233023,77.2978633649864,20.0,0.6,36.840107934100345,0.4,16.0,1.0,23.083120654223414,0.08,800,117,65,65,0.08125,1.0,0.0,0.7155632711664386,0.4673869819849999,1.0851121632338196,0.26153846153846155,0.26153846153846155,66.13026460746724,64.08258741912215,70.54841381898046,0.6462878010546463,1.6788802485771879,24.0,30.0
leaky,58.796894117290414,72.99805038486707,77.54799927671662,16.0,0.6,29.47208634728028,0.30000000000000004,24.0,1.0,34.624680981335125,0.07,800,115,64,64,0.08,1.0,0.0,0.6275871203426188,0.44157142879476335,0.937348874282807,0.546875,0.546875,65.29013971858706,63.60356580629737,69.86769227633468,0.5329249786667343,2.362313002824701,22.0,32.0
leaky,59.204091618307885,72.56244594225369,76.70914477991778,16.0,0.6,29.47208634728028,0.5,16.0,1.0,23.083120654223414,0.08,800,103,64,64,0.08,1.0,0.0,0.6146946353335897,0.4235133200270794,0.8022700454342284,0.609375,0.609375,66.54797052688617,63.8291127619924,71.51020141322283,0.5072225354105822,2.567111433989428,22.0,32.0
leaky,58.820493409834896,72.61753497361255,76.72373535047566,16.0,1.0,23.083120654223414,0.5,14.0,0.5,29.13916573407851,0.04,800,109,64,64,0.08,1.0,0.0,0.37370474496992434,0.2781094058719973,0.5724482433286029,1.0,1.0,65.71928463533587,63.99971823974516,70.00309067263649,0.4887785043534084,2.744957982297687,15.0,38.0
leaky,60.02733444525899,73.20604393374325,77.35796599926054,17.0,0.8,26.879246809522563,0.4,18.0,0.5,37.464641658100945,0.09,800,107,64,64,0.08,1.0,0.0,0.5437398032806926,0.3683169524771149,0.7742176253434264,0.796875,0.796875,66.32354954357332,63.64249858887465,69.01477972686419,0.609191804412585,1.9238768528525747,20.0,34.0
leaky,58.67651358684425,72.43748323244986,76.54625075306154,17.0,1.0,24.525815695112378,0.30000000000000004,24.0,0.5,49.95285554413459,0.01,800,95,64,64,0.08,1.0,0.0,0.41077701870099176,0.2774578462052331,0.6232546711578049,0.984375,0.984375,66.42297458458069,63.93222097611855,70.14206198479327,0.5492278157333608,2.318933103780216,16.0,37.0
leaky,58.55235767069538,73.312447420588,78.09775546613625,18.0,0.6,33.15609714069031,0.2,26.0,1.0,37.51007106311305,0.09,800,101,64,64,0.08,1.0,0.0,0.6794954784988189,0.44315905310145065,0.9563801128189926,0.375,0.375,65.02509068196679,63.45216232974811,68.0449415470285,0.5721129946181976,2.125184894205546,23.0,30.5
leaky,58.589698387301546,72.6404290534146,76.69038649572796,18.0,0.6,33.15609714069031,0.6000000000000001,14.0,1.5,17.874931862232007,0.1,800,107,64,64,0.08,1.0,0.0,0.6467502724651397,0.48929795095065853,0.9148505977442528,0.46875,0.46875,65.7248605750221,63.77935882518277,71.09680345981462,0.5591174158206476,2.260846720006324,23.0,31.0
leaky,59.42793025159905,72.74003446584983,76.97016117656928,18.0,0.8,28.460378974788597,0.4,18.0,0.5,37.464641658100945,0.1,800,108,64,64,0.08,1.0,0.0,0.566993506208555,0.3411744425444268,0.7586272191073041,0.78125,0.78125,65.57446017089319,63.54539998501943,69.21124801591587,0.6233534809529854,1.8253151727783046,20.0,33.0
leaky,58.91702523921949,73.42977222739727,77.7778633862817,18.0,1.0,25.968510736001342,0.7000000000000001,6.0,1.0,8.656170245333781,0.08,800,117,64,64,0.08,1.0,0.0,0.49856621382201083,0.3620010845109901,0.6403473497183007,0.96875,0.96875,65.16835419780207,63.85844474599464,69.6032933259834,0.5959005141154663,1.9761063617980206,19.0,35.0
leaky,59.41082242732422,73.27701884597748,77.40140414727227,18.0,1.2000000000000002,24.429689898408977,0.7000000000000001,4.0,1.5,5.1071233892091445,0.05,800,107,64,64,0.08,1.0,0.0,0.3912603844451973,0.27774989585109283,0.5501571572853465,1.0,1.0,65.924207550852,63.54211381257001,68.34652926180607,0.5907380672588853,2.0081896438904634,15.5,38.0
leaky,58.582608136039596,73.21812908107137,77.43190512450879,18.0,1.2000000000000002,24.429689898408977,0.5,8.0,0.5,16.650951848044862,0.01,800,113,64,64,0.08,1.0,0.0,0.40288175108710333,0.2757711012610734,0.5848940413721726,1.0,1.0,66.43218930267255,63.665132225181,70.49684718861897,0.5692766764115189,2.1388269081128035,15.5,38.0
leaky,59.14276443531665,73.4571220742672,77.80254643064737,19.0,0.8,30.04151114005463,0.6000000000000001,10.0,1.0,14.426950408889635,0.09,800,113,64,64,0.08,1.0,0.0,0.5962971610122284,0.396352472296991,0.8251187364622871,0.59375,0.59375,65.23694983673919,63.73861225939815,69.3947682781423,0.6240038032591166,1.8035917187449753,21.0,32.0
leaky,58.989401491916084,72.7524685447587,76.94685432688149,19.0,1.0,27.411205776890306,0.7000000000000001,6.0,1.5,7.660685083813717,0.08,800,103,64,64,0.08,1.0,0.0,0.497972423026698,0.33463229379802945,0.6459722832978818,0.953125,0.953125,65.82546362248242,63.673237030001715,69.76554840408609,0.5982213943118421,1.9730420498225447,18.0,35.5
leaky,59.315589370212095,72.92422771953942,77.20585249252139,15.0,0.6,27.63008095057526,0.5,18.0,1.0,25.968510736001342,0.09,800,108,63,63,0.07875,1.0,0.0,0.5726770650595006,0.3732188854554485,0.8304452547986002,0.7301587301587301,0.7301587301587301,66.18780813298807,63.52415829624017,69.14947231096608,0.507257397653657,2.6001114863664743,22.0,32.0
leaky,60.506999276015776,73.44837665664633,77.46213881615571,15.0,0.8,23.7169824789905,0.4,22.0,0.5,45.79011758212337,0.08,800,107,63,63,0.07875,1.0,0.0,0.4639222838987729,0.3457003125686515,0.6657956722356643,0.9365079365079365,0.9365079365079365,65.66670824904753,63.81714070204781,70.14743462657418,0.5548423616878042,2.2915727596731412,18.0,35.0
leaky,58.837565978280765,73.20452311499342,77.60439203158194,17.0,1.0,24.525815695112378,0.6000000000000001,8.0,0.5,16.650951848044862,0.07,800,108,63,63,0.07875,1.0,0.0,0.4525231519710764,0.3176628432602446,0.5734807275878244,1.0,1.0,66.02340972346421,63.54241656353817,69.07849594038912,0.5838060092877498,2.0483233945906005,18.0,36.0
leaky,59.73413251833198,73.2732233395252,77.42033407746382,18.0,0.6,33.15609714069031,0.4,16.0,1.0,23.083120654223414,0.06,800,100,63,63,0.07875,1.0,0.0,0.6485020746789704,0.4476503692270669,0.9203078958054086,0.42857142857142855,0.42857142857142855,65.795829596793,63.571131187946186,69.59233637132331,0.5938052948088225,1.9597235819505263,23.0,31.0
leaky,58.644837107440246,72.34997283404289,76.64837205599358,18.0,0.6,33.15609714069031,0.5,16.0,1.0,23.083120654223414,0.1,800,107,63,63,0.07875,1.0,0.0,0.6405266834659803,0.4801776912824963,0.9961771740880262,0.4603174603174603,0.4603174603174603,65.70187995112352,63.881672332513325,68.50141666410906,0.5913756610428971,2.022630109730742,23.0,30.0
leaky,59.96601330149318,73.01650606361117,77.12192244617367,18.0,0.8,28.460378974788597,0.2,28.0,0.5,58.27833146815702,0.09,800,108,63,63,0.07875,1.0,0.0,0.5382835977644179,0.350288972885898,0.7176097158282315,0.7936507936507936,0.7936507936507936,66.01651752382749,63.65181041342335,71.40681280836479,0.6258484252532488,1.7845457953600932,19.0,34.0
leaky,60.30638582688215,73.34954500501098,77.46239831304604,18.0,0.8,28.460378974788597,0.4,14.0,0.5,29.13916573407851,0.08,800,109,63,63,0.07875,1.0,0.0,0.5723447460588602,0.40586800454850996,0.7588061167566926,0.746031746031746,0.746031746031746,66.07447073588797,63.62279488221916,70.01800474008863,0.6516587354817419,1.6679225415465222,20.0,34.0
leaky,58.8273400872645,72.6825452936749,76.86673316634693,18.0,1.0,25.968510736001342,0.30000000000000004,20.0,0.5,41.62737962011216,0.01,800,105,63,63,0.07875,1.0,0.0,0.48268694494538783,0.3118463094488711,0.6445083206814153,0.9523809523809523,0.9523809523809523,66.0046668468832,63.50562380685015,70.63955251430956,0.6128584237068789,1.8636223947080666,18.0,36.0
leaky,58.90042590263859,72.44241182111794,76.53009448877572,18.0,1.0,25.968510736001342,0.5,8.0,0.5,16.650951848044862,0.03,800,106,63,63,0.07875,1.0,0.0,0.4339436478188406,0.32150266249858345,0.5865646089408629,0.9841269841269841,0.9841269841269841,65.84683274089984,63.77711347319611,70.46722639744515,0.5810600595002521,2.0996707031212263,17.0,37.0
leaky,58.76150684952768,72.8645714177504,77.18456043333535,18.0,1.0,25.968510736001342,0.5,10.0,0.5,20.81368981005608,0.05,800,110,63,63,0.07875,1.0,0.0,0.45236010357221645,0.3037132845206505,0.6438784108815039,0.9523809523809523,0.9523809523809523,65.9255459844875,63.9614409526134,70.40471061260006,0.5748536378209065,2.132190279355357,18.0,37.0
leaky,58.64987729255361,73.22686433378415,77.28245865721883,18.0,1.4000000000000004,23.386681675601867,0.7000000000000001,4.0,1.5,5.1071233892091445,0.03,800,93,63,63,0.07875,1.0,0.0,0.33818914053810967,0.22377093923836058,0.4433367447893663,1.0,1.0,66.24781614371722,63.653941280407736,70.59642623487018,0.5540452586290828,2.2459440180083083,14.0,40.0
leaky,59.15795255984153,73.48050486620431,77.9950644136529,19.0,0.6,34.998102537395326,0.30000000000000004,20.0,1.0,28.85390081777927,0.07,800,94,63,63,0.07875,1.0,0.0,0.71455361472248,0.49188916761109236,0.9425470740272189,0.31746031746031744,0.31746031746031744,65.17048295009852,63.348506455833075,68.4848463387935,0.6124513061488955,1.8597487013245648,23.0,30.0
leaky,58.68024009112425,73.28470896784148,77.96538949044995,19.0,0.6,34.998102537395326,0.30000000000000004,22.0,1.0,31.739290899557197,0.1,800,107,63,63,0.07875,1.0,0.0,0.721991704036413,0.49558077052001653,0.9743972760759302,0.2698412698412698,0.2698412698412698,65.99620773598787,63.84035017893534,67.97684214870579,0.6115796782166644,1.8545653143476926,24.0,30.0
leaky,59.909350004097725,72.85333572614442,76.93312964204569,19.0,0.8,30.04151114005463,0.2,24.0,0.5,49.95285554413459,0.07,800,125,63,63,0.07875,1.0,0.0,0.569009627698509,0.43122308337130183,0.7953975342938207,0.6507936507936508,0.6507936507936508,65.62227247502774,63.62170228549862,68.73050377628296,0.6468924235651078,1.6628046173145192,21.0,33.0
leaky,59.34087846030954,72.75742049875922,76.83851335496794,19.0,1.0,27.411205776890306,0.5,6.0,0.5,12.488213886033648,0.03,800,125,63,63,0.07875,1.0,0.0,0.49499919447212015,0.3619671678805608,0.6581200801101095,0.9523809523809523,0.9523809523809523,66.03494363634807,63.90735760152731,70.46774990838756,0.6323527391828541,1.7787684454700732,18.0,36.0
leaky,58.828638154917954,73.38578260340589,77.64457425597153,19.0,1.2000000000000002,25.78689489276503,0.5,6.0,0.5,12.488213886033648,0.01,800,114,63,63,0.07875,1.0,0.0,0.41896741976313995,0.29477092696617824,0.5777254693424136,1.0,1.0,65.1677150736173,63.43103063640841,69.88079398827095,0.6191202310789562,1.803676981360441,16.0,38.0
leaky,59.26128224975178,72.65200516421672,76.96837799031704,20.0,1.0,28.85390081777927,0.7000000000000001,4.0,1.5,5.1071233892091445,0.09,800,124,63,63,0.07875,1.0,0.0,0.5135367403934641,0.36596828467557385,0.697051194321831,0.8571428571428571,0.8571428571428571,65.177947818153,63.703843056814144,70.02709680967824,0.6926781753763238,1.3996476259660169,19.0,35.0
leaky,59.05346386158011,72.65209959815425,76.96838928998935,20.0,1.0,28.85390081777927,0.7000000000000001,6.0,2.0,7.206734452718699,0.09,800,124,63,63,0.07875,1.0,0.0,0.5094573761439959,0.3084536594930606,0.6687013681547004,0.9206349206349206,0.9206349206349206,66.1879687649062,63.649055522724005,70.3179799561641,0.6578209742041363,1.606946270283404,19.0,35.0
leaky,60.2469542376412,73.4354446231874,77.55029200031818,15.0,0.8,23.7169824789905,0.4,26.0,0.5,54.11559350614581,0.1,800,106,62,62,0.0775,1.0,0.0,0.4422786163555572,0.3463127289366503,0.6160496217500808,1.0,1.0,65.06905137863282,63.57104079047827,69.24040911589444,0.5155669794772468,2.5329202586464548,17.5,36.0
leaky,59.76788186326807,73.4172869359581,77.6280591730167,16.0,0.6,29.47208634728028,0.30000000000000004,20.0,1.0,28.85390081777927,0.02,800,99,62,62,0.0775,1.0,0.0,0.6040791741632527,0.46108465256704034,0.9247876612259898,0.6451612903225806,0.6451612903225806,65.66136601582802,63.92699175034166,68.76242098196207,0.5647624024153657,2.2154179502728892,22.0,32.0
leaky,59.06462370099859,72.95358213989266,77.3268628673473,16.0,0.6,29.47208634728028,0.30000000000000004,22.0,1.0,31.739290899557197,0.04,800,111,62,62,0.0775,1.0,0.0,0.6294773489751413,0.46346747484529777,0.8393399413155032,0.532258064516129,0.532258064516129,65.2539733978727,63.55824783540884,69.57663336989273,0.592263868904215,1.9966841945113454,23.0,31.0
leaky,58.59342344674932,73.02427747052616,77.70457848208852,16.0,0.6,29.47208634728028,0.30000000000000004,26.0,1.0,37.51007106311305,0.1,800,121,62,62,0.0775,1.0,0.0,0.600371842600254,0.4338780996302699,0.8544679624364204,0.5806451612903226,0.5806451612903226,65.35300375939647,63.60309991337671,68.65403032325267,0.5232930498821289,2.4945713225591954,21.5,31.5
leaky,60.49607859962898,73.4624736372267,77.51481730165472,16.0,0.8,25.29811464425653,0.5,12.0,0.5,24.976427772067296,0.08,800,103,62,62,0.0775,1.0,0.0,0.49892871658903915,0.37283466774623947,0.6933219666213939,0.8709677419354839,0.8709677419354839,65.3857506516025,63.8025348920742,68.07134483406816,0.5831814106251803,2.0997991145472668,19.0,35.0
leaky,58.82271046628786,72.75748084638425,76.91433940495664,16.0,0.8,25.29811464425653,0.6000000000000001,12.0,1.0,17.312340490667562,0.06,800,105,62,62,0.0775,1.0,0.0,0.46915643576057964,0.3687158548383124,0.6899439175227394,0.967741935483871,0.967741935483871,65.94773377517066,63.54090508251526,69.61696809626372,0.5145281805289983,2.527435285585897,18.5,35.0
leaky,59.38441197620556,72.53021360315103,76.66780260413688,16.0,0.8,25.29811464425653,0.5,16.0,0.5,33.301903696089724,0.09,800,111,62,62,0.0775,1.0,0.0,0.4775810792971302,0.34132737652830103,0.7094766358252138,0.9032258064516129,0.9032258064516129,65.96340384444066,63.76217986065024,70.43799063515246,0.5316039683796868,2.424563497435528,18.5,35.0
leaky,58.88479245506964,72.97356901997523,77.44501664810124,17.0,0.6,31.314091743985294,0.4,20.0,1.0,28.85390081777927,0.09,800,116,62,62,0.0775,1.0,0.0,0.6748645444689068,0.4818196153849291,0.9433796800966553,0.4032258064516129,0.4032258064516129,65.85747863798122,63.90441878481218,69.97181998150046,0.578565338995279,2.079004028692223,23.0,31.0
leaky,60.24056938730892,73.15189092878038,77.18658761973255,17.0,0.8,26.879246809522563,0.30000000000000004,22.0,0.5,45.79011758212337,0.07,800,97,62,62,0.0775,1.0,0.0,0.521967109052974,0.3748296084975695,0.6628084065499062,0.9032258064516129,0.9032258064516129,65.9751504819198,63.703042194244375,69.86466168751058,0.5929817445020331,2.024710413000518,19.0,35.0
leaky,59.379564818426076,73.48315079460944,77.72976873114223,17.0,1.0,24.525815695112378,0.30000000000000004,24.0,0.5,49.95285554413459,0.03,800,102,62,62,0.0775,1.0,0.0,0.4431410794540098,0.2891607993065121,0.5765103298777134,1.0,1.0,65.28494954028861,63.501772056132154,67.72339630057735,0.5548033288011811,2.2751674843455456,17.0,36.5
leaky,59.1295709388645,73.35017499159478,77.65141698412744,17.0,1.0,24.525815695112378,0.30000000000000004,26.0,0.5,54.11559350614581,0.04,800,124,62,62,0.0775,1.0,0.0,0.4381700523885165,0.3037656287530001,0.6391456166559956,0.967741935483871,0.967741935483871,66.24810175469656,63.65093518311774,70.71749613705619,0.5458624673851569,2.317231174149523,17.0,37.0
leaky,58.767746187418346,73.23103320477466,77.84867312564826,18.0,0.6,33.15609714069031,0.2,24.0,1.0,34.624680981335125,0.04,800,97,62,62,0.0775,1.0,0.0,0.6661170905906366,0.4589629508111649,0.9538773022289021,0.41935483870967744,0.41935483870967744,65.39100891094293,63.89076338448883,68.31915736841847,0.5848406633123088,2.0329856223923195,23.0,31.0
leaky,59.408680208273076,72.430583479913,76.54724975113007,18.0,0.8,28.460378974788597,0.4,16.0,0.5,33.301903696089724,0.08,800,100,62,62,0.0775,1.0,0.0,0.5581549973784479,0.3579438083696018,0.7033176199174547,0.8225806451612904,0.8225806451612904,66.28423396275915,63.706704466821556,71.04184775646172,0.624822870474766,1.781723579066309,20.0,34.0
leaky,59.27155044474539,72.98018242448808,77.09191731905463,18.0,1.0,25.968510736001342,0.30000000000000004,18.0,0.5,37.464641658100945,0.0,800,115,62,62,0.0775,1.0,0.0,0.45961032405202007,0.3023380511876965,0.676727033995954,0.967741935483871,0.967741935483871,65.45420034096571,63.71780928536082,69.2961717767564,0.618603732142121,1.88688723318658,18.0,36.0
leaky,59.843867873906355,72.98554304573831,77.14489685555694,19.0,0.8,30.04151114005463,0.2,26.0,0.5,54.11559350614581,0.1,800,122,62,62,0.0775,1.0,0.0,0.5999337188382117,0.41824473530353,0.8050124976729329,0.6451612903225806,0.6451612903225806,66.0283452442878,63.60221908325458,70.06530415294301,0.6815361691792985,1.467002809046237,21.0,33.0
leaky,58.95289617043793,72.66898714907632,76.90560634435033,19.0,1.0,27.411205776890306,0.7000000000000001,4.0,1.0,5.7707801635558535,0.08,800,108,62,62,0.0775,1.0,0.0,0.4647800180656871,0.3777542669424854,0.6338268004195599,0.9838709677419355,0.9838709677419355,66.04135237038238,63.62653448160453,69.74049258556445,0.6391134420533541,1.6831225567675614,18.0,36.0
leaky,59.426995532178985,73.497943820619,77.88010654932656,19.0,1.0,27.411205776890306,0.6000000000000001,4.0,0.5,8.325475924022431,0.07,800,111,62,62,0.0775,1.0,0.0,0.5050868216861288,0.3621857848210524,0.6973102737448171,0.9193548387096774,0.9193548387096774,65.16718615616482,63.55248491091877,68.60142213738294,0.6605307043144846,1.5791046775518747,18.0,36.0
leaky,58.618098629539844,73.05924147205107,77.41213832108267,19.0,1.2000000000000002,25.78689489276503,0.7000000000000001,6.0,2.0,7.206734452718699,0.06,800,112,62,62,0.0775,1.0,0.0,0.41366286157401255,0.26776754304551464,0.5522783184497224,1.0,1.0,66.01085038145919,63.77151036620868,69.45190730793415,0.6031917329845968,1.9722111748644227,16.0,37.0
leaky,58.73558235292189,72.46961129743705,76.69563016934615,20.0,0.6,36.840107934100345,0.30000000000000004,18.0,1.0,25.968510736001342,0.03,800,103,62,62,0.0775,1.0,0.0,0.7214221540744008,0.5025320863527352,0.9715644432779974,0.2903225806451613,0.2903225806451613,66.32061214863867,63.708499400496876,69.01574743493933,0.6621044928427442,1.5955082838237211,24.0,30.0
leaky,58.8708790797977,72.64690998882523,76.98994497525183,16.0,0.6,29.47208634728028,0.4,20.0,1.0,28.85390081777927,0.07,800,108,61,61,0.07625,1.0,0.0,0.5836316505012494,0.39756021770094907,0.8583414570679123,0.6885245901639344,0.6885245901639344,66.09453048882921,63.324666705437025,69.38291576826308,0.5354007739039508,2.3398786798742774,21.0,32.0
leaky,58.896201266689985,73.0892487778883,77.63789056358353,16.0,0.6,29.47208634728028,0.4,22.0,1.0,31.739290899557197,0.1,800,113,61,61,0.07625,1.0,0.0,0.6092558046266318,0.38334841989217205,0.8220171298679076,0.6721311475409836,0.6721311475409836,65.22384219171973,63.57987729736921,68.24799213514817,0.556665253140944,2.269387977195906,22.0,32.0
leaky,59.38374128430092,73.05717009224574,77.07954217059978,16.0,1.0,23.083120654223414,0.30000000000000004,26.0,0.5,54.11559350614581,0.01,800,107,61,61,0.07625,1.0,0.0,0.39415550054688336,0.29143500294886604,0.5754618730319042,1.0,1.0,66.54585355754094,64.48705661469776,69.77766251099737,0.5229145725743316,2.5048516356745996,16.0,38.0
leaky,59.69123529170173,73.49561003097372,77.59340410566536,16.0,1.0,23.083120654223414,0.5,12.0,0.5,24.976427772067296,0.04,800,100,61,61,0.07625,1.0,0.0,0.4129554793169991,0.28163583462835967,0.6024368283815388,1.0,1.0,65.48163061373472,63.72667124581372,69.73634434990606,0.5461961411745646,2.3052085992941214,16.0,37.0
leaky,60.40500074112549,73.4485563126803,77.54178690671814,17.0,0.8,26.879246809522563,0.4,16.0,0.5,33.301903696089724,0.08,800,102,61,61,0.07625,1.0,0.0,0.537890600006879,0.3707326212536021,0.7544100712565763,0.8688524590163934,0.8688524590163934,65.69220615996173,63.640083694405085,70.16478989250695,0.6011473226853864,1.9501085088906822,19.0,35.0
leaky,59.113604709359834,72.38027779884915,76.5793543501798,17.0,0.8,26.879246809522563,0.4,22.0,0.5,45.79011758212337,0.1,800,98,61,61,0.07625,1.0,0.0,0.4899338143828268,0.3804037957540001,0.7417504036306491,0.8688524590163934,0.8688524590163934,65.38132332736012,63.402702955283935,69.14768636752287,0.5784225258865011,2.095823526355826,19.0,35.0
leaky,59.010448827660746,73.10225946985739,77.35855420215431,17.0,1.0,24.525815695112378,0.4,18.0,0.5,37.464641658100945,0.04,800,104,61,61,0.07625,1.0,0.0,0.42849788306217207,0.32132725623573805,0.5531619767166851,1.0,1.0,65.66771174195402,63.44164537035848,68.73037981163382,0.5308430819847664,2.386939122212019,17.0,37.0
leaky,59.34061806875195,73.24900688118959,77.42227212205037,17.0,1.0,24.525815695112378,0.4,16.0,0.5,33.301903696089724,0.03,800,104,61,61,0.07625,1.0,0.0,0.4395077708497344,0.2947119041566735,0.5844037312229763,1.0,1.0,65.69280982298363,63.611657596710174,69.99653413211526,0.5604703217280846,2.1898319121931107,18.0,37.0
leaky,59.41238346823483,72.87091575856334,76.95873098633855,18.0,0.6,33.15609714069031,0.30000000000000004,18.0,1.0,25.968510736001342,0.01,800,100,61,61,0.07625,1.0,0.0,0.6502773688155475,0.4211582362463543,0.8733707452123856,0.45901639344262296,0.45901639344262296,66.46451011387764,63.90787403462868,70.18271388495242,0.5687928901139567,2.146343785926224,22.0,31.0
leaky,59.22526994320393,73.30014141198403,77.70805258631205,18.0,0.6,33.15609714069031,0.30000000000000004,20.0,1.0,28.85390081777927,0.05,800,103,61,61,0.07625,1.0,0.0,0.6986770700108389,0.5152341241594692,0.9014374645039896,0.3114754098360656,0.3114754098360656,65.2405425215629,63.53033171641832,67.63490427496171,0.6070693748881398,1.8837021960950906,23.0,31.0
leaky,59.090360351472924,73.20875022721182,77.49503156783209,18.0,1.0,25.968510736001342,0.2,28.0,0.5,58.27833146815702,0.01,800,104,61,61,0.07625,1.0,0.0,0.47304767799644937,0.32687143604961344,0.6370432556870794,0.9672131147540983,0.9672131147540983,65.77135096728352,63.92816470417317,69.04958649992345,0.572331893998735,2.1296793959139455,18.0,36.0
leaky,58.831504878960516,73.2572700781304,77.68780162573498,18.0,1.0,25.968510736001342,0.30000000000000004,24.0,0.5,49.95285554413459,0.05,800,102,61,61,0.07625,1.0,0.0,0.46765027702920664,0.3424346115805122,0.6511864313571071,0.9672131147540983,0.9672131147540983,65.54927079124519,63.705459514828306,69.0277183632567,0.5617402629150668,2.1922451698470184,18.0,36.0
leaky,59.466960495058686,73.27373432482449,77.46550108249616,18.0,1.0,25.968510736001342,0.5,8.0,0.5,16.650951848044862,0.04,800,102,61,61,0.07625,1.0,0.0,0.4695961233738165,0.3283146276365602,0.6690190061294934,0.9672131147540983,0.9672131147540983,66.23951620522831,63.92849714626131,69.90025003097384,0.6066435549119493,1.941728095929534,18.0,36.0
leaky,58.765934664866066,73.25388183187624,77.39746317267236,18.0,1.2000000000000002,24.429689898408977,0.7000000000000001,6.0,1.5,7.660685083813717,0.05,800,94,61,61,0.07625,1.0,0.0,0.38605677423608137,0.2772945108224746,0.5457594827776119,1.0,1.0,64.93869160173031,63.488547917970166,71.63667567413785,0.557267450416999,2.250144256919575,16.0,38.0
leaky,58.765242534391035,73.1055149582044,77.5487957552578,19.0,1.0,27.411205776890306,0.4,14.0,0.5,29.13916573407851,0.05,800,109,61,61,0.07625,1.0,0.0,0.5143838483021058,0.36868748833267845,0.7475732559784025,0.8688524590163934,0.8688524590163934,65.57031772237332,63.56123135083495,69.37524152046112,0.652513065438232,1.615371666881719,19.0,35.0
leaky,59.92069138411986,73.2385096541783,77.42518453283382,15.0,0.8,23.7169824789905,0.6000000000000001,12.0,0.5,24.976427772067296,0.1,800,113,60,60,0.075,1.0,0.0,0.46046275578529394,0.3334578714044242,0.6522861408643228,0.9666666666666667,0.9666666666666667,65.32558771025538,63.40985277976299,68.86348314650772,0.5250065460534735,2.4665328448808745,17.5,36.0
leaky,58.883144798880735,73.02793145964017,77.27002772372865,16.0,1.0,23.083120654223414,0.4,24.0,0.5,49.95285554413459,0.05,800,127,60,60,0.075,1.0,0.0,0.38604350647581964,0.3104558521229609,0.5241280482709323,1.0,1.0,65.6911191213762,63.52064311871724,69.09319329674554,0.48623369350767437,2.710371607150181,16.0,38.0
leaky,58.833495676089186,73.46938222022101,78.19326714928152,17.0,0.6,31.314091743985294,0.1,28.0,1.0,40.39546114489098,0.0,800,100,60,60,0.075,1.0,0.0,0.6221652751797169,0.48769369552595776,0.8954917981181192,0.5333333333333333,0.5333333333333333,65.10047102216829,63.35372200491277,68.37152756091838,0.5284351453303733,2.462019442349403,22.0,31.0
leaky,58.58606288234424,72.62028953543582,77.05042362762522,17.0,0.6,31.314091743985294,0.2,24.0,1.0,34.624680981335125,0.0,800,99,60,60,0.075,1.0,0.0,0.6800835379484469,0.4073768083684992,0.9021484198484964,0.4666666666666667,0.4666666666666667,65.63600099765924,63.51036265210304,69.68553353647764,0.575020251256867,2.113320345669873,23.0,31.0
leaky,58.68607781219517,73.21555102894251,77.90237282317514,17.0,0.6,31.314091743985294,0.2,26.0,1.0,37.51007106311305,0.06,800,111,60,60,0.075,1.0,0.0,0.6059954475616128,0.47040780634861434,0.8701989015921218,0.5333333333333333,0.5333333333333333,65.13886305531739,63.48126755797823,68.33751861280044,0.5365610762230542,2.3546827447651344,22.0,32.0
leaky,59.308892116673256,73.1020922406936,77.38573097431025,17.0,0.6,31.314091743985294,0.30000000000000004,20.0,1.0,28.85390081777927,0.03,800,101,60,60,0.075,1.0,0.0,0.6177305761392669,0.4657548651986631,0.8778351976413956,0.6,0.6,66.0426415467763,64.03792761082447,70.26639160056476,0.5883263715499143,2.03290095053799,22.0,32.0
leaky,58.59047931337552,72.6072086786158,77.0450796078914,17.0,0.6,31.314091743985294,0.30000000000000004,22.0,1.0,31.739290899557197,0.05,800,97,60,60,0.075,1.0,0.0,0.6368224289423068,0.475012773634103,0.9527843318802508,0.48333333333333334,0.48333333333333334,65.64698870611628,63.74492642697479,68.62456813275098,0.5507457025390866,2.269390772816826,23.0,31.0
leaky,60.46790730757006,73.41702201628654,77.483776790356,17.0,0.8,26.879246809522563,0.5,10.0,0.5,20.81368981005608,0.08,800,99,60,60,0.075,1.0,0.0,0.555454197389496,0.36732096233493866,0.7894840522578609,0.8,0.8,65.7640842025919,63.85845034243561,68.28983672044401,0.6049790769934623,1.9494806381113152,19.5,34.0
leaky,59.17144384550859,73.01323123561897,77.23827369023175,17.0,0.8,26.879246809522563,0.7000000000000001,8.0,1.0,11.541560327111707,0.1,800,92,60,60,0.075,1.0,0.0,0.5265863670701995,0.35250692138630907,0.7415621142492953,0.8666666666666667,0.8666666666666667,66.82685938356391,63.977805986304226,70.09152066309007,0.5373107303361664,2.3739184393624244,20.0,34.5
leaky,58.557221153724655,72.43720146689213,76.61022892717799,17.0,1.0,24.525815695112378,0.4,18.0,0.5,37.464641658100945,0.03,800,101,60,60,0.075,1.0,0.0,0.429910395714842,0.3192911720519148,0.6170209603917414,1.0,1.0,65.11958133124871,64.03955277105945,68.39277546818671,0.5524569469830782,2.3137806965092773,17.0,37.0
leaky,58.94815620278539,73.04992537951702,77.32365064790284,17.0,1.0,24.525815695112378,0.5,12.0,0.5,24.976427772067296,0.05,800,107,60,60,0.075,1.0,0.0,0.4207937978630756,0.3034568557309752,0.5979528570181051,1.0,1.0,65.63236632964072,63.520985982137844,68.91632845994883,0.5189372382925648,2.495777833369941,16.5,37.0
leaky,58.546346891099354,73.38265043535037,78.20199062727097,18.0,0.6,33.15609714069031,0.1,28.0,1.0,40.39546114489098,0.04,800,101,60,60,0.075,1.0,0.0,0.7080890624588081,0.4805354557084399,1.0363331038708097,0.3,0.3,64.70990638070683,63.36839079930068,67.97622402450783,0.6074927045552356,1.91098622119872,23.5,30.0
leaky,60.16447147108941,73.29248774604812,77.42528861262207,18.0,0.8,28.460378974788597,0.2,28.0,0.5,58.27833146815702,0.1,800,92,60,60,0.075,1.0,0.0,0.5766090882474073,0.37144959212842327,0.7582012136926051,0.7833333333333333,0.7833333333333333,65.9379366184369,63.58555612391721,69.5547350713897,0.6853413421425336,1.4587445060904733,20.0,34.0
leaky,59.55532267185646,72.5743198699229,76.67993509617261,18.0,0.8,28.460378974788597,0.30000000000000004,22.0,0.5,45.79011758212337,0.08,800,105,60,60,0.075,1.0,0.0,0.5530895473118199,0.39528711194173133,0.7285126108966967,0.8,0.8,65.61822058206519,64.06212623022014,69.91539314213041,0.6477612124447306,1.6889364040187964,20.0,34.0
leaky,60.27667511882454,73.33606852392737,77.44716946331758,18.0,0.8,28.460378974788597,0.30000000000000004,20.0,0.5,41.62737962011216,0.08,800,113,60,60,0.075,1.0,0.0,0.5428836707420714,0.4028733428286992,0.7637814678523653,0.7666666666666667,0.7666666666666667,66.17634356815739,63.89365757268434,69.69136702327964,0.6276206741779242,1.7482665437406784,20.0,34.0
leaky,58.514794137047204,72.55758887804434,76.96662149079822,19.0,0.6,34.998102537395326,0.30000000000000004,20.0,1.0,28.85390081777927,0.05,800,112,60,60,0.075,1.0,0.0,0.6647143857238492,0.43652894922653807,0.9420011127498836,0.38333333333333336,0.38333333333333336,65.24657128633345,63.6085443166,70.59338271495838,0.5988602908247653,1.9685017618529541,23.0,32.0
leaky,60.22331223023732,73.02828758249895,77.04560309034477,19.0,0.8,30.04151114005463,0.2,22.0,0.5,45.79011758212337,0.05,800,110,60,60,0.075,1.0,0.0,0.5894291047925995,0.3950089935442937,0.7897009212701113,0.7,0.7,66.26325147494765,63.787099794057475,70.03558209817253,0.6747593422032512,1.5038056275292138,20.0,33.0
leaky,58.58222394942398,73.00800149581444,77.56981936314304,20.0,0.6,36.840107934100345,0.2,22.0,1.0,31.739290899557197,0.03,800,101,60,60,0.075,1.0,0.0,0.7309286873466094,0.49991379613589676,1.0653463339745206,0.25,0.25,65.6809712971654,63.5897842736275,69.48605686077553,0.6435253131308091,1.6716269273308615,25.0,30.0
leaky,59.80978062557693,72.76308541574876,76.76754601957109,14.0,0.6,25.788075553870243,0.6000000000000001,14.0,1.0,20.19773057244549,0.09,800,95,59,59,0.07375,1.0,0.0,0.5248888994182815,0.37917288675570787,0.7386879817619805,0.8135593220338984,0.8135593220338984,65.14523767410171,63.58022353969239,69.84002601552652,0.48624895916243493,2.707046962325802,20.0,34.0
leaky,60.06720658302127,73.44240807128095,77.57956382337213,15.0,0.6,27.63008095057526,0.5,16.0,1.0,23.083120654223414,0.08,800,93,59,59,0.07375,1.0,0.0,0.605389646391888,0.45049543632282346,0.834815782909085,0.5932203389830508,0.5932203389830508,65.64616217417272,63.76993737929509,70.61261552688418,0.5401907107193157,2.369379306261099,22.0,32.0
leaky,59.39264521609969,73.45012590485932,77.8740870848948,16.0,0.6,29.47208634728028,0.2,24.0,1.0,34.624680981335125,0.0,800,116,59,59,0.07375,1.0,0.0,0.6120433673512703,0.4749047375392586,0.8189989766725745,0.576271186440678,0.576271186440678,66.03250715431359,63.39181659674713,69.72465682358661,0.529870751759471,2.387534749126736,22.0,32.0
leaky,59.41242321884688,72.88626104795753,77.02587645349914,16.0,0.6,29.47208634728028,0.30000000000000004,20.0,1.0,28.85390081777927,0.01,800,103,59,59,0.07375,1.0,0.0,0.5921610042264748,0.449856098348537,0.8475718382845673,0.6779661016949152,0.6779661016949152,65.74550525350102,63.447921370305174,70.1742088673306,0.5229398783621977,2.538453478267841,22.0,32.0
leaky,58.94861982948931,72.73421979660452,77.09384886518805,16.0,0.6,29.47208634728028,0.5,18.0,1.0,25.968510736001342,0.1,800,106,59,59,0.07375,1.0,0.0,0.5588822446465035,0.4165972843773098,0.8357819992588456,0.6440677966101694,0.6440677966101694,66.03892891672436,63.62208521371905,69.23376911981205,0.5140325720033612,2.5510723524692276,21.0,32.0
leaky,59.20025464129769,73.00765064499622,77.09273812280901,16.0,1.0,23.083120654223414,0.30000000000000004,28.0,0.5,58.27833146815702,0.02,800,105,59,59,0.07375,1.0,0.0,0.3946202104852873,0.2901130376900329,0.5993853970209344,0.9830508474576272,0.9830508474576272,65.51212442854879,63.60866489792861,70.9735940300319,0.5191008804244017,2.4937591296791615,16.0,38.0
leaky,58.99694508503943,72.97598613512385,77.14609734096206,16.0,1.0,23.083120654223414,0.4,22.0,0.5,45.79011758212337,0.04,800,119,59,59,0.07375,1.0,0.0,0.3979960688102453,0.300098901210391,0.5314917165186657,0.9830508474576272,0.9830508474576272,65.69219451544217,63.5780138165557,69.00678214402011,0.5067023027184105,2.6788382766823826,16.0,38.0
leaky,58.80284166839382,73.08171135780313,77.33755175733354,17.0,0.8,26.879246809522563,0.5,14.0,1.0,20.19773057244549,0.04,800,107,59,59,0.07375,1.0,0.0,0.5346903027065785,0.31888171530746284,0.7938156495189814,0.864406779661017,0.864406779661017,66.38834014022103,63.93793238248677,70.48471074470602,0.5426746317172181,2.3087618222584965,20.0,34.0
leaky,58.962881998188486,72.58096846827503,76.62077393286734,17.0,1.0,24.525815695112378,0.30000000000000004,22.0,0.5,45.79011758212337,0.0,800,104,59,59,0.07375,1.0,0.0,0.4317590895038439,0.3023398831295383,0.5940800035650593,1.0,1.0,66.49211629735422,63.383567150362126,71.6304902623803,0.5387936408100228,2.3602866617769838,17.0,37.0
leaky,58.87716128587111,72.56281798231092,76.64715844396619,17.0,1.0,24.525815695112378,0.4,16.0,0.5,33.301903696089724,0.02,800,102,59,59,0.07375,1.0,0.0,0.434829706030002,0.2872535222775459,0.6160580969014064,1.0,1.0,66.05142572249352,63.74776970272575,70.70914997483766,0.5692940044619266,2.183162732298679,17.0,37.0
leaky,58.619312827975094,72.95290380965855,77.32600938093994,17.0,1.0,24.525815695112378,0.5,14.0,0.5,29.13916573407851,0.06,800,104,59,59,0.07375,1.0,0.0,0.43074029917299694,0.29675577967183037,0.6214632280582931,1.0,1.0,65.65957592983227,63.64909013561921,69.09318944414748,0.5622868601370599,2.2006802237572782,17.0,37.0
leaky,59.572163849692814,72.9716280359547,77.0948731559099,18.0,0.6,33.15609714069031,0.5,14.0,1.0,20.19773057244549,0.09,800,89,59,59,0.07375,1.0,0.0,0.6957861535117812,0.44460901706427364,0.9110500882099687,0.3389830508474576,0.3389830508474576,66.13556967720167,63.70011974233682,70.42428303437244,0.6251964168137509,1.8107739994570708,23.0,31.0
leaky,58.88882200792694,73.17958615830563,77.59752856480247,18.0,1.0,25.968510736001342,0.6000000000000001,6.0,0.5,12.488213886033648,0.07,800,105,59,59,0.07375,1.0,0.0,0.45419292565397873,0.2984470274096371,0.6310250136395298,0.9830508474576272,0.9830508474576272,65.33588936045562,63.46998323939044,68.22465610369669,0.5695936217035477,2.1769016244776624,18.0,36.0
leaky,58.790045462504644,73.22719944636611,77.28247250125392,18.0,1.4000000000000004,23.386681675601867,0.7000000000000001,4.0,2.0,4.804489635145799,0.03,800,101,59,59,0.07375,1.0,0.0,0.31927910676554255,0.2412317041190091,0.4653046752116452,1.0,1.0,66.5365713313517,63.62053765917589,69.96993046856008,0.5395191566814349,2.3779388801313486,13.0,40.0
leaky,58.54055014700218,72.64999907822423,77.07011766012332,19.0,0.6,34.998102537395326,0.2,22.0,1.0,31.739290899557197,0.0,800,102,59,59,0.07375,1.0,0.0,0.671490980773849,0.49966746218425717,0.9193142870510638,0.3389830508474576,0.3389830508474576,65.59901947085173,63.74077231293634,68.23358738721096,0.6067887126120866,1.9731601435001913,23.0,31.0
leaky,59.357833467526675,72.91902970810736,77.11185747651706,19.0,0.6,34.998102537395326,0.5,14.0,1.0,20.19773057244549,0.1,800,112,59,59,0.07375,1.0,0.0,0.6789685385605847,0.504989790578717,0.8671783201729488,0.3220338983050847,0.3220338983050847,66.01154229041697,63.66376708423225,68.06969888266386,0.5996550127410734,1.960290086387158,24.0,30.0
leaky,59.69733712505745,72.55047979570554,76.59631202209994,19.0,0.8,30.04151114005463,0.2,24.0,0.5,49.95285554413459,0.06,800,109,59,59,0.07375,1.0,0.0,0.5550389769109745,0.40250018439622265,0.7341488213187013,0.7966101694915254,0.7966101694915254,66.66041376774504,64.24518537605296,72.16750415089066,0.6281247234597092,1.7578074438796627,20.0,34.0
leaky,59.22076682209615,72.44483708664586,76.65263157027452,19.0,0.8,30.04151114005463,0.30000000000000004,22.0,0.5,45.79011758212337,0.1,800,106,59,59,0.07375,1.0,0.0,0.5925672350950466,0.44789525284592435,0.834816332287024,0.6779661016949152,0.6779661016949152,66.2393224732472,63.769857359500364,69.35140918134321,0.6529244716414622,1.6454634600547544,20.0,33.0
leaky,60.30172586922835,73.35517481491883,77.50507231508823,19.0,0.8,30.04151114005463,0.5,8.0,0.5,16.650951848044862,0.09,800,116,59,59,0.07375,1.0,0.0,0.5918109415771713,0.4649948330657564,0.7451500138647008,0.6440677966101694,0.6440677966101694,66.03828148074118,63.685481798897776,69.83762713346997,0.6781075812597844,1.4863592626329643,20.0,33.0
leaky,59.216776027093616,72.68264619509719,76.75074333917941,19.0,1.0,27.411205776890306,0.4,10.0,0.5,20.81368981005608,0.01,800,111,59,59,0.07375,1.0,0.0,0.4777668859844603,0.3737883145705165,0.662457785100162,0.9322033898305084,0.9322033898305084,65.98649016298587,64.3404524751282,71.37525372813019,0.665421063264107,1.5899063141601775,17.0,36.0
leaky,59.40794105450633,73.45186770780764,77.79875432339207,20.0,0.6,36.840107934100345,0.30000000000000004,18.0,1.0,25.968510736001342,0.05,800,102,59,59,0.07375,1.0,0.0,0.7508038199732424,0.5370548782682882,0.9846416304152847,0.22033898305084745,0.22033898305084745,65.98893436348918,63.598433322075266,69.79292675669736,0.6487442237683445,1.6897274466667043,24.0,30.0
leaky,59.06014524640957,72.28100362552104,76.50568459139846,20.0,0.8,31.62264330532066,0.30000000000000004,20.0,0.5,41.62737962011216,0.1,800,114,59,59,0.07375,1.0,0.0,0.6199309389430873,0.4120934253959638,0.7917796078046639,0.5932203389830508,0.5932203389830508,65.67274261002322,63.710893662252474,71.47955447653206,0.6581076707944995,1.6051756088517235,21.0,33.0
leaky,59.01685065920947,72.95509652573436,77.38997539731628,15.0,0.6,27.63008095057526,0.30000000000000004,24.0,1.0,34.624680981335125,0.05,800,115,58,58,0.0725,1.0,0.0,0.5810821048967854,0.4348513021061742,0.7644571458454481,0.6896551724137931,0.6896551724137931,65.28324583755096,63.71478525665591,69.07379387250128,0.5108908613754195,2.5280149259631557,21.0,32.0
leaky,58.766392410556186,72.96789396973475,77.54831775304655,15.0,0.6,27.63008095057526,0.2,28.0,1.0,40.39546114489098,0.04,800,114,58,58,0.0725,1.0,0.0,0.5720467105396337,0.41024491926439555,0.7500262242282957,0.7068965517241379,0.7068965517241379,65.34667329458121,63.66457862413096,68.76148312552567,0.5059002115859323,2.600670228010749,21.0,33.0
leaky,59.269622520255055,72.51667585286386,76.67575956965273,15.0,0.8,23.7169824789905,0.5,22.0,0.5,45.79011758212337,0.1,800,107,58,58,0.0725,1.0,0.0,0.4330206960218308,0.3288551830886133,0.6667872903780163,0.9482758620689655,0.9482758620689655,65.39185631177072,63.383744361310676,68.66053768047858,0.5150951215147253,2.5738721568561655,18.0,36.0
leaky,59.39090670331413,73.00246873304793,77.00800236987908,16.0,1.0,23.083120654223414,0.4,18.0,0.5,37.464641658100945,0.02,800,109,58,58,0.0725,1.0,0.0,0.3783422715046177,0.2926859152281099,0.555467972920495,1.0,1.0,67.26732236325581,64.16091740569816,72.54037261231878,0.5144860781066516,2.5458186406878425,16.0,38.0
leaky,58.878142936447574,72.83382814182164,77.05525237977172,16.0,1.0,23.083120654223414,0.7000000000000001,4.0,0.5,8.325475924022431,0.07,800,110,58,58,0.0725,1.0,0.0,0.3963088037535195,0.2815058856278221,0.5329928983160783,0.9827586206896551,0.9827586206896551,65.22030794858597,63.52810747851644,67.9800382323006,0.5005489979036853,2.6269281812696663,16.0,38.0
leaky,58.91561841760944,73.07584077111744,77.56829610082747,17.0,0.6,31.314091743985294,0.30000000000000004,22.0,1.0,31.739290899557197,0.06,800,101,58,58,0.0725,1.0,0.0,0.6214052362951861,0.4665745960986537,0.8267687257999188,0.5344827586206896,0.5344827586206896,65.77071529700788,63.88813565816818,69.57829266234457,0.5600054659484595,2.240106466829927,22.0,32.0
leaky,58.90467255850342,72.4442258670307,76.67075918191671,17.0,0.6,31.314091743985294,0.5,16.0,1.0,23.083120654223414,0.09,800,102,58,58,0.0725,1.0,0.0,0.6400170568535652,0.4183553641367344,0.8748816134236127,0.4827586206896552,0.4827586206896552,66.1783308848824,63.41570721268047,70.03266314526458,0.5775690345922863,2.121536282548899,22.0,31.0
leaky,58.53405673811977,73.22930881597676,77.42712561078524,17.0,1.2000000000000002,23.07248490405292,0.6000000000000001,6.0,0.5,12.488213886033648,0.03,800,104,58,58,0.0725,1.0,0.0,0.3538885465968013,0.25481150815283393,0.5479015587802585,1.0,1.0,66.35391748892874,63.890433668761204,71.00223390210715,0.4900096288588671,2.705280940764064,15.0,39.0
leaky,59.9656013014246,72.89566675001754,76.95928483128945,18.0,0.8,28.460378974788597,0.30000000000000004,20.0,0.5,41.62737962011216,0.07,800,91,58,58,0.0725,1.0,0.0,0.5519618547288743,0.37415004792743073,0.6821223490768881,0.8275862068965517,0.8275862068965517,66.05065012002936,63.560421887901036,70.4909885226142,0.5974570561563013,1.9438911694391006,20.0,35.0
leaky,59.41621309735167,73.43748273936973,77.56352540612167,18.0,0.8,28.460378974788597,0.5,12.0,1.0,17.312340490667562,0.04,800,101,58,58,0.0725,1.0,0.0,0.5576409392609977,0.423602723616748,0.7346849382729895,0.7931034482758621,0.7931034482758621,65.682685500263,63.64945203214912,69.5107349093099,0.6004366003933206,1.969960565567877,21.0,33.0
leaky,59.14895962733031,73.46525770405393,77.84426073351491,18.0,1.0,25.968510736001342,0.30000000000000004,22.0,0.5,45.79011758212337,0.04,800,106,58,58,0.0725,1.0,0.0,0.4600553361204135,0.31469567382814834,0.6251564224949059,0.9827586206896551,0.9827586206896551,65.25518451637305,63.76373936685941,68.48105019141735,0.5852958272547715,2.0636669239575767,17.5,36.0
leaky,58.53416850657547,72.6031825212266,76.86021299952517,19.0,0.8,30.04151114005463,0.6000000000000001,10.0,1.0,14.426950408889635,0.08,800,91,58,58,0.0725,1.0,0.0,0.5770477198674231,0.4236049725072916,0.7675177894780785,0.7241379310344828,0.7241379310344828,66.00738169086978,63.71832653312714,69.87008603424741,0.6050300918007767,1.9348581446887338,20.5,33.0
leaky,58.85815952621785,73.39670800717091,77.90509378126659,19.0,1.0,27.411205776890306,0.2,28.0,0.5,58.27833146815702,0.05,800,97,58,58,0.0725,1.0,0.0,0.49765518546966814,0.3259784971050308,0.6849564180622829,0.9137931034482759,0.9137931034482759,65.14405818787925,63.46950847813547,67.90953108175384,0.6256343510885864,1.803890102154207,18.0,35.0
leaky,59.85436479215714,73.33647887101182,77.42149852635828,21.0,0.6,38.682113330805365,0.4,14.0,1.0,20.19773057244549,0.07,800,126,58,58,0.0725,1.0,0.0,0.7741257746194006,0.5000744849187002,0.9961304804966659,0.15517241379310345,0.15517241379310345,65.70293215660084,63.83484069090046,69.1248440076276,0.7217645412475225,1.2324370312592723,24.0,29.5
leaky,59.22207575239722,73.26097881737208,77.72321624052395,15.0,0.6,27.63008095057526,0.2,26.0,1.0,37.51007106311305,0.01,800,110,57,57,0.07125,1.0,0.0,0.5716302663353269,0.41264467768843177,0.8258272817171752,0.6842105263157895,0.6842105263157895,65.33281251792506,63.59188611844824,69.05833881959869,0.5263843152448894,2.458384981783828,21.0,33.0
leaky,59.5878179102599,73.33475076669599,77.63603795456939,15.0,0.6,27.63008095057526,0.30000000000000004,22.0,1.0,31.739290899557197,0.03,800,114,57,57,0.07125,1.0,0.0,0.5953128278064651,0.43094807237520466,0.8295533992340125,0.6666666666666666,0.6666666666666666,65.25186844709349,63.59882702108802,69.9091016572239,0.5373641140108961,2.3206641849253224,22.0,32.0
leaky,59.7848742680894,73.06078203429561,77.22378411761342,15.0,0.8,23.7169824789905,0.5,20.0,0.5,41.62737962011216,0.1,800,105,57,57,0.07125,1.0,0.0,0.43349407869339374,0.31778737188509754,0.7363565496253742,0.9473684210526315,0.9473684210526315,65.69980193705807,63.84330446024003,71.19976682207604,0.48694288095167415,2.7519317523502673,18.0,36.0
leaky,59.29824765582492,73.31862364011974,77.4391867197975,16.0,0.8,25.29811464425653,0.5,14.0,1.0,20.19773057244549,0.03,800,111,57,57,0.07125,1.0,0.0,0.4612568506791159,0.3308339473573741,0.7395724053008347,0.9122807017543859,0.9122807017543859,65.57378019319454,63.53441160456083,69.59638247893899,0.5006753442595047,2.6508029160395683,18.0,36.0
leaky,59.16201950850456,72.96385554987673,77.05540152353856,16.0,1.0,23.083120654223414,0.4,20.0,0.5,41.62737962011216,0.03,800,104,57,57,0.07125,1.0,0.0,0.3920358055394016,0.27870314846843747,0.5758620163245277,1.0,1.0,66.5055509572093,63.400031155539494,71.4938409640086,0.48517502951604624,2.806261812941519,16.0,38.0
leaky,59.16836714493783,73.43855870377803,77.7362727001286,16.0,1.0,23.083120654223414,0.5,16.0,0.5,33.301903696089724,0.06,800,110,57,57,0.07125,1.0,0.0,0.3910179732859775,0.2989454846237272,0.5269843168051946,1.0,1.0,65.49632327723985,63.71821631629092,69.19749332315892,0.49654877599148084,2.692090118781253,16.0,38.0
leaky,59.40360256735411,73.1873864643527,77.48398483125636,17.0,0.6,31.314091743985294,0.4,18.0,1.0,25.968510736001342,0.07,800,100,57,57,0.07125,1.0,0.0,0.6463718324288026,0.4627605193326538,0.804514561160544,0.45614035087719296,0.45614035087719296,65.47859015091194,63.825043685285955,68.49703747814452,0.5935524023982715,2.071817119024895,23.0,31.0
leaky,59.97875004866862,73.11066547771975,77.27451749403642,18.0,0.8,28.460378974788597,0.5,10.0,0.5,20.81368981005608,0.09,800,125,57,57,0.07125,1.0,0.0,0.5413200299934579,0.3771574093815681,0.7892101939596755,0.8245614035087719,0.8245614035087719,66.53484081655132,63.590627126673375,69.68780083729659,0.6414079348668761,1.711235407251734,19.0,34.0
leaky,58.5667293481808,73.09413286539345,77.571422415424,18.0,1.0,25.968510736001342,0.30000000000000004,26.0,0.5,54.11559350614581,0.06,800,101,57,57,0.07125,1.0,0.0,0.4529839459236059,0.34378007552060563,0.6512433044227697,0.9649122807017544,0.9649122807017544,65.33904574987206,63.46563407537962,68.1204346410243,0.5810033603536718,2.081079854728681,17.0,36.0
leaky,59.0573663064993,72.65938911262421,76.81948261034228,19.0,0.6,34.998102537395326,0.30000000000000004,18.0,1.0,25.968510736001342,0.02,800,103,57,57,0.07125,1.0,0.0,0.670920760286802,0.46426031339367335,0.911219463094789,0.42105263157894735,0.42105263157894735,66.06572110871002,63.65199985999257,69.63340387463386,0.6072119935766228,1.90673586902669,23.0,31.0
leaky,60.49510744698599,73.36830005902189,77.40364727548284,19.0,0.8,30.04151114005463,0.1,28.0,0.5,58.27833146815702,0.05,800,102,57,57,0.07125,1.0,0.0,0.576421147171827,0.3642966647532921,0.7575785532936907,0.6842105263157895,0.6842105263157895,65.79742726290291,63.573738479740065,70.1537111644516,0.6756056902344957,1.518382936714157,21.0,34.0
leaky,58.98899567431188,73.06495093959356,77.3688825280536,19.0,1.0,27.411205776890306,0.2,24.0,0.5,49.95285554413459,0.0,800,111,57,57,0.07125,1.0,0.0,0.5163450254333213,0.3599946579321006,0.6518333947028531,0.9298245614035088,0.9298245614035088,65.72705485699106,63.68074283334662,68.94648773443589,0.6579484987066497,1.5764713916669086,19.0,35.0
leaky,58.54347937529781,72.62289552546788,77.16089692828103,15.0,0.6,27.63008095057526,0.30000000000000004,26.0,1.0,37.51007106311305,0.07,800,104,56,56,0.07,1.0,0.0,0.5843194606988222,0.41653496869450823,0.776777301379333,0.7142857142857143,0.7142857142857143,65.00659454769597,63.31100472420094,67.14192022035901,0.5242867380092318,2.4528876590729194,21.0,32.0
leaky,59.78500113413455,72.93783433583017,77.04544619976818,15.0,0.8,23.7169824789905,0.4,28.0,0.5,58.27833146815702,0.1,800,112,56,56,0.07,1.0,0.0,0.4420451094353187,0.34534190519920877,0.6812750382439838,0.9642857142857143,0.9642857142857143,66.33017036345436,63.80507010478547,70.27336987486206,0.5047848753323325,2.621141861993802,18.0,36.0
leaky,58.724702945546525,72.45478863766873,76.76561891111504,16.0,0.6,29.47208634728028,0.30000000000000004,22.0,1.0,31.739290899557197,0.03,800,101,56,56,0.07,1.0,0.0,0.5635957612973153,0.41711476540446996,0.8124788117501845,0.7321428571428571,0.7321428571428571,66.50136582563238,64.14098483504395,70.89508535148249,0.5440513543631919,2.3246401829522716,21.0,32.0
leaky,60.37377645504428,73.33730764940458,77.37357879910442,16.0,0.8,25.29811464425653,0.30000000000000004,26.0,0.5,54.11559350614581,0.08,800,101,56,56,0.07,1.0,0.0,0.521065415424141,0.3633986286577459,0.7581386562078167,0.9107142857142857,0.9107142857142857,65.96496069221872,63.50859171054005,70.92478061073601,0.5738637680685279,2.1307481653083986,18.5,35.0
leaky,59.22772663767342,72.54366329732885,76.74951535786423,16.0,0.8,25.29811464425653,0.5,18.0,0.5,37.464641658100945,0.1,800,100,56,56,0.07,1.0,0.0,0.5085079202111065,0.3672882613779237,0.7023179077529769,0.9464285714285714,0.9464285714285714,66.35424621332459,63.808340932786905,69.38620705079398,0.5562622486844743,2.2324797157642293,19.0,35.0
leaky,59.990235651258885,72.8613539474672,76.89127406401397,17.0,0.8,26.879246809522563,0.4,16.0,0.5,33.301903696089724,0.07,800,97,56,56,0.07,1.0,0.0,0.4798156269010395,0.3311608494305192,0.7280036923145751,0.9107142857142857,0.9107142857142857,66.06181864140862,63.41933459213944,69.21471513964435,0.5767096362682458,2.1573876325067527,18.0,35.0
leaky,58.80903887187824,72.96646420183001,77.28301677728265,18.0,1.0,25.968510736001342,0.30000000000000004,22.0,0.5,45.79011758212337,0.03,800,103,56,56,0.07,1.0,0.0,0.46003780213453394,0.3377225537859754,0.6525986407753355,0.9464285714285714,0.9464285714285714,65.93121454986795,63.333606744039315,69.82555655385373,0.6110039776409619,1.889669332579404,17.0,36.0
leaky,59.01667769648121,73.35054496816741,77.74801306799176,18.0,1.0,25.968510736001342,0.4,16.0,0.5,33.301903696089724,0.05,800,95,56,56,0.07,1.0,0.0,0.4517606363737551,0.31700147697056497,0.6542919608817789,0.9464285714285714,0.9464285714285714,65.3921694059037,63.66820609738262,69.25175381944288,0.5924970288093176,2.0396191765506413,17.0,36.0
leaky,59.64540970431012,72.70956136330136,76.84153068910854,19.0,0.8,30.04151114005463,0.2,26.0,0.5,54.11559350614581,0.09,800,107,56,56,0.07,1.0,0.0,0.5864163814825474,0.40496452595626525,0.7507909504710185,0.6607142857142857,0.6607142857142857,66.06611025183719,63.62967295010988,69.70814133817527,0.6705036507535853,1.5078354728588015,21.0,33.0
leaky,59.53835440413397,72.83019460035933,77.07941341902564,19.0,0.8,30.04151114005463,0.5,10.0,0.5,20.81368981005608,0.1,800,113,56,56,0.07,1.0,0.0,0.5803905483129672,0.3870287329696643,0.7677109548467951,0.8035714285714286,0.8035714285714286,65.80144427951842,63.51566745012103,69.3592638206872,0.6354799171093932,1.7435487822899776,20.0,33.0
leaky,59.690720886321884,73.39068071243129,77.55365363186948,19.0,1.0,27.411205776890306,0.4,10.0,0.5,20.81368981005608,0.02,800,107,56,56,0.07,1.0,0.0,0.48424931249283965,0.3463904295039516,0.7009559043946246,0.9464285714285714,0.9464285714285714,65.45872435130379,63.384888074220015,69.31045712997891,0.6347931513515352,1.7420819934100824,18.0,36.0
leaky,60.06244677092901,73.40018260584432,77.41961510163551,20.0,0.6,36.840107934100345,0.4,14.0,1.0,20.19773057244549,0.06,800,103,56,56,0.07,1.0,0.0,0.7357021534046577,0.48650949232301743,1.0130149020635852,0.2857142857142857,0.2857142857142857,65.66067597510167,63.58932446512606,68.92961789668237,0.6580117613676775,1.62779446998436,24.0,30.0
leaky,60.056587419419486,72.93233158005123,76.94205765709006,14.0,0.8,22.135850313724465,0.7000000000000001,6.0,0.5,12.488213886033648,0.09,800,107,55,55,0.06875,1.0,0.0,0.4138488035976486,0.3250157436893942,0.5982627131049817,1.0,1.0,66.33898341945273,63.64365626706435,72.13284725019112,0.48934681148209364,2.7058232460264775,17.0,36.0
leaky,58.97972623029193,72.89566861854206,77.30733882333209,15.0,0.6,27.63008095057526,0.2,26.0,1.0,37.51007106311305,0.0,800,116,55,55,0.06875,1.0,0.0,0.5668303615193054,0.4157418407619599,0.8175909995850456,0.7818181818181819,0.7818181818181819,65.3790818699591,64.05460426333406,69.39883303831665,0.5025553320965689,2.625515495495437,21.0,33.0
leaky,59.306533202978,72.94133713338933,76.94860394918763,15.0,0.8,23.7169824789905,0.6000000000000001,12.0,1.0,17.312340490667562,0.05,800,110,55,55,0.06875,1.0,0.0,0.4449753747618478,0.3279327349166561,0.6310005693612183,0.9818181818181818,0.9818181818181818,65.06631549878364,63.71804248227231,69.35339209006077,0.4881114274834897,2.7360713709862914,18.0,35.0
leaky,58.76105757006058,73.31911895418511,78.05003721138986,16.0,0.6,29.47208634728028,0.2,28.0,1.0,40.39546114489098,0.08,800,104,55,55,0.06875,1.0,0.0,0.5936407814539826,0.4397395721811616,0.7940908625434753,0.5818181818181818,0.5818181818181818,65.52023256389285,63.513622294980536,69.2867184341321,0.4987902548679884,2.6651982898809123,22.0,32.0
leaky,59.35264033738379,72.78666818289624,76.93639105805303,16.0,0.6,29.47208634728028,0.4,18.0,1.0,25.968510736001342,0.05,800,99,55,55,0.06875,1.0,0.0,0.5925929995557766,0.4282983239829769,0.8256689092891735,0.6545454545454545,0.6545454545454545,65.70960022570446,63.816118068064405,70.11455252360145,0.5566864923284365,2.222651952258348,21.0,32.0
leaky,59.09094088050207,73.36152611304786,77.37978713547083,16.0,0.6,29.47208634728028,0.5,16.0,1.5,20.428493556836578,0.05,800,105,55,55,0.06875,1.0,0.0,0.6177964157371335,0.4256689010590281,0.844072047742526,0.5272727272727272,0.5272727272727272,66.42351897928408,63.60030268526828,70.73003608382301,0.5212158796562222,2.4808241850145314,22.0,31.0
leaky,59.6136058691957,72.93561571423638,77.14928783863924,16.0,0.8,25.29811464425653,0.6000000000000001,10.0,0.5,20.81368981005608,0.1,800,96,55,55,0.06875,1.0,0.0,0.4827463975668577,0.3512723074872014,0.7563359565100708,0.9454545454545454,0.9454545454545454,65.39664155321924,63.71415513161738,70.26209878583619,0.5569798543283022,2.3095123673326508,19.0,35.0
leaky,58.79314316876037,73.44785681405347,77.9241528853492,16.0,0.8,25.29811464425653,0.6000000000000001,14.0,1.0,20.19773057244549,0.08,800,115,55,55,0.06875,1.0,0.0,0.4979908342235807,0.35772906950275596,0.6752066601643961,0.9272727272727272,0.9272727272727272,65.50003424003486,63.70323457658462,68.78551340215978,0.5243610859850606,2.5101633735829636,19.0,35.0
leaky,59.20884383603241,72.80220909831033,76.82204752235151,17.0,0.8,26.879246809522563,0.6000000000000001,10.0,1.0,14.426950408889635,0.06,800,90,55,55,0.06875,1.0,0.0,0.5142532805638357,0.32027703808828567,0.6482624789733368,0.9636363636363636,0.9636363636363636,65.8577589303999,63.47610685335889,69.21204728321439,0.5362324816967892,2.4009973484575657,20.0,34.0
leaky,58.66955989636197,72.55030945858783,76.60569550119243,17.0,1.0,24.525815695112378,0.7000000000000001,6.0,1.0,8.656170245333781,0.06,800,92,55,55,0.06875,1.0,0.0,0.41352718954015844,0.2902736569197628,0.6355214978574957,0.9818181818181818,0.9818181818181818,65.72042089570307,63.49588769377955,70.4683724690449,0.5170051523660203,2.5173481204144945,17.0,37.0
leaky,58.84801082936764,72.84344002838182,77.07915415064024,18.0,1.0,25.968510736001342,0.2,28.0,0.5,58.27833146815702,0.0,800,99,55,55,0.06875,1.0,0.0,0.4573299982598807,0.31439367745726715,0.6776837575144873,0.9636363636363636,0.9636363636363636,66.20631874319959,63.984023106448376,70.91205848705758,0.5705192457870726,2.1661592183692715,17.0,37.0
leaky,58.65687719671674,73.40827319971152,77.97554671006242,18.0,1.0,25.968510736001342,0.30000000000000004,28.0,0.5,58.27833146815702,0.08,800,110,55,55,0.06875,1.0,0.0,0.49216702684188013,0.3293869461817142,0.676877840556992,0.9454545454545454,0.9454545454545454,65.873712421065,63.772244631805634,69.66061508952079,0.5755001135768572,2.139356918613061,18.0,35.0
leaky,59.3698447583569,72.37911992155821,76.50887882191425,19.0,0.8,30.04151114005463,0.4,14.0,0.5,29.13916573407851,0.08,800,96,55,55,0.06875,1.0,0.0,0.59296067805118,0.39730723945501895,0.7503421288217026,0.7090909090909091,0.7090909090909091,66.43494476041425,63.57160747317851,70.47519221425787,0.6398739844675025,1.7266782163523935,20.0,33.0
leaky,59.94211926906424,73.20658574065033,77.41986593741949,19.0,0.8,30.04151114005463,0.30000000000000004,20.0,0.5,41.62737962011216,0.1,800,119,55,55,0.06875,1.0,0.0,0.6193378049239022,0.357064835718708,0.8039099084378498,0.6363636363636364,0.6363636363636364,65.50680758856552,63.649036706633716,68.8337072270964,0.6964087835968074,1.398775723404865,21.0,33.0
leaky,58.84139259162526,72.89518207567264,77.20355028971007,19.0,1.0,27.411205776890306,0.30000000000000004,18.0,0.5,37.464641658100945,0.02,800,97,55,55,0.06875,1.0,0.0,0.5006929451438831,0.35630831318600764,0.7542983936392439,0.8545454545454545,0.8545454545454545,65.25469831620555,63.929150673662164,70.10133453005403,0.6427107287019634,1.7106552366973813,18.0,35.0
leaky,59.025857863170415,73.40535078340015,77.84280541263595,19.0,1.0,27.411205776890306,0.2,26.0,0.5,54.11559350614581,0.03,800,113,55,55,0.06875,1.0,0.0,0.5354867552142215,0.36624127176702537,0.6847423898812824,0.8545454545454545,0.8545454545454545,65.51979075187452,63.69250228889821,70.76581595297135,0.6830243329044511,1.4694762715500236,19.0,35.0
leaky,58.79964983650345,73.21648715076796,77.77776134612178,20.0,0.6,36.840107934100345,0.30000000000000004,20.0,1.0,28.85390081777927,0.08,800,105,55,55,0.06875,1.0,0.0,0.7420041575628761,0.440564617614617,0.9692868415006917,0.3090909090909091,0.3090909090909091,65.66107368739996,63.564700223622346,68.89314054038027,0.6594028953800973,1.5885929734768875,24.0,30.0
leaky,59.49844892380403,73.23615962222415,77.27767027216512,20.0,1.0,28.85390081777927,0.6000000000000001,6.0,1.0,8.656170245333781,0.05,800,106,55,55,0.06875,1.0,0.0,0.48661235429695704,0.35522753522915407,0.6544986394808171,0.9272727272727272,0.9272727272727272,65.87146136614189,63.782856207712264,69.43104006712721,0.6517257847369805,1.6316139758982173,18.0,36.0
leaky,58.61639448729362,72.62886815011548,76.96443701571712,20.0,1.0,28.85390081777927,0.7000000000000001,6.0,1.5,7.660685083813717,0.09,800,97,55,55,0.06875,1.0,0.0,0.5279966927200266,0.34485950013651046,0.7023867861931415,0.8909090909090909,0.8909090909090909,66.13432745538235,63.65147781279246,69.50059533605558,0.6492300419487903,1.6779610332528998,19.0,35.0
leaky,58.966693901692736,72.91904298198034,77.25433383723248,21.0,0.6,38.682113330805365,0.4,16.0,1.0,23.083120654223414,0.09,800,108,55,55,0.06875,1.0,0.0,0.7314143116071322,0.5375016699488407,0.9493792379677644,0.18181818181818182,0.18181818181818182,65.48051061900338,63.69275221462882,68.93244661854757,0.6567777423004244,1.613897770168202,24.0,29.0
leaky,59.46849952078392,73.19593763835812,77.54436107572442,14.0,0.6,25.788075553870243,0.4,22.0,1.0,31.739290899557197,0.07,800,119,54,54,0.0675,1.0,0.0,0.5755104953337711,0.4080914677952622,0.7540371371468786,0.7777777777777778,0.7777777777777778,65.40799351602098,63.58439278932019,68.77087933611453,0.4848160104190107,2.7489125150805527,21.0,33.0
leaky,58.85455319269776,73.06329729937771,77.64878156030917,15.0,0.6,27.63008095057526,0.30000000000000004,26.0,1.0,37.51007106311305,0.08,800,103,54,54,0.0675,1.0,0.0,0.5674530960507249,0.43250790779204756,0.7505724564503307,0.7037037037037037,0.7037037037037037,65.39080487459753,63.762005410953186,68.52645126551234,0.49948899767327437,2.6406062742285377,21.0,33.0
leaky,59.548750220688014,72.70840511476457,76.7664227699919,15.0,0.6,27.63008095057526,0.5,16.0,1.0,23.083120654223414,0.07,800,104,54,54,0.0675,1.0,0.0,0.5940135797730273,0.4360536355134561,0.7390738868990163,0.7407407407407407,0.7407407407407407,65.65537414535257,63.676830072114385,69.18652308796273,0.5405182367757663,2.3608149113259445,22.0,32.0
leaky,58.59593321729797,72.73503394701186,77.25425234341463,16.0,0.6,29.47208634728028,0.2,26.0,1.0,37.51007106311305,0.02,800,113,54,54,0.0675,1.0,0.0,0.5960562072465927,0.4356980525184365,0.8945312710322726,0.6481481481481481,0.6481481481481481,65.37234151680046,63.55814029842766,68.88681005243801,0.5293331110008892,2.4046959735847997,22.0,32.0
leaky,58.90042920073385,73.43662813011855,77.77841315394119,16.0,0.8,25.29811464425653,0.4,18.0,1.0,25.968510736001342,0.01,800,95,54,54,0.0675,1.0,0.0,0.47470255974469755,0.3139722415958312,0.7530535383890706,0.9259259259259259,0.9259259259259259,66.2900559790458,63.62110752783576,69.18243676300715,0.4961635192952236,2.6854871436389733,19.0,35.0
leaky,58.745425939867616,73.34476558493239,77.46622141290828,17.0,1.2000000000000002,23.07248490405292,0.5,10.0,0.5,20.81368981005608,0.01,800,109,54,54,0.0675,1.0,0.0,0.33450383545161466,0.2672961278536107,0.49498527759297645,1.0,1.0,66.234591081838,63.69546223984252,70.72029769467431,0.4908165723173899,2.7423361161223587,14.0,39.0
leaky,58.89283199707155,72.81667850383738,77.16617238849838,18.0,0.6,33.15609714069031,0.30000000000000004,20.0,1.0,28.85390081777927,0.04,800,91,54,54,0.0675,1.0,0.0,0.6135973827091317,0.4813041332170931,0.9436259381532495,0.5740740740740741,0.5740740740740741,65.57069451745389,63.67149542141407,70.68817396528456,0.5331415529507888,2.4012575734186763,22.0,32.0
leaky,60.37908546325498,73.39533992907393,77.48093903653293,18.0,0.8,28.460378974788597,0.2,26.0,0.5,54.11559350614581,0.08,800,108,54,54,0.0675,1.0,0.0,0.5320327949773196,0.39826767293902887,0.7026459421846045,0.8148148148148148,0.8148148148148148,65.33727501718195,63.61523315490901,68.30839688972539,0.6051313746128921,1.9674829799100793,19.5,34.0
leaky,59.18279873168571,73.21357118167548,77.46891588586448,18.0,1.0,25.968510736001342,0.30000000000000004,20.0,0.5,41.62737962011216,0.02,800,88,54,54,0.0675,1.0,0.0,0.45529226065418216,0.31925976257307304,0.577235145259424,1.0,1.0,65.54511158236082,63.8005896674817,69.378043540517,0.59182687601786,2.019198970967693,17.0,36.0
leaky,58.66679958709915,73.16358234387214,77.63359186370079,18.0,1.0,25.968510736001342,0.4,18.0,0.5,37.464641658100945,0.06,800,98,54,54,0.0675,1.0,0.0,0.44168700364920366,0.3145475463462233,0.5953796680178177,1.0,1.0,65.86272885052117,63.86251600039307,71.39902679650551,0.5471689152055803,2.3144349096083676,18.0,36.0
leaky,58.839933241281116,73.02622097054598,77.48983798373428,19.0,0.6,34.998102537395326,0.30000000000000004,20.0,1.0,28.85390081777927,0.06,800,103,54,54,0.0675,1.0,0.0,0.6820911093111633,0.506718186733656,0.9814883865266005,0.37037037037037035,0.37037037037037035,65.40407370358454,63.461893868605515,70.94026927205634,0.6145374454474444,1.8667239286056576,24.0,30.0
leaky,60.319597858611424,73.43158342643117,77.57249720710519,19.0,0.8,30.04151114005463,0.2,24.0,0.5,49.95285554413459,0.09,800,116,54,54,0.0675,1.0,0.0,0.5664143897270189,0.3830902445621964,0.7953384560601823,0.7777777777777778,0.7777777777777778,65.18793614548184,63.80284969752486,70.51170127165513,0.6599303787601785,1.6057606832993954,20.0,34.0
leaky,59.77557537751768,72.94841295691862,77.13710110932904,19.0,0.8,30.04151114005463,0.4,14.0,0.5,29.13916573407851,0.09,800,101,54,54,0.0675,1.0,0.0,0.5893924568556206,0.43497680241321957,0.7891847917984502,0.6851851851851852,0.6851851851851852,65.7660675188078,63.69003804974817,68.69491607714531,0.6669685550497089,1.5580239759556767,21.0,33.0
leaky,58.63963115889838,72.69906229495075,76.79824696404106,19.0,0.8,30.04151114005463,0.4,14.0,1.0,20.19773057244549,0.0,800,94,54,54,0.0675,1.0,0.0,0.5544228683679936,0.42428537133854194,0.8861894078594046,0.6296296296296297,0.6296296296296297,66.13511200914445,64.0089036373819,69.87477078152519,0.6407526868173117,1.7308582369145493,21.0,32.0
leaky,58.79095689505816,72.58937602930231,76.86965368948933,19.0,1.0,27.411205776890306,0.6000000000000001,4.0,0.5,8.325475924022431,0.06,800,92,54,54,0.0675,1.0,0.0,0.5008064338350189,0.3448925262678642,0.6883003118339052,0.9074074074074074,0.9074074074074074,66.21138673605486,63.37869959806876,69.94838146036695,0.6365632642804236,1.7153095668035434,19.0,35.0
leaky,58.68429677348565,73.23877319628934,77.78426609677656,19.0,1.0,27.411205776890306,0.5,10.0,0.5,20.81368981005608,0.07,800,116,54,54,0.0675,1.0,0.0,0.4954351783960237,0.3194838634787086,0.6821790305272825,0.9444444444444444,0.9444444444444444,65.25291623417021,63.46896237400219,70.59086014495135,0.617946676016473,1.824585564462816,18.0,36.0
leaky,59.34198976344339,73.423728618236,77.91319189025236,15.0,0.6,27.63008095057526,0.30000000000000004,24.0,1.0,34.624680981335125,0.06,800,96,53,53,0.06625,1.0,0.0,0.5557080286901721,0.4427357978185185,0.726111053877105,0.7358490566037735,0.7358490566037735,65.7941687882369,63.57858008796961,69.40189481953605,0.4973503528722411,2.627799553291739,21.0,33.0
leaky,58.69360827200204,72.80185892005937,77.35186385449583,15.0,0.6,27.63008095057526,0.4,24.0,1.0,34.624680981335125,0.1,800,106,53,53,0.06625,1.0,0.0,0.5636593536857266,0.43006575950400566,0.853128657469007,0.7547169811320755,0.7547169811320755,65.2340536162309,63.63336558381064,69.29193198055088,0.5169300635577487,2.52721946501996,21.0,33.0
leaky,59.772504707253994,73.0220131010613,77.08430317108915,15.0,0.6,27.63008095057526,0.4,18.0,1.0,25.968510736001342,0.04,800,104,53,53,0.06625,1.0,0.0,0.5719560650389153,0.4210487018099004,0.7780118286755371,0.7169811320754716,0.7169811320754716,66.1766926513202,63.81299418829336,70.35450663766908,0.5218329118574907,2.501922223446894,22.0,32.0
leaky,58.69564660977615,72.47225455483931,76.86618181424731,15.0,0.6,27.63008095057526,0.5,20.0,1.0,28.85390081777927,0.1,800,109,53,53,0.06625,1.0,0.0,0.5517937008054474,0.4340350249550232,0.7663812176766301,0.6792452830188679,0.6792452830188679,65.56022401211239,63.72828965912316,70.10460458378122,0.515966478072981,2.5094879121844134,21.0,33.0
leaky,58.82766160873838,73.0781283964512,77.64180918245674,16.0,0.6,29.47208634728028,0.2,26.0,1.0,37.51007106311305,0.03,800,104,53,53,0.06625,1.0,0.0,0.5957161408996686,0.38051952377888093,0.7986389286277005,0.6415094339622641,0.6415094339622641,64.8301777359858,63.462094213370136,68.67887056941147,0.5248809741290312,2.453299995445206,22.0,32.0
leaky,59.127094799483096,73.48403174350639,77.83001970262036,16.0,1.0,23.083120654223414,0.6000000000000001,10.0,0.5,20.81368981005608,0.07,800,105,53,53,0.06625,1.0,0.0,0.43333691177816897,0.2928517060691498,0.6486320976978938,0.9622641509433962,0.9622641509433962,65.88183728773066,63.51147281551794,68.02397211282377,0.5102079331117416,2.594492314014491,17.0,37.0
leaky,58.82625705380315,73.31274323112709,77.42815116642802,17.0,0.6,31.314091743985294,0.5,16.0,1.5,20.428493556836578,0.06,800,100,53,53,0.06625,1.0,0.0,0.5826854558182312,0.45450472858845625,0.8031653832358904,0.6037735849056604,0.6037735849056604,65.84697090998722,63.5733885722313,69.66698122002454,0.5450090252134727,2.3267223360118554,23.0,31.0
leaky,59.73190680676105,73.03320521656727,77.23698380773263,17.0,0.8,26.879246809522563,0.4,20.0,0.5,41.62737962011216,0.1,800,96,53,53,0.06625,1.0,0.0,0.5530855173032685,0.3547854147389193,0.7529255615322088,0.8113207547169812,0.8113207547169812,65.6923459904249,63.598042612029566,68.94791463128131,0.5700053033299062,2.142529709996454,20.0,35.0
leaky,59.50741519611924,72.72381163602843,76.90781175581273,18.0,0.8,28.460378974788597,0.30000000000000004,24.0,0.5,49.95285554413459,0.1,800,102,53,53,0.06625,1.0,0.0,0.5360393662324783,0.385308660306981,0.8282919748118178,0.7735849056603774,0.7735849056603774,64.92659897906853,63.58168095790338,69.56960464107397,0.6400916742815802,1.7566931030320958,19.0,34.0
leaky,58.63123155424614,73.31458411977074,77.81131624819989,18.0,0.8,28.460378974788597,0.6000000000000001,12.0,1.0,17.312340490667562,0.09,800,103,53,53,0.06625,1.0,0.0,0.5409400936870973,0.3465374139611253,0.7440763794970556,0.8301886792452831,0.8301886792452831,65.26803550057576,63.83114718547243,69.43446573596438,0.548938996745056,2.296918040400564,20.0,33.0
leaky,59.59933852167039,73.32733244939271,77.4608182526566,18.0,1.0,25.968510736001342,0.4,12.0,0.5,24.976427772067296,0.02,800,110,53,53,0.06625,1.0,0.0,0.4759706427254018,0.3415492097378742,0.6069800651073127,1.0,1.0,66.08424979900121,64.04591596547954,70.34110534644563,0.6258583475749896,1.8101661330389722,17.0,36.0
leaky,59.41270336534878,72.8888559406968,76.92282272679908,18.0,1.0,25.968510736001342,0.7000000000000001,6.0,1.5,7.660685083813717,0.07,800,90,53,53,0.06625,1.0,0.0,0.44862877509400517,0.32361163614635197,0.6550289947287045,0.9056603773584906,0.9056603773584906,66.12281902563248,63.71963217947975,70.41786244723899,0.6127023345611856,1.9133143544430051,18.0,36.0
leaky,58.70766796054609,73.42606660170607,78.15412411058,19.0,0.6,34.998102537395326,0.2,24.0,1.0,34.624680981335125,0.07,800,99,53,53,0.06625,1.0,0.0,0.7228075528799239,0.5195532079208359,0.8894017652574578,0.2641509433962264,0.2641509433962264,65.20969362631288,63.507108994742815,69.971765626749,0.628763665582377,1.7575501438322207,23.0,30.0
leaky,60.414735016597106,73.43280999039163,77.55248132814188,19.0,0.8,30.04151114005463,0.4,12.0,0.5,24.976427772067296,0.08,800,105,53,53,0.06625,1.0,0.0,0.5903776926605511,0.39399798606644776,0.7876789591118416,0.6037735849056604,0.6037735849056604,66.19081572926773,63.45942421465205,69.75109774706984,0.6606976078590253,1.6152950646943858,21.0,33.0
leaky,59.03373527238039,73.27282916949471,77.51313957801266,19.0,0.8,30.04151114005463,0.5,12.0,1.0,17.312340490667562,0.05,800,101,53,53,0.06625,1.0,0.0,0.5408217757179113,0.39127086536598676,0.7380702624976915,0.8113207547169812,0.8113207547169812,66.11584957705037,63.63406140558444,69.95247023789287,0.5980915958214114,1.9924588353772377,20.0,33.0
leaky,59.3998970147359,73.31126250435243,77.54875129754365,19.0,1.0,27.411205776890306,0.30000000000000004,16.0,0.5,33.301903696089724,0.01,800,96,53,53,0.06625,1.0,0.0,0.5018711544926517,0.3434917155813828,0.7234038951627868,0.9056603773584906,0.9056603773584906,65.16065508675715,63.60304573115352,68.18424478896954,0.6488447229284247,1.6378953797505225,18.0,36.0
leaky,60.1657410041176,72.97327535766047,77.00826102106085,20.0,0.8,31.62264330532066,0.2,20.0,0.5,41.62737962011216,0.05,800,111,53,53,0.06625,1.0,0.0,0.6280087942936516,0.44632800681775164,0.7699666759921298,0.5660377358490566,0.5660377358490566,65.7923330781886,63.75352263796142,69.2766223455985,0.732251872655484,1.2433162435574823,21.0,33.0
leaky,58.607820812228816,73.25274657879102,77.84522619648371,20.0,1.0,28.85390081777927,0.2,26.0,0.5,54.11559350614581,0.06,800,106,53,53,0.06625,1.0,0.0,0.5188769002821856,0.35369472401758195,0.6936818595856954,0.9433962264150944,0.9433962264150944,65.96223197772883,63.50333769395038,69.20910318519556,0.6419909957785949,1.6881692887118496,19.0,35.0
leaky,59.40145041970281,72.65234027679868,76.96839183435215,20.0,1.0,28.85390081777927,0.7000000000000001,4.0,2.0,4.804489635145799,0.09,800,109,53,53,0.06625,1.0,0.0,0.49469195325749105,0.342427645633785,0.6217371066258909,0.9811320754716981,0.9811320754716981,65.74427421148968,63.70590935773227,68.37202477414559,0.673148151419291,1.5123551564197146,18.0,35.0
leaky,58.6151147497838,73.30584490201895,77.9822946459623,21.0,0.6,38.682113330805365,0.2,22.0,1.0,31.739290899557197,0.06,800,117,53,53,0.06625,1.0,0.0,0.7206631652322867,0.5171498960296868,0.9136564640660745,0.3018867924528302,0.3018867924528302,64.98051053689011,63.3577328279784,68.39829451766542,0.6278055446814181,1.7920055510447055,24.0,30.0
leaky,59.669273780241184,72.7099921321493,76.78106582842267,13.0,0.6,23.946070157165224,0.6000000000000001,16.0,1.0,23.083120654223414,0.09,800,112,52,52,0.065,1.0,0.0,0.4915262331861334,0.39624023229440525,0.633887230331861,0.9807692307692307,0.9807692307692307,66.08330414005732,63.55123201404652,72.0716984603445,0.4749514920872189,2.854330148699605,19.5,34.0
leaky,59.49274923163029,73.14789636885506,77.48954576099644,13.0,0.6,23.946070157165224,0.30000000000000004,26.0,1.0,37.51007106311305,0.04,800,131,52,52,0.065,1.0,0.0,0.5187393929706895,0.4064378435608885,0.7375215058764286,0.8846153846153846,0.8846153846153846,65.78627242473146,63.562343265874574,68.91531313103525,0.45824219160351565,2.966184867362869,20.0,33.0
leaky,58.8175566512492,72.61578801671504,77.03842816588657,14.0,0.6,25.788075553870243,0.4,24.0,1.0,34.624680981335125,0.08,800,117,52,52,0.065,1.0,0.0,0.5434499959556884,0.41990949195559113,0.7880319482097814,0.8269230769230769,0.8269230769230769,65.1301601238616,63.460290200150645,68.11597995327848,0.47669434021702695,2.8206460068440995,21.0,33.0
leaky,59.73502143386153,73.14779692222885,77.34209356495523,14.0,0.6,25.788075553870243,0.5,18.0,1.0,25.968510736001342,0.08,800,104,52,52,0.065,1.0,0.0,0.5267541446394128,0.401379313477413,0.7632578255449305,0.8269230769230769,0.8269230769230769,66.09483984320957,63.811119225224346,69.70404150341605,0.47255692603673927,2.9329940529313454,20.0,33.5
leaky,58.69522432457998,73.18743575717592,77.5414073707702,15.0,0.8,23.7169824789905,0.4,20.0,1.0,28.85390081777927,0.01,800,125,52,52,0.065,1.0,0.0,0.4811803172625943,0.33567731773824233,0.6885548526732372,0.9230769230769231,0.9230769230769231,65.3303288124863,63.58927498229393,68.73632805238016,0.5196488236491635,2.5292021149560258,19.0,35.0
leaky,59.224097878626395,72.53604960828936,76.72944952868207,15.0,0.8,23.7169824789905,0.6000000000000001,14.0,0.5,29.13916573407851,0.1,800,100,52,52,0.065,1.0,0.0,0.46077215301274843,0.3508184569471363,0.613167630241691,0.9807692307692307,0.9807692307692307,65.95029695794864,63.43202087999019,69.41972176368743,0.5202513579786461,2.4856011406688636,18.0,36.0
leaky,59.47305394670362,73.44415179153788,77.6643214735755,15.0,0.8,23.7169824789905,0.7000000000000001,10.0,1.0,14.426950408889635,0.09,800,108,52,52,0.065,1.0,0.0,0.47074616323312146,0.3100502509117374,0.6646007996039945,0.9230769230769231,0.9230769230769231,65.51824581573891,63.95495174227865,70.04663229955916,0.5167544328930498,2.4990850307375916,19.0,36.0
leaky,59.28564416966431,73.23411235403833,77.64045781795602,16.0,0.6,29.47208634728028,0.4,20.0,1.0,28.85390081777927,0.08,800,103,52,52,0.065,1.0,0.0,0.5736471052469173,0.4529476422184574,0.8528031177259702,0.6153846153846154,0.6153846153846154,64.70565941042807,63.495653706048124,70.85823887686935,0.4952368235428871,2.658271250134756,21.5,32.0
leaky,58.51477408622211,73.3228121135827,77.84676589222369,16.0,1.0,23.083120654223414,0.5,24.0,0.5,49.95285554413459,0.09,800,110,52,52,0.065,1.0,0.0,0.4017022520833762,0.30798669730270095,0.5909682950654415,0.9807692307692307,0.9807692307692307,65.14488840162633,63.548917296988826,67.44197391321332,0.4803290676542723,2.770349628939213,16.0,37.0
leaky,58.541132350450305,72.89850420329205,77.47451048816009,18.0,0.6,33.15609714069031,0.2,24.0,1.0,34.624680981335125,0.03,800,94,52,52,0.065,1.0,0.0,0.631736401026964,0.46695204752043873,0.941245154313783,0.5384615384615384,0.5384615384615384,65.4189463095378,63.4998479230917,68.85296452577444,0.5965533692373266,1.9843863562308082,22.5,32.0
leaky,58.84967850493157,72.60616023566317,76.62811881240124,18.0,0.8,28.460378974788597,0.5,12.0,1.0,17.312340490667562,0.03,800,85,52,52,0.065,1.0,0.0,0.4863188823118978,0.34621686381870104,0.7295556770468626,0.9038461538461539,0.9038461538461539,66.38998933017298,64.0547300760492,71.02147412940383,0.5760436815739556,2.141188630789582,19.0,34.5
leaky,59.447682470255806,73.1363826664633,77.35253822184148,19.0,0.6,34.998102537395326,0.4,16.0,1.0,23.083120654223414,0.07,800,102,52,52,0.065,1.0,0.0,0.7168304694214451,0.5094552395567237,0.9796273138698481,0.25,0.25,66.11312668071349,64.00147215729062,69.69532934355382,0.6578812916712886,1.6221036061554208,23.0,30.0
leaky,58.55715704211587,72.70823907529376,77.05379342724882,19.0,1.0,27.411205776890306,0.2,26.0,0.5,54.11559350614581,0.01,800,109,52,52,0.065,1.0,0.0,0.5010527109627179,0.3359356110910553,0.6573753409563029,0.9038461538461539,0.9038461538461539,66.44319510725397,63.575004354196956,71.2257110621751,0.626484754288231,1.8083706967442978,19.0,35.0
leaky,58.636534228796265,73.07439940173981,77.54384031605747,19.0,1.0,27.411205776890306,0.2,28.0,0.5,58.27833146815702,0.04,800,103,52,52,0.065,1.0,0.0,0.47712759119985315,0.34096668603743163,0.7158956127949011,0.9423076923076923,0.9423076923076923,65.50904652226109,63.609476690866266,69.10893536978308,0.6229797218088522,1.849038484111445,18.0,36.0
leaky,58.63659633845555,73.45659630513919,78.08976330596788,19.0,1.0,27.411205776890306,0.30000000000000004,24.0,0.5,49.95285554413459,0.08,800,92,52,52,0.065,1.0,0.0,0.5050572305237014,0.39301108924953654,0.7062603682121044,0.8461538461538461,0.8461538461538461,65.93513426355116,63.57352607498083,69.75487129093011,0.6074314711947237,1.8867320889387618,19.0,35.0
leaky,59.634289254374245,72.77560555885995,76.95079530148139,19.0,1.0,27.411205776890306,0.7000000000000001,4.0,1.5,5.1071233892091445,0.08,800,97,52,52,0.065,1.0,0.0,0.5091972208524087,0.35424151583363195,0.6836980566586329,0.9615384615384616,0.9615384615384616,65.63806712413134,63.59177298141232,70.39412447980901,0.6557387404283024,1.6213449864561973,18.0,35.5
leaky,59.72151312574262,72.59892864139314,76.66387142710717,20.0,0.8,31.62264330532066,0.1,28.0,0.5,58.27833146815702,0.06,800,111,52,52,0.065,1.0,0.0,0.5992835261671793,0.43950048480710785,0.8670098084846974,0.6346153846153846,0.6346153846153846,65.75622446695657,63.59479760564043,70.7466038838601,0.6641980048038927,1.596097061820805,20.5,33.0
leaky,58.966107578825046,73.2588841619147,77.7740694992426,20.0,1.0,28.85390081777927,0.6000000000000001,4.0,0.5,8.325475924022431,0.08,800,104,52,52,0.065,1.0,0.0,0.53216125695289,0.3653172265444387,0.6997964647325555,0.8269230769230769,0.8269230769230769,66.0264936932102,63.35096835708193,71.53277157200161,0.6832932482697353,1.4517091634361685,19.0,35.0
leaky,58.8285190178485,72.96432396168018,77.34320731164078,21.0,0.6,38.682113330805365,0.2,20.0,1.0,28.85390081777927,0.0,800,112,52,52,0.065,1.0,0.0,0.7488958574860254,0.5348059824666659,0.9460956905468064,0.15384615384615385,0.15384615384615385,65.88281588450656,63.43540336831465,68.14901653038159,0.6527077557564928,1.6319587657734267,24.0,29.0
leaky,59.811362016278494,73.22426870142637,77.37403890819104,14.0,0.6,25.788075553870243,0.30000000000000004,22.0,1.0,31.739290899557197,0.01,800,108,51,51,0.06375,1.0,0.0,0.5152904577853838,0.40866881416671696,0.67456865864369,0.8627450980392157,0.8627450980392157,66.67217676408981,63.921726758744065,71.79192484239488,0.4886300800780816,2.722443764738651,20.0,34.0
leaky,59.842292148184335,72.88448665166806,76.94431325172918,14.0,0.8,22.135850313724465,0.6000000000000001,14.0,0.5,29.13916573407851,0.09,800,111,51,51,0.06375,1.0,0.0,0.4197786829805207,0.30595971381948195,0.5834328242830613,1.0,1.0,65.69445208551394,63.570112741408956,70.44300627158104,0.48695660522673917,2.783480104514914,16.0,37.0
leaky,59.24022532309928,72.820109092537,77.05470269600626,15.0,0.6,27.63008095057526,0.30000000000000004,22.0,1.0,31.739290899557197,0.02,800,98,51,51,0.06375,1.0,0.0,0.5839513589920821,0.4170501203935155,0.892798630623673,0.7254901960784313,0.7254901960784313,66.26070521328387,63.94303836673591,69.7987662998818,0.5325316871769941,2.430132802363093,21.0,33.0
leaky,59.15885115706835,73.490267075898,78.11994827587027,15.0,0.6,27.63008095057526,0.30000000000000004,26.0,1.0,37.51007106311305,0.09,800,101,51,51,0.06375,1.0,0.0,0.6028068100583502,0.40310699532315053,0.7951789600494119,0.6078431372549019,0.6078431372549019,65.01261017617529,63.4223154512606,69.12903255143792,0.5134869436929426,2.554338056784682,22.0,33.0
leaky,59.478559796765225,72.65584496616964,76.75612558721397,15.0,0.6,27.63008095057526,0.6000000000000001,14.0,1.0,20.19773057244549,0.1,800,101,51,51,0.06375,1.0,0.0,0.5797221184609337,0.41982075700749927,0.8450096015190133,0.7647058823529411,0.7647058823529411,66.23139353597728,63.90546015533888,69.94261923492853,0.5255381548935644,2.4932888912809386,22.0,32.0
leaky,59.515585478932124,73.06660197487747,77.07270827200912,15.0,1.0,21.64042561333445,0.7000000000000001,4.0,0.5,8.325475924022431,0.06,800,108,51,51,0.06375,1.0,0.0,0.37625379604151793,0.2861792070064726,0.5281554865131516,1.0,1.0,65.27494485671019,63.96175559702263,68.46749426306812,0.49158684100391914,2.7223565237470266,15.0,38.0
leaky,59.39706164713097,73.43704504803931,77.86874306516097,16.0,0.6,29.47208634728028,0.30000000000000004,22.0,1.0,31.739290899557197,0.05,800,84,51,51,0.06375,1.0,0.0,0.6061627752915805,0.43258436629889474,0.8259654256941681,0.6470588235294118,0.6470588235294118,65.21235731773113,63.80161749299429,68.46976595490071,0.5502083792736256,2.3116200206443693,22.0,32.0
leaky,58.84839146516241,72.61014730370792,76.72039330665787,16.0,1.0,23.083120654223414,0.6000000000000001,8.0,0.5,16.650951848044862,0.05,800,111,51,51,0.06375,1.0,0.0,0.388899905260068,0.28946419428115583,0.5678153869079559,1.0,1.0,66.3716540668872,63.987642692089864,69.21364128512087,0.5262599585012401,2.4425886673598347,16.0,38.0
leaky,59.289819467289576,72.81610337936006,76.93758657826712,18.0,1.0,25.968510736001342,0.6000000000000001,4.0,0.5,8.325475924022431,0.05,800,95,51,51,0.06375,1.0,0.0,0.45909621902539033,0.31905547187447514,0.6217953085009347,0.9803921568627451,0.9803921568627451,65.53787771372902,63.360066298004675,70.56764884932382,0.5976799228017695,1.9045518928511898,17.0,37.0
leaky,60.38429479827519,73.20714575630633,77.22302054287829,19.0,0.8,30.04151114005463,0.1,28.0,0.5,58.27833146815702,0.04,800,115,51,51,0.06375,1.0,0.0,0.614970748868492,0.403077387087428,0.7656273870993281,0.5686274509803921,0.5686274509803921,66.37579174817293,63.4979169087876,69.51406337731609,0.6867931134734444,1.4666770660777269,21.0,33.0
leaky,59.124330203108954,73.42968269261075,77.63000179842479,19.0,0.8,30.04151114005463,0.4,14.0,1.0,20.19773057244549,0.01,800,96,51,51,0.06375,1.0,0.0,0.5791360298633046,0.39986912175227035,0.886934707132988,0.6470588235294118,0.6470588235294118,66.21356220534656,63.517575831922784,68.91642308313018,0.6192255038842779,1.8361459114173777,21.0,33.0
leaky,59.03637273157797,72.76329720610741,76.92493517175583,19.0,1.0,27.411205776890306,0.30000000000000004,16.0,0.5,33.301903696089724,0.0,800,108,51,51,0.06375,1.0,0.0,0.4797722670421863,0.34007984910607314,0.6354214128270339,0.9803921568627451,0.9803921568627451,66.50347297026934,64.26817676120103,70.5025392116982,0.6377972728666915,1.7641864098103557,19.0,36.0
leaky,58.627388222919365,73.48589845883043,77.73676748979561,20.0,1.2000000000000002,27.144099887121083,0.6000000000000001,6.0,1.0,8.656170245333781,0.03,800,101,51,51,0.06375,1.0,0.0,0.4424207124279354,0.3226782947093024,0.6572160731181607,0.9411764705882353,0.9411764705882353,65.92678196820201,63.63381625065457,69.5537245585734,0.6552546602074634,1.639567058267813,17.0,37.0
leaky,58.77583331765391,72.78245211209733,77.12700250822334,21.0,0.6,38.682113330805365,0.30000000000000004,18.0,1.0,25.968510736001342,0.05,800,110,51,51,0.06375,1.0,0.0,0.7139984371121189,0.5010370223569917,0.9604135333260202,0.27450980392156865,0.27450980392156865,65.85964789476941,63.68791598087423,68.6486603103729,0.6478559186311865,1.660394601846714,24.0,30.0
leaky,59.98704587461111,73.00310373746103,77.04230637592403,14.0,0.8,22.135850313724465,0.5,22.0,0.5,45.79011758212337,0.09,800,105,50,50,0.0625,1.0,0.0,0.4113074336383542,0.3137289597685499,0.6100344202786022,0.98,0.98,65.34392234878294,63.768935742591715,71.52907733094673,0.47087461827205696,2.9039222516465797,16.0,37.5
leaky,59.537622234659665,72.721885377891,76.87887701726716,15.0,0.8,23.7169824789905,0.7000000000000001,6.0,0.5,12.488213886033648,0.1,800,113,50,50,0.0625,1.0,0.0,0.44060071895236624,0.34320929793911836,0.5921717890675054,1.0,1.0,66.47138257763058,63.56068454815499,69.71695544408962,0.512817903090421,2.566062896142311,17.0,36.5
leaky,59.71125489225887,73.2740622364542,77.49442263918628,16.0,0.6,29.47208634728028,0.5,16.0,1.0,23.083120654223414,0.09,800,95,50,50,0.0625,1.0,0.0,0.6170600586588075,0.44244366461678125,0.8878156966237464,0.54,0.54,65.82646766346483,63.728117149406884,71.74153430912351,0.5730614310410416,2.0947066235826917,23.0,31.5
leaky,58.6264686378813,72.6575052162753,76.86424521190182,16.0,1.0,23.083120654223414,0.5,16.0,0.5,33.301903696089724,0.05,800,103,50,50,0.0625,1.0,0.0,0.3891923383875659,0.29521721765509473,0.5671989578957303,1.0,1.0,65.30175986612008,63.43176394614726,68.54173245078836,0.5002212776425914,2.6101361639585514,16.0,38.0
leaky,59.018956158357376,73.47861739949744,77.86351997266576,17.0,0.8,26.879246809522563,0.6000000000000001,12.0,1.0,17.312340490667562,0.08,800,96,50,50,0.0625,1.0,0.0,0.5330511416186461,0.36588328250206403,0.8063759539605319,0.86,0.86,65.82511280069417,63.638862157400986,70.40656390821867,0.5156568714241914,2.5123220854554984,20.0,34.0
leaky,59.03197223126544,72.96850912045043,77.1484334725791,17.0,1.0,24.525815695112378,0.30000000000000004,24.0,0.5,49.95285554413459,0.02,800,92,50,50,0.0625,1.0,0.0,0.41988256086273135,0.2841604936427108,0.5349551376324057,1.0,1.0,66.07571163950385,63.67293219119187,71.54282820568746,0.5351822137288216,2.4105391709436716,16.0,37.0
leaky,60.44007163305993,73.34070897750003,77.39441408563547,19.0,0.8,30.04151114005463,0.2,22.0,0.5,45.79011758212337,0.06,800,101,50,50,0.0625,1.0,0.0,0.578413450336705,0.43957714335908665,0.7471965541064072,0.8,0.8,66.13922408254874,63.79646023866259,70.54747971397764,0.6706896991056794,1.5734129781599075,20.0,34.0
leaky,59.64443201466989,72.79261321699491,76.96481668774689,19.0,0.8,30.04151114005463,0.30000000000000004,20.0,0.5,41.62737962011216,0.09,800,106,50,50,0.0625,1.0,0.0,0.5652804419997103,0.3601896554755925,0.7788967239675043,0.74,0.74,65.9050408219887,63.39632927404374,69.96081061807813,0.6569242532445891,1.6264002078787763,19.0,34.0
leaky,58.72508147950773,73.41710808398636,78.00490442381475,19.0,1.0,27.411205776890306,0.4,16.0,0.5,33.301903696089724,0.07,800,93,50,50,0.0625,1.0,0.0,0.5003992542709631,0.35821853714600316,0.71610419911405,0.9,0.9,66.11189374734657,63.83173444556411,70.41496021931327,0.5942808583016583,1.968489062369407,19.0,35.5
leaky,59.29051769405549,72.57479420666323,76.82965209620482,20.0,0.8,31.62264330532066,0.4,14.0,0.5,29.13916573407851,0.1,800,124,50,50,0.0625,1.0,0.0,0.5958959702992185,0.4620960967942814,0.7987458643731689,0.66,0.66,65.237011135808,64.04265195619512,69.57093708056537,0.6421259072668066,1.718912647394117,20.5,33.0
leaky,59.419751846573675,72.42959269978954,76.5908909690672,20.0,0.8,31.62264330532066,0.5,8.0,0.5,16.650951848044862,0.09,800,102,50,50,0.0625,1.0,0.0,0.5858039127298562,0.4479075334511276,0.7615193339642534,0.68,0.68,66.10266468737574,63.36955122944647,70.0809640751695,0.6852232042399347,1.4686807597841915,20.0,33.5
leaky,58.824377464575804,72.46887979594183,76.69211363454814,20.0,1.0,28.85390081777927,0.5,6.0,0.5,12.488213886033648,0.04,800,104,50,50,0.0625,1.0,0.0,0.5111198044885499,0.37064934079825934,0.6627385892876305,0.94,0.94,65.76464174308833,63.68353562091105,71.9646171646503,0.6832228364093706,1.459821340016042,19.0,35.0
leaky,58.76952731841598,73.3880138552334,78.03222549618675,21.0,0.6,38.682113330805365,0.30000000000000004,20.0,1.0,28.85390081777927,0.1,800,112,50,50,0.0625,1.0,0.0,0.731728070216155,0.4906831761870221,1.05117580973297,0.18,0.18,65.75060511826463,63.6692543457384,68.89511381595054,0.641781484572135,1.6984967754332378,24.0,30.0
leaky,58.56286092938108,73.19354956563419,77.83360742830081,21.0,1.0,30.296595858668233,0.4,12.0,0.5,24.976427772067296,0.07,800,117,50,50,0.0625,1.0,0.0,0.5630805073633699,0.4016395630016308,0.727716838123129,0.84,0.84,65.0986856690451,63.62707126328142,69.5848704582933,0.6963117311299731,1.3995270017486872,19.0,34.0
leaky,58.72628661634486,72.54168858092392,76.98192912304147,21.0,1.0,30.296595858668233,0.7000000000000001,6.0,2.0,7.206734452718699,0.1,800,114,50,50,0.0625,1.0,0.0,0.5280609808701646,0.38273526678335884,0.6608176679004736,0.88,0.88,66.86749655556198,63.598024700001965,69.32774877130727,0.7078961187114281,1.3413563544843226,20.0,34.0
leaky,58.6631781467116,72.66122985544095,77.19550730743538,14.0,0.6,25.788075553870243,0.4,26.0,1.0,37.51007106311305,0.1,800,115,49,49,0.06125,1.0,0.0,0.5517933325250519,0.4177743874168089,0.7620722960874242,0.8163265306122449,0.8163265306122449,64.6562134282249,63.41099770380081,68.98227484774407,0.47820887989785194,2.8238427099890067,21.0,33.0
leaky,59.79743500998419,73.01086734095917,77.15016839515418,14.0,0.8,22.135850313724465,0.7000000000000001,8.0,0.5,16.650951848044862,0.1,800,102,49,49,0.06125,1.0,0.0,0.40948682394264024,0.3260033947065984,0.6327122013597736,0.9795918367346939,0.9795918367346939,65.12472213337543,63.48720060762374,68.38358829501995,0.49725507125254964,2.7058138331058266,17.0,37.0
leaky,59.30996828643053,72.9211602569747,77.1867287788147,15.0,0.6,27.63008095057526,0.4,20.0,1.0,28.85390081777927,0.06,800,107,49,49,0.06125,1.0,0.0,0.5728079655807475,0.40913926147110596,0.8262873445505519,0.7142857142857143,0.7142857142857143,66.78462078466588,63.82045811062699,70.2043033470689,0.5221736796760637,2.5245112561727026,21.0,33.0
leaky,59.05427544570642,73.41065739793382,78.01597181994491,16.0,0.6,29.47208634728028,0.2,26.0,1.0,37.51007106311305,0.04,800,91,49,49,0.06125,1.0,0.0,0.639454568593357,0.47876698049335936,0.9067430191772975,0.4897959183673469,0.4897959183673469,65.4712823411652,63.95357279672365,68.29883057632085,0.5373595493644606,2.3311466742259204,22.0,32.0
leaky,59.107967934690365,73.4384521587769,78.03588390874475,16.0,0.6,29.47208634728028,0.30000000000000004,24.0,1.0,34.624680981335125,0.08,800,102,49,49,0.06125,1.0,0.0,0.6450241915225401,0.46963871416971537,0.893559235115161,0.4489795918367347,0.4489795918367347,65.70269215131438,63.52061177065356,69.40301404366747,0.5565355469336918,2.225996366009225,23.0,32.0
leaky,58.773095143373894,73.21935927581556,77.58821426515408,16.0,1.0,23.083120654223414,0.4,28.0,0.5,58.27833146815702,0.07,800,110,49,49,0.06125,1.0,0.0,0.38667516927777656,0.3064189907029241,0.5908564092463302,0.9795918367346939,0.9795918367346939,65.85387453875042,63.87721431627135,69.26751810743912,0.4812316933697543,2.8041895560105794,16.0,38.0
leaky,58.57657215305751,72.99398997095378,77.39333914117641,17.0,1.0,24.525815695112378,0.4,22.0,0.5,45.79011758212337,0.06,800,93,49,49,0.06125,1.0,0.0,0.4438063040890355,0.290657746165262,0.6054331648705613,0.9795918367346939,0.9795918367346939,66.0357278014182,63.59156306322937,68.59327758214224,0.5584863383237855,2.2245837447065857,18.0,37.0
leaky,59.85962063622705,73.0012896464432,77.15110181173371,18.0,0.8,28.460378974788597,0.30000000000000004,22.0,0.5,45.79011758212337,0.09,800,86,49,49,0.06125,1.0,0.0,0.5694561678068814,0.4031377573419461,0.7672855682361618,0.6938775510204082,0.6938775510204082,65.98723937544494,63.40710366303554,71.47307950502135,0.6623085150748348,1.596378030658357,20.0,33.0
leaky,58.782899669107465,73.01530927705423,77.48599507731517,19.0,0.6,34.998102537395326,0.2,22.0,1.0,31.739290899557197,0.01,800,95,49,49,0.06125,1.0,0.0,0.698274046240157,0.5019957500496648,0.9037252645966211,0.30612244897959184,0.30612244897959184,65.70534658997283,63.77353357065303,68.5971767949182,0.6084454801165812,1.8834845616715277,23.0,31.0
leaky,59.79456259527736,72.64355852071833,76.71979445581974,19.0,0.8,30.04151114005463,0.5,8.0,0.5,16.650951848044862,0.08,800,102,49,49,0.06125,1.0,0.0,0.5646806108899386,0.451790488579427,0.7432642262866694,0.7346938775510204,0.7346938775510204,65.1175315489608,63.549978088315655,69.74825930988462,0.6774808619572317,1.5045658174043146,20.0,33.0
leaky,58.79412947173,73.06225633396082,77.45524857359386,19.0,1.0,27.411205776890306,0.2,26.0,0.5,54.11559350614581,0.02,800,101,49,49,0.06125,1.0,0.0,0.49608334319879605,0.35624248901955746,0.6919175058002252,0.8979591836734694,0.8979591836734694,65.33289182130473,63.7690957191347,72.16453543093519,0.6307749797927035,1.7958652332992928,18.0,36.0
leaky,58.6555385586301,72.76224762131801,76.94985031300752,19.0,1.0,27.411205776890306,0.7000000000000001,8.0,2.0,9.608979270291599,0.08,800,92,49,49,0.06125,1.0,0.0,0.4696932269434789,0.3302633287790317,0.6042102065208265,0.9795918367346939,0.9795918367346939,66.32389806108864,63.48781139294905,70.65955431330467,0.605113367445591,1.9001159944868362,18.0,35.0
leaky,58.80883778639202,73.34053049729707,77.94398200063121,20.0,0.6,36.840107934100345,0.2,22.0,1.0,31.739290899557197,0.04,800,92,49,49,0.06125,1.0,0.0,0.730262743834568,0.46921293679847653,0.9939909574073363,0.20408163265306123,0.20408163265306123,65.32363832903285,63.806487078555115,68.66609468235853,0.6510755347233983,1.6329101502521128,24.0,30.0
leaky,60.19525043088049,73.02797907221287,77.06610789768224,20.0,0.8,31.62264330532066,0.1,26.0,0.5,54.11559350614581,0.04,800,113,49,49,0.06125,1.0,0.0,0.6031776560494678,0.45015345686906133,0.7463459217891424,0.6122448979591837,0.6122448979591837,65.50694331305084,63.95744195609275,69.27788124293552,0.708949392748943,1.3656023793059022,21.0,33.0
leaky,60.59808782156549,73.41020618079668,77.45041489229995,20.0,0.8,31.62264330532066,0.30000000000000004,14.0,0.5,29.13916573407851,0.06,800,110,49,49,0.06125,1.0,0.0,0.6219147242576792,0.4094550071536782,0.8402451070767075,0.5510204081632653,0.5510204081632653,66.67943806296493,63.470724441520076,69.92460002148073,0.7198928735744786,1.2579755928848342,21.0,33.0
leaky,59.53276099394243,72.50722787526234,76.63829998212086,20.0,0.8,31.62264330532066,0.4,12.0,0.5,24.976427772067296,0.08,800,101,49,49,0.06125,1.0,0.0,0.599924872178901,0.45180837234816607,0.7872848692552711,0.5714285714285714,0.5714285714285714,66.78104427443479,63.61755688449422,69.88667688454063,0.6695305309390766,1.6002649640050213,21.0,33.0
leaky,59.251964924223905,72.734265490875,76.78591128066995,20.0,0.8,31.62264330532066,0.6000000000000001,8.0,1.0,11.541560327111707,0.08,800,87,49,49,0.06125,1.0,0.0,0.6144886033326346,0.4111604063897357,0.781049754232977,0.6530612244897959,0.6530612244897959,65.941024098082,63.88468949625546,70.23275713377686,0.6678227491828439,1.5502659082878973,21.0,33.0
leaky,58.89104411626581,73.10062711369415,77.50105569464077,20.0,1.0,28.85390081777927,0.2,22.0,0.5,45.79011758212337,0.01,800,105,49,49,0.06125,1.0,0.0,0.5480470015690531,0.40071988832427385,0.857404850915681,0.8367346938775511,0.8367346938775511,64.77920859541369,63.505209206548095,69.7239848637338,0.716975392954686,1.2856700367305982,20.0,34.0
leaky,58.61701042931788,73.00750964000602,77.49196561649237,20.0,1.0,28.85390081777927,0.2,24.0,0.5,49.95285554413459,0.03,800,106,49,49,0.06125,1.0,0.0,0.5683307694416929,0.3711871413564408,0.7420731556073684,0.7755102040816326,0.7755102040816326,65.7708144642271,63.679256291777456,69.8309042332593,0.7128719075733073,1.3200695322887464,20.0,34.0
leaky,58.883037871044465,73.31627750645971,77.34709501889319,22.0,0.6,40.524118727510384,0.5,14.0,1.5,17.874931862232007,0.09,800,92,49,49,0.06125,1.0,0.0,0.7706672557499371,0.5638793564267145,0.9991054872030287,0.12244897959183673,0.12244897959183673,66.32853208466184,63.773899872882694,69.02913845431439,0.6890914251243575,1.4061880577694623,25.0,29.0
leaky,59.35979422354255,72.58688575300027,76.68811878951738,14.0,0.6,25.788075553870243,0.4,20.0,1.0,28.85390081777927,0.04,800,110,48,48,0.06,1.0,0.0,0.5143637037939601,0.4141246063205984,0.7399193240274801,0.7708333333333334,0.7708333333333334,65.9350331541709,63.548101512328664,69.48483299640598,0.48498800123539676,2.7283101504533556,20.0,33.5
leaky,59.15205539433781,73.1037971266995,77.57718943006475,14.0,0.6,25.788075553870243,0.30000000000000004,26.0,1.0,37.51007106311305,0.06,800,129,48,48,0.06,1.0,0.0,0.5483750759798276,0.4247897682400375,0.7707216773850383,0.7916666666666666,0.7916666666666666,66.03775737924755,63.74037432242629,70.67088306962297,0.49067551146495053,2.7101772375122266,21.0,33.0
leaky,59.80304481838573,73.23150296386248,77.41062571993561,14.0,0.6,25.788075553870243,0.4,20.0,1.0,28.85390081777927,0.05,800,105,48,48,0.06,1.0,0.0,0.5346723422910402,0.42421370728219204,0.8491924047534833,0.7291666666666666,0.7291666666666666,65.4545024255961,63.81230947135098,69.32612459686716,0.5058672177252395,2.618477805780675,20.0,32.5
leaky,59.32587831650756,72.50139904445524,76.53384351669476,14.0,0.8,22.135850313724465,0.8,6.0,1.0,8.656170245333781,0.1,800,120,48,48,0.06,1.0,0.0,0.4363636299802084,0.32816342341386157,0.5560850010846494,1.0,1.0,66.28911117427248,63.549991714647966,69.39680987877611,0.47905384243716087,2.809200840591351,18.0,36.0
leaky,59.91201390040233,73.21825787873978,77.2724793711657,15.0,0.6,27.63008095057526,0.30000000000000004,20.0,1.0,28.85390081777927,0.0,800,92,48,48,0.06,1.0,0.0,0.5647731634381783,0.4344869301244476,0.7764042146983984,0.8541666666666666,0.8541666666666666,65.8293736409062,63.68150313219471,70.1576479622444,0.5358109434291846,2.3883303319976257,21.0,33.0
leaky,59.32531687533115,72.41056460686747,76.51508603348861,15.0,0.8,23.7169824789905,0.6000000000000001,12.0,0.5,24.976427772067296,0.09,800,86,48,48,0.06,1.0,0.0,0.4665867162650673,0.3151763922982435,0.6166945748120022,0.9791666666666666,0.9791666666666666,65.15468460600917,63.448749822437655,68.68580689339282,0.5199880565969941,2.4776739053038064,18.0,35.5
leaky,58.553675025127276,73.02551777157856,77.72478079003778,16.0,0.6,29.47208634728028,0.2,28.0,1.0,40.39546114489098,0.07,800,93,48,48,0.06,1.0,0.0,0.651336126216908,0.47370552135727806,0.8657846868724656,0.4583333333333333,0.4583333333333333,65.61148262589091,63.85734469869097,69.10548361353739,0.5443417022601242,2.2960071355569998,22.0,32.0
leaky,58.65845616240503,73.18361646346747,77.48005728854929,16.0,0.6,29.47208634728028,0.6000000000000001,16.0,1.5,20.428493556836578,0.1,800,112,48,48,0.06,1.0,0.0,0.5778087569432384,0.46625522181748036,0.852434149910116,0.6041666666666666,0.6041666666666666,65.24004015278652,63.513454704815636,69.33342345443775,0.5438331212973028,2.3005647548955417,22.0,32.0
leaky,58.76825278113783,72.55095717379984,76.81518401681026,16.0,1.0,23.083120654223414,0.8,4.0,1.5,5.1071233892091445,0.09,800,98,48,48,0.06,1.0,0.0,0.4005198419750978,0.29781717146538333,0.5138857847896996,1.0,1.0,65.28626814355151,63.50515399004259,68.64528927095475,0.5345011890747247,2.439773271568235,16.0,37.5
leaky,58.60568356530551,73.03558556587369,77.68338716703627,17.0,0.6,31.314091743985294,0.30000000000000004,24.0,1.0,34.624680981335125,0.09,800,109,48,48,0.06,1.0,0.0,0.6277510214049129,0.45385688950562086,0.9157999770076514,0.5416666666666666,0.5416666666666666,65.29210701115201,63.743356872259874,68.9235161691331,0.5513483994383602,2.314352790622695,21.0,32.0
leaky,59.062386782166946,72.99038159048564,77.35369513191642,18.0,0.6,33.15609714069031,0.4,18.0,1.0,25.968510736001342,0.08,800,86,48,48,0.06,1.0,0.0,0.6515135837733426,0.4718140575242925,0.9006406592815911,0.4583333333333333,0.4583333333333333,64.7777136791515,63.79779813258499,67.10081492310515,0.6030506609982169,1.9309994105506043,22.0,31.0
leaky,59.188985178785885,73.40982374983165,77.7848855482732,19.0,1.0,27.411205776890306,0.30000000000000004,18.0,0.5,37.464641658100945,0.03,800,101,48,48,0.06,1.0,0.0,0.499401290662447,0.363722747043532,0.6941280534521594,0.9375,0.9375,65.58201904861176,63.60993666902172,71.04009365948566,0.6433129104636139,1.7113771593357607,18.0,35.5
leaky,60.52044922052273,73.49677203764841,77.58954893790504,20.0,0.8,31.62264330532066,0.1,26.0,0.5,54.11559350614581,0.07,800,114,48,48,0.06,1.0,0.0,0.6109096733118109,0.4568676394521086,0.7523746091401312,0.5416666666666666,0.5416666666666666,66.19016344984291,64.23529921428081,70.2680933007124,0.7031484768938518,1.3714856446351247,21.0,33.0
leaky,58.71630103968254,73.21213509481558,77.51873074509385,20.0,0.8,31.62264330532066,0.4,14.0,1.0,20.19773057244549,0.02,800,89,48,48,0.06,1.0,0.0,0.6041914204501437,0.42461919713935825,0.7608295622373934,0.625,0.625,65.75648060421463,63.65700341752866,69.78723918073288,0.682258964248039,1.476377059369741,21.0,32.5
leaky,58.84362426628592,73.34003864148863,77.86612825398052,20.0,1.0,28.85390081777927,0.2,24.0,0.5,49.95285554413459,0.04,800,102,48,48,0.06,1.0,0.0,0.5207791636361888,0.4026508440092014,0.7044224317807267,0.8958333333333334,0.8958333333333334,65.63569799409888,63.969526317897966,68.95747566300945,0.6426160343530732,1.7276058572823025,19.5,35.0
leaky,58.648694594160524,72.73531691486413,77.0851782774489,20.0,1.0,28.85390081777927,0.2,22.0,0.5,45.79011758212337,0.0,800,112,48,48,0.06,1.0,0.0,0.5066648576010557,0.349344515179826,0.6571688882678248,0.9166666666666666,0.9166666666666666,66.41570479502988,63.7439379407951,70.12329754776022,0.6530246819206861,1.6296839083587806,19.0,35.0
leaky,59.070868539953786,73.32963416051018,77.75908472883265,21.0,0.6,38.682113330805365,0.2,20.0,1.0,28.85390081777927,0.01,800,112,48,48,0.06,1.0,0.0,0.7204216142615756,0.5544791283015403,0.9316484466345942,0.2916666666666667,0.2916666666666667,65.6562452692045,63.62608469242646,70.16849003823525,0.63885974538055,1.7090958710490414,24.0,31.0
leaky,59.6660411517465,72.91893883738479,76.95542876616528,21.0,0.6,38.682113330805365,0.5,12.0,1.0,17.312340490667562,0.1,800,99,48,48,0.06,1.0,0.0,0.7395175718495202,0.5842604236270377,0.9674423737487703,0.125,0.125,66.17285818955392,63.85113333720796,70.63510269533283,0.6832482261751924,1.4982498087899314,24.0,30.0
leaky,60.473565013521494,73.36872700031748,77.45073979232998,21.0,0.8,33.2037754705867,0.2,18.0,0.5,37.464641658100945,0.06,800,117,48,48,0.06,1.0,0.0,0.6325196854237023,0.46837635100482944,0.815893971995704,0.5,0.5,66.09792537045317,63.516524841923825,69.1065418900239,0.7014509097646839,1.3648807862532601,21.0,33.0
leaky,58.820804890473426,73.06816790878864,77.51460546520056,22.0,0.6,40.524118727510384,0.30000000000000004,18.0,1.0,25.968510736001342,0.07,800,104,48,48,0.06,1.0,0.0,0.7486944909891523,0.5870385291193464,1.0525717911422001,0.14583333333333334,0.14583333333333334,65.02736043684317,63.55727648152636,68.41482956003819,0.6706260273067047,1.5187693156938398,24.0,30.0
leaky,59.26758044755887,72.88471081457695,77.00562325446688,22.0,0.6,40.524118727510384,0.30000000000000004,16.0,1.0,23.083120654223414,0.03,800,98,48,48,0.06,1.0,0.0,0.7798856483942275,0.5621441315681619,1.0032716192753415,0.14583333333333334,0.14583333333333334,67.02670341330793,64.19058110116879,71.74079955819765,0.6563626764413291,1.6446721096825105,24.5,29.0
leaky,58.82241504137315,73.43690623892145,78.03047113767245,23.0,0.6,42.366124124215396,0.2,20.0,1.0,28.85390081777927,0.05,800,110,48,48,0.06,1.0,0.0,0.8196269830623515,0.5331317238306965,1.1678597421569807,0.08333333333333333,0.08333333333333333,66.04356033984772,63.6956117062271,69.16491284672581,0.7131444886367115,1.2787311536571355,25.5,28.0
leaky,59.9217655957236,73.38957818089858,77.60448793809098,13.0,0.6,23.946070157165224,0.30000000000000004,24.0,1.0,34.624680981335125,0.02,800,114,47,47,0.05875,1.0,0.0,0.5304556342424198,0.4291913903985953,0.727904192424929,0.851063829787234,0.851063829787234,66.37683612758843,63.69000102836682,70.88923432891524,0.47577331523577865,2.7843947232884774,20.0,33.0
leaky,59.44783773312057,72.67630340318135,76.75022278240324,14.0,0.6,25.788075553870243,0.30000000000000004,22.0,1.0,31.739290899557197,0.0,800,102,47,47,0.05875,1.0,0.0,0.5550908013552344,0.392981328649075,0.724006313251346,0.723404255319149,0.723404255319149,65.05657759322722,63.779874388488594,69.62580397778432,0.4988400773457517,2.6026999573331016,21.0,33.0
leaky,59.21656507152828,72.41379396571249,76.528952511575,14.0,0.6,25.788075553870243,0.5,18.0,1.0,25.968510736001342,0.07,800,99,47,47,0.05875,1.0,0.0,0.5567597509452962,0.4041397506340203,0.8228175977987501,0.8085106382978723,0.8085106382978723,66.20512106383103,63.545127905018106,70.12565903490098,0.49647151735252404,2.7107934337339836,20.0,33.0
leaky,59.52283680710956,72.50921049883945,76.54349258621431,14.0,0.8,22.135850313724465,0.5,24.0,0.5,49.95285554413459,0.09,800,111,47,47,0.05875,1.0,0.0,0.3980361587854785,0.31723388683641784,0.6282710628642775,0.9787234042553191,0.9787234042553191,65.60863441119099,63.798962519691,70.4561809681671,0.4814760755636444,2.7674290348829005,17.0,37.0
leaky,58.68441271307709,72.47163361758771,76.84809519950261,15.0,0.6,27.63008095057526,0.30000000000000004,24.0,1.0,34.624680981335125,0.04,800,104,47,47,0.05875,1.0,0.0,0.5931829821210597,0.4250673344327826,0.8091947432195145,0.6595744680851063,0.6595744680851063,66.18367401170136,63.427930769655944,70.08043960900366,0.5065431441424155,2.594056577631515,21.0,32.0
leaky,58.926196618329705,73.2356335451839,77.44037783265844,15.0,0.6,27.63008095057526,0.6000000000000001,16.0,1.5,20.428493556836578,0.09,800,108,47,47,0.05875,1.0,0.0,0.5587115186876607,0.4225683574608941,0.8332239549835818,0.7659574468085106,0.7659574468085106,65.85894529680994,63.89477389328886,70.91597117460577,0.47168354071126267,2.8777893968079074,21.0,32.0
leaky,60.01134964741257,72.93971778095886,76.96322227497151,15.0,0.8,23.7169824789905,0.5,16.0,0.5,33.301903696089724,0.08,800,93,47,47,0.05875,1.0,0.0,0.4736166100086485,0.3385944866105833,0.6986946896602604,0.9148936170212766,0.9148936170212766,65.60903525396708,63.51297478985716,68.24742342618539,0.5424908828966666,2.363586602696334,18.0,36.0
leaky,59.429724608575796,72.70536410105896,76.75506623338492,15.0,1.0,21.64042561333445,0.8,4.0,2.0,4.804489635145799,0.08,800,106,47,47,0.05875,1.0,0.0,0.35106369709724156,0.2570816640338925,0.5266853565754386,1.0,1.0,64.92087830730223,63.34268190452907,70.32552217155612,0.49498035660193845,2.6602329093534096,15.0,39.0
leaky,58.86169822777186,72.55118058218783,76.81519324616701,16.0,1.0,23.083120654223414,0.8,4.0,2.0,4.804489635145799,0.09,800,105,47,47,0.05875,1.0,0.0,0.37365482189723404,0.2880532012791049,0.5662490199356519,1.0,1.0,65.4150848418363,63.515432260091174,68.24269670436915,0.5079911317501427,2.640393951095152,16.0,38.0
leaky,59.01987209872159,73.36932653572129,77.88745022366021,19.0,0.6,34.998102537395326,0.2,22.0,1.0,31.739290899557197,0.02,800,101,47,47,0.05875,1.0,0.0,0.7384056521858781,0.482548111866399,1.0171794902549094,0.19148936170212766,0.19148936170212766,65.3518603396781,63.54299281190852,68.64198506584889,0.656448265714449,1.5913805586171754,24.0,30.0
leaky,59.02365671217525,72.53067080558552,76.67890298194999,19.0,0.6,34.998102537395326,0.4,16.0,1.0,23.083120654223414,0.06,800,91,47,47,0.05875,1.0,0.0,0.6871308863628814,0.48076961242941835,0.9546974250210127,0.3617021276595745,0.3617021276595745,65.9640053323743,63.619936225445244,71.29097182671897,0.6279845244123181,1.7637535094714465,23.0,31.0
leaky,60.432738622509575,73.26366651664497,77.29692291608566,19.0,0.8,30.04151114005463,0.30000000000000004,16.0,0.5,33.301903696089724,0.06,800,107,47,47,0.05875,1.0,0.0,0.5675705056222679,0.4261009153517181,0.7944529950452857,0.6382978723404256,0.6382978723404256,65.76347315170305,63.62534867273148,69.38117512623508,0.6923630038694937,1.4156100085341836,20.0,33.0
leaky,59.9999699267305,72.84560762517853,76.90196848543769,19.0,0.8,30.04151114005463,0.4,12.0,0.5,24.976427772067296,0.07,800,98,47,47,0.05875,1.0,0.0,0.5901044944330808,0.42281271839016743,0.7650976721017765,0.6808510638297872,0.6808510638297872,66.04621374393054,63.542818045178564,70.74029755421014,0.6905253837092574,1.4268693047408167,21.0,33.0
leaky,59.231345196417166,73.43026113842357,77.78475994524547,19.0,1.0,27.411205776890306,0.2,24.0,0.5,49.95285554413459,0.01,800,98,47,47,0.05875,1.0,0.0,0.5084211875369108,0.3406689243028269,0.6969185283323297,0.8936170212765957,0.8936170212765957,65.0645699244055,63.33083480864506,70.22361700403893,0.651175495879579,1.6285368271339231,19.0,35.0
leaky,58.82591701771151,73.05914703811352,77.41212702141036,19.0,1.2000000000000002,25.78689489276503,0.7000000000000001,4.0,1.5,5.1071233892091445,0.06,800,100,47,47,0.05875,1.0,0.0,0.4296975806345069,0.29556304378475234,0.5631009921486361,1.0,1.0,66.06951009489379,63.65407744860126,69.06165497859845,0.620248129608413,1.8666713230842789,16.0,37.0
leaky,60.13187257731772,73.17747129797444,77.30364710283399,20.0,0.8,31.62264330532066,0.1,28.0,0.5,58.27833146815702,0.1,800,111,47,47,0.05875,1.0,0.0,0.6172608764220235,0.4291307793261765,0.8106963096861697,0.6382978723404256,0.6382978723404256,65.84088025528769,63.58344574356863,69.45950940796799,0.6696437071613314,1.556718908397006,20.0,33.0
leaky,58.61414407444059,73.47036982637371,78.14828364742229,20.0,1.0,28.85390081777927,0.2,28.0,0.5,58.27833146815702,0.09,800,100,47,47,0.05875,1.0,0.0,0.5352822552017162,0.3928016584585046,0.7189868941696012,0.8723404255319149,0.8723404255319149,65.95021423906141,63.30370331311454,68.88609620434495,0.6837871762985404,1.479366269189148,19.0,34.0
leaky,59.37844070812977,73.27465130951957,77.59524729757092,20.0,1.0,28.85390081777927,0.5,6.0,0.5,12.488213886033648,0.05,800,108,47,47,0.05875,1.0,0.0,0.5444488648499276,0.39924924930895306,0.6671650705745764,0.9361702127659575,0.9361702127659575,65.7863670443827,63.442636552204746,69.4937570007267,0.6696634688067699,1.5624913037442136,19.0,35.0
leaky,59.363610240885215,73.47100634685422,77.86106617012928,21.0,0.6,38.682113330805365,0.4,16.0,1.0,23.083120654223414,0.1,800,98,47,47,0.05875,1.0,0.0,0.7658325886170886,0.5917418960407476,0.9833793916602601,0.14893617021276595,0.14893617021276595,65.45300728591353,63.60621137238456,68.09882779919167,0.7164467316922315,1.293518981926864,25.0,29.0
leaky,58.67962355168161,73.49487884920663,78.1900250062609,21.0,1.0,30.296595858668233,0.2,24.0,0.5,49.95285554413459,0.08,800,113,47,47,0.05875,1.0,0.0,0.5703628239490304,0.39691393623770876,0.7299815992634474,0.7872340425531915,0.7872340425531915,65.89598258122072,63.651580410715006,68.6907915463169,0.6980018750145704,1.3645409678512128,20.0,34.0
leaky,58.95666927305011,72.84795450668128,77.27335498672628,15.0,0.6,27.63008095057526,0.4,22.0,1.0,31.739290899557197,0.08,800,90,46,46,0.0575,1.0,0.0,0.5786089379527801,0.4038385156402297,0.7884103407054236,0.6956521739130435,0.6956521739130435,65.76676231592099,63.72128114504045,69.9354494452219,0.5079544510217797,2.630931820239586,21.0,33.0
leaky,59.94994839501392,72.85570477030046,76.86356226850407,15.0,0.8,23.7169824789905,0.4,24.0,0.5,49.95285554413459,0.08,800,90,46,46,0.0575,1.0,0.0,0.5040492973690751,0.343549365964106,0.73856548351868,0.8913043478260869,0.8913043478260869,66.37222548245191,63.4189800528351,71.74609916954475,0.5855562400316586,2.0596893442362063,19.0,35.0
leaky,58.76302536317225,72.44788897965717,76.5649324705996,15.0,0.8,23.7169824789905,0.7000000000000001,10.0,1.0,14.426950408889635,0.08,800,108,46,46,0.0575,1.0,0.0,0.43543322756502195,0.33490833480103294,0.6335950277853699,0.9782608695652174,0.9782608695652174,65.05823414254083,63.57188108600795,69.16820524433797,0.457322764872066,2.9589387433687353,18.0,36.0
leaky,58.86432616078425,73.11352892156583,77.30040379151615,17.0,0.8,26.879246809522563,0.4,16.0,1.0,23.083120654223414,0.0,800,90,46,46,0.0575,1.0,0.0,0.5141326267417505,0.38436758119530684,0.7149158188737551,0.8913043478260869,0.8913043478260869,66.25963097981158,64.02154296704111,71.64715669207754,0.5705543533245128,2.1780389449534665,19.5,34.0
leaky,58.66191174472526,73.4306886990808,78.17636576087035,19.0,0.6,34.998102537395326,0.1,26.0,1.0,37.51007106311305,0.0,800,86,46,46,0.0575,1.0,0.0,0.7224761854842503,0.48191749614894475,0.9943023272452924,0.2608695652173913,0.2608695652173913,64.72177374482888,63.400095812217195,67.22006555404143,0.6244807696874648,1.8236844460502675,23.5,30.0
leaky,60.08194351239647,72.86171457147157,76.87902657893817,20.0,0.8,31.62264330532066,0.1,26.0,0.5,54.11559350614581,0.03,800,97,46,46,0.0575,1.0,0.0,0.6081142021284807,0.41063659160546756,0.8117065886404959,0.6304347826086957,0.6304347826086957,67.07940606018596,64.1254384504376,70.14056957513853,0.6744562757282504,1.5167391634697265,20.5,33.0
leaky,59.86878391841532,72.79236829717402,76.88796799998326,20.0,0.8,31.62264330532066,0.30000000000000004,16.0,0.5,33.301903696089724,0.07,800,110,46,46,0.0575,1.0,0.0,0.5894905032976367,0.44359730528072167,0.7470487279089177,0.6739130434782609,0.6739130434782609,65.72870421763864,63.70010759891852,70.9854172108549,0.6711122931389502,1.5074993184767291,21.0,33.0
leaky,60.17985773581527,73.23277007108385,77.3758526320114,20.0,0.8,31.62264330532066,0.30000000000000004,16.0,0.5,33.301903696089724,0.08,800,114,46,46,0.0575,1.0,0.0,0.5794210204565656,0.40083208707658247,0.7742230675142441,0.8043478260869565,0.8043478260869565,66.84381751632709,63.92605136667967,69.98502380337573,0.6750447423612966,1.5201770245014505,21.0,33.0
leaky,59.867879887048375,73.12660605457921,77.35468486989397,20.0,0.8,31.62264330532066,0.30000000000000004,18.0,0.5,37.464641658100945,0.1,800,108,46,46,0.0575,1.0,0.0,0.6068058312434559,0.39522034142862267,0.8047498050532582,0.6521739130434783,0.6521739130434783,65.36628604621072,63.83968030490275,67.56417680315445,0.6846558326035039,1.4539594269571392,21.0,32.0
leaky,60.35851904942657,73.14736530814884,77.19498839327947,20.0,0.8,31.62264330532066,0.4,10.0,0.5,20.81368981005608,0.07,800,111,46,46,0.0575,1.0,0.0,0.6226825557974813,0.4015778942593737,0.7502901377731828,0.5652173913043478,0.5652173913043478,65.98845740662854,63.58374263660599,70.43114518596805,0.6979069014571908,1.4025269722098659,21.0,33.0
leaky,58.693659756782246,73.12830054186814,77.47098572021841,20.0,0.8,31.62264330532066,0.5,12.0,1.0,17.312340490667562,0.06,800,99,46,46,0.0575,1.0,0.0,0.6014581429965011,0.4327555771968912,0.7977596669643687,0.6739130434782609,0.6739130434782609,66.26644779641592,63.726436275228615,71.37099905512551,0.5995126373782305,1.9782740085207786,21.5,33.0
leaky,58.53975150996297,73.21620640256042,77.83824667159047,20.0,1.0,28.85390081777927,0.4,14.0,0.5,29.13916573407851,0.07,800,93,46,46,0.0575,1.0,0.0,0.5513557323989571,0.3850765579238629,0.7379266878917212,0.782608695652174,0.782608695652174,65.37482614484608,63.54409414621812,67.9886603527919,0.6816618889233668,1.4476304138097738,19.0,35.0
leaky,58.77830829221649,73.27221695367828,77.80620338817889,20.0,1.0,28.85390081777927,0.30000000000000004,18.0,0.5,37.464641658100945,0.05,800,103,46,46,0.0575,1.0,0.0,0.5246060058897773,0.3996695956650595,0.7106141847540507,0.8695652173913043,0.8695652173913043,65.12519162340388,63.403103181181706,68.26290960430543,0.6405423880351171,1.695976889753899,18.5,35.0
leaky,59.43033903407659,72.73076701013403,76.74786328646678,21.0,0.6,38.682113330805365,0.4,14.0,1.0,20.19773057244549,0.06,800,101,46,46,0.0575,1.0,0.0,0.7045418111129815,0.5528488433782578,1.0420617780709267,0.2608695652173913,0.2608695652173913,65.71719743643845,63.99497659401795,70.65315954314815,0.6651397715953042,1.563567829152789,23.0,30.0
leaky,59.07427317446756,72.54192925956835,76.98193166740427,21.0,1.0,30.296595858668233,0.7000000000000001,4.0,2.0,4.804489635145799,0.1,800,114,46,46,0.0575,1.0,0.0,0.5622291937564146,0.38462211224633147,0.6752988216811509,0.9130434782608695,0.9130434782608695,65.23454281689378,63.42780024174661,70.22388151197768,0.7077488100664133,1.3453325831121132,20.0,34.0
leaky,58.94138251103352,73.38954567714791,77.90725674834232,22.0,0.6,40.524118727510384,0.2,20.0,1.0,28.85390081777927,0.03,800,91,46,46,0.0575,1.0,0.0,0.7695525178127668,0.5631266848260873,1.0279288462593688,0.13043478260869565,0.13043478260869565,65.72821654382545,63.804133869570045,69.3300706387308,0.6502792572525573,1.639138004053725,25.0,29.0
leaky,58.75532356802873,72.50812855820568,76.89078464468173,14.0,0.6,25.788075553870243,0.2,28.0,1.0,40.39546114489098,0.0,800,108,45,45,0.05625,1.0,0.0,0.5515372497199932,0.4015084383979317,0.7911433520500923,0.7555555555555555,0.7555555555555555,65.71140039672386,63.57003767153865,69.38570412015551,0.4935797449383334,2.741301800160351,21.0,33.0
leaky,59.24419602718895,73.31687948903324,77.41956333323859,14.0,0.6,25.788075553870243,0.6000000000000001,16.0,1.5,20.428493556836578,0.08,800,95,45,45,0.05625,1.0,0.0,0.5457423133161567,0.43922796319718516,0.7311971264352525,0.8444444444444444,0.8444444444444444,65.154883797308,63.312950624003875,69.32949266257306,0.4914745454958578,2.7075767082074838,21.0,33.0
leaky,60.01898223110015,73.19916470493182,77.30190800233532,14.0,0.8,22.135850313724465,0.5,24.0,0.5,49.95285554413459,0.1,800,115,45,45,0.05625,1.0,0.0,0.4408232919347907,0.32381605870683666,0.6223814525588358,1.0,1.0,65.29744434904356,63.480783151355894,68.51041915826693,0.47262291598094275,2.839599900079509,17.0,37.0
leaky,58.81102248879999,73.11125770229499,77.41942482581257,16.0,1.0,23.083120654223414,0.4,26.0,0.5,54.11559350614581,0.06,800,103,45,45,0.05625,1.0,0.0,0.3965681990974784,0.2852433576918768,0.5727087011568298,1.0,1.0,65.68584889425013,63.90286486532649,70.6263817940526,0.5034447140613304,2.5868045255134446,16.0,37.0
leaky,59.83679487353815,72.77084409562296,76.85476561865316,19.0,0.8,30.04151114005463,0.30000000000000004,18.0,0.5,37.464641658100945,0.07,800,93,45,45,0.05625,1.0,0.0,0.5577272457425164,0.40318117576816004,0.7693215250475794,0.8222222222222222,0.8222222222222222,66.66344563980911,64.01673468612044,70.94805515755723,0.6361887627957595,1.7131101699512086,20.0,34.0
leaky,59.07550310837395,72.96840479966099,77.2568741255784,20.0,0.6,36.840107934100345,0.30000000000000004,18.0,1.0,25.968510736001342,0.04,800,84,45,45,0.05625,1.0,0.0,0.6779899452709531,0.4929204364274762,0.9329500486218593,0.3333333333333333,0.3333333333333333,64.49828805747654,63.36339605112629,68.02250998052986,0.6269150298149726,1.807033539399492,24.0,30.0
leaky,60.032643492519604,73.03948045675597,77.15196401960979,20.0,0.8,31.62264330532066,0.1,28.0,0.5,58.27833146815702,0.09,800,109,45,45,0.05625,1.0,0.0,0.6000474009101565,0.43558632548150683,0.7441573049717448,0.6,0.6,66.07001651993981,63.972148618832975,69.88293084807049,0.700725826413041,1.3707739584912118,21.0,33.0
leaky,60.38250040694021,73.28569675266156,77.35707201635155,20.0,0.8,31.62264330532066,0.2,20.0,0.5,41.62737962011216,0.06,800,114,45,45,0.05625,1.0,0.0,0.6084496021924796,0.457062164986431,0.8099009742713971,0.5333333333333333,0.5333333333333333,66.42815854255159,63.721286139206015,71.19106942170805,0.6883632033327677,1.471324549824946,21.0,33.0
leaky,59.43762383595675,72.50600131130189,76.65831586108416,20.0,0.8,31.62264330532066,0.2,24.0,0.5,49.95285554413459,0.09,800,99,45,45,0.05625,1.0,0.0,0.5969615981160307,0.497351689947103,0.788751115229057,0.6444444444444445,0.6444444444444445,66.641575539402,63.946122057842004,69.88334834635421,0.6917321071145294,1.4074012957438224,21.0,34.0
leaky,60.5021819109929,73.19697661829132,77.22839785064085,20.0,0.8,31.62264330532066,0.5,6.0,0.5,12.488213886033648,0.08,800,101,45,45,0.05625,1.0,0.0,0.6143196962651575,0.41604123573917634,0.8213856219229955,0.6666666666666666,0.6666666666666666,65.75200425459614,63.64994311907773,71.29034260550141,0.6814752312833192,1.453849248474959,21.0,33.0
leaky,58.856164921450684,73.35948500644875,77.79846358397154,20.0,0.8,31.62264330532066,0.6000000000000001,10.0,1.0,14.426950408889635,0.1,800,102,45,45,0.05625,1.0,0.0,0.6129550179965455,0.4429487052803521,0.7784957961385254,0.6,0.6,65.9068924346337,63.901394613404506,69.42841459762808,0.6514391130479988,1.6529509059622662,21.0,33.0
leaky,59.071142081048876,72.95700640478603,77.24696099581342,20.0,1.0,28.85390081777927,0.4,10.0,0.5,20.81368981005608,0.03,800,114,45,45,0.05625,1.0,0.0,0.49579237609402665,0.3636705870369099,0.6723158981375742,0.8888888888888888,0.8888888888888888,66.94173619020862,63.90887817750773,71.80361653624725,0.6506712310003934,1.6472946279099838,18.0,36.0
leaky,59.045455041052385,73.2328417335094,77.66989453420209,21.0,1.0,30.296595858668233,0.30000000000000004,14.0,0.5,29.13916573407851,0.03,800,109,45,45,0.05625,1.0,0.0,0.5352699482371696,0.415140670484337,0.7393612128653847,0.8666666666666667,0.8666666666666667,65.90304863222329,64.06209771758793,69.56536783723782,0.6944493286861774,1.3580437108205103,19.0,34.0
leaky,58.81812068020142,72.74177881216653,76.87643759320886,21.0,1.4000000000000004,27.284461954868846,0.6000000000000001,4.0,1.5,5.1071233892091445,0.01,800,113,45,45,0.05625,1.0,0.0,0.41695321959160814,0.28824026245035606,0.509747746041607,1.0,1.0,66.0675950530352,63.802851663727985,70.71115697716282,0.7151921355436689,1.2959666478310234,16.0,38.0
leaky,58.54102949597253,72.74190472408326,76.87645265943863,21.0,1.4000000000000004,27.284461954868846,0.6000000000000001,6.0,2.0,7.206734452718699,0.01,800,118,45,45,0.05625,1.0,0.0,0.39193388842047455,0.3133051416770723,0.5266532399462105,1.0,1.0,66.69187798476092,63.61515944017442,70.98642272375548,0.6846540972103011,1.4842296675289066,16.0,38.0
leaky,58.600789743951566,73.11459763349035,77.66921767246333,23.0,0.6,42.366124124215396,0.2,20.0,1.0,28.85390081777927,0.04,800,105,45,45,0.05625,1.0,0.0,0.8243590855705226,0.5638852541396617,0.9880295324283449,0.044444444444444446,0.044444444444444446,65.13484583435985,63.89452536949894,68.33885916983736,0.716189993822676,1.2720878663187947,26.0,28.0
leaky,58.997673090134015,72.8734387570357,77.30666206187358,14.0,0.6,25.788075553870243,0.2,28.0,1.0,40.39546114489098,0.01,800,103,44,44,0.055,1.0,0.0,0.5543409897679163,0.4146338120311267,0.7734553363424308,0.75,0.75,65.306282085911,63.736509724003284,68.92537818549958,0.48590630223331377,2.7806823368605067,20.0,33.0
leaky,59.839196244567,73.09979068224689,77.24431270979707,14.0,0.8,22.135850313724465,0.6000000000000001,16.0,0.5,33.301903696089724,0.1,800,104,44,44,0.055,1.0,0.0,0.42825603095819725,0.3115406168058036,0.5357909441331027,1.0,1.0,66.40214622813363,64.08382055772032,69.77831142658944,0.4934763175148814,2.7115572874875946,17.5,37.0
leaky,59.295038198773625,73.28157421452755,77.41327459672867,15.0,1.0,21.64042561333445,0.4,28.0,0.5,58.27833146815702,0.05,800,121,44,44,0.055,1.0,0.0,0.37897646446917116,0.2985220025454866,0.5200835466010233,1.0,1.0,65.50618365416324,63.60418782715455,68.58556254259605,0.5053408210703116,2.6202132029394214,16.0,38.0
leaky,59.336279161941775,72.705140692671,76.75505700402819,15.0,1.0,21.64042561333445,0.8,4.0,1.5,5.1071233892091445,0.08,800,112,44,44,0.055,1.0,0.0,0.338243038510607,0.27449401482585334,0.4659608149157692,1.0,1.0,65.48229579225746,63.47809319905307,69.61048600110533,0.48524761756983603,2.7369641200729777,14.5,39.0
leaky,58.70047526695126,73.14277160301418,77.30581857483321,16.0,1.0,23.083120654223414,0.7000000000000001,8.0,1.0,11.541560327111707,0.06,800,98,44,44,0.055,1.0,0.0,0.39676319236552393,0.27618567239844666,0.5801973625428899,1.0,1.0,65.54233478941947,63.76201870752005,68.6862616613821,0.4848273948955737,2.7671525460726323,16.5,37.0
leaky,59.27478609810109,72.58141479669452,76.82868488030988,19.0,0.8,30.04151114005463,0.4,16.0,0.5,33.301903696089724,0.1,800,105,44,44,0.055,1.0,0.0,0.5620511526810044,0.384757080721307,0.8024207280340352,0.6818181818181818,0.6818181818181818,65.81543879527628,63.32809563170224,68.17414380716926,0.633437659208758,1.7395858420919463,20.5,34.0
leaky,60.30606307959128,73.18913337492842,77.24673463028681,20.0,0.8,31.62264330532066,0.1,26.0,0.5,54.11559350614581,0.05,800,107,44,44,0.055,1.0,0.0,0.6160789496561465,0.4702867400965811,0.8180543859974304,0.5454545454545454,0.5454545454545454,66.43688753170838,63.94827697778447,71.90603037956912,0.6907842360696759,1.4099483523385246,21.0,33.0
leaky,59.36418464829265,73.26352107710947,77.53461830563869,20.0,1.0,28.85390081777927,0.30000000000000004,14.0,0.5,29.13916573407851,0.01,800,104,44,44,0.055,1.0,0.0,0.5125626579239124,0.34472744438669,0.6827413625328069,0.8636363636363636,0.8636363636363636,65.2361071188173,63.543800520447306,68.70010241424448,0.6758657299945467,1.5185799740009593,18.0,35.0
leaky,58.672320071003256,72.72242518582905,77.06912770292095,20.0,1.0,28.85390081777927,0.30000000000000004,16.0,0.5,33.301903696089724,0.02,800,100,44,44,0.055,1.0,0.0,0.5214180878337108,0.4053284456060164,0.6752051939169824,0.8636363636363636,0.8636363636363636,66.14544249682365,63.84374767386011,69.78754133297316,0.66441924875975,1.5806455116706268,19.0,35.0
leaky,58.86077807441678,73.33384441041724,77.88653409481991,20.0,1.0,28.85390081777927,0.5,8.0,0.5,16.650951848044862,0.07,800,94,44,44,0.055,1.0,0.0,0.5474150521483564,0.3742257439099359,0.7267131368255241,0.8181818181818182,0.8181818181818182,65.31789946107986,63.51698547762934,69.51677470798889,0.672628084085826,1.556688810142509,19.0,34.5
leaky,59.1297929897145,72.85507832339138,76.90327706737787,21.0,0.8,33.2037754705867,0.5,10.0,1.0,14.426950408889635,0.05,800,107,44,44,0.055,1.0,0.0,0.648551420517687,0.46760357228634164,0.8401344535151871,0.4090909090909091,0.4090909090909091,65.998038557755,64.01157286731011,69.93272047281681,0.6525231548531853,1.6559683618537342,22.0,32.0
leaky,58.7862032328879,73.3762295229546,77.97724203320789,21.0,1.0,30.296595858668233,0.2,22.0,0.5,45.79011758212337,0.05,800,108,44,44,0.055,1.0,0.0,0.5947959770781597,0.4347820110513298,0.7654826250236599,0.7045454545454546,0.7045454545454546,65.96862890271875,63.447984110552895,69.2798880918617,0.7328902676242419,1.1755871516813148,20.0,34.0
leaky,58.7096541195931,73.04645122770857,77.51969990930021,22.0,0.6,40.524118727510384,0.2,20.0,1.0,28.85390081777927,0.02,800,85,44,44,0.055,1.0,0.0,0.8028447822594706,0.5840512437635579,1.018851496778518,0.045454545454545456,0.045454545454545456,66.035141706585,63.809401008615254,68.94398736047481,0.7079199554116458,1.346432842589174,25.0,29.0
leaky,58.81197669098506,73.39875466741191,77.49330872164705,23.0,0.6,42.366124124215396,0.5,14.0,1.5,17.874931862232007,0.1,800,99,44,44,0.055,1.0,0.0,0.8274380586170467,0.5543403420731481,0.9919180262933439,0.045454545454545456,0.045454545454545456,66.13833469506838,63.76022151212974,71.45815907070929,0.7078484117745989,1.3560241382432685,25.0,28.0
leaky,59.44443754991586,72.70432440970163,76.9242418261624,12.0,0.6,22.104064760460208,0.6000000000000001,20.0,1.0,28.85390081777927,0.1,800,121,43,43,0.05375,1.0,0.0,0.49573312202321707,0.3655283611132149,0.6174689288440736,0.9767441860465116,0.9767441860465116,65.97055791965238,63.18376473118705,69.03963201718663,0.44785693086781253,3.0460574237878175,20.0,34.0
leaky,59.130959193271764,72.65858010812047,76.97547012260665,13.0,0.6,23.946070157165224,0.5,22.0,1.0,31.739290899557197,0.09,800,101,43,43,0.05375,1.0,0.0,0.5531188220805268,0.4301672374105586,0.685561347988194,0.8837209302325582,0.8837209302325582,66.29980760711986,63.77830238208121,70.44836402784442,0.48495039908674975,2.7729916186511834,21.0,33.0
leaky,59.078323244788095,73.26806771021492,77.870653236014,14.0,0.6,25.788075553870243,0.30000000000000004,28.0,1.0,40.39546114489098,0.09,800,92,43,43,0.05375,1.0,0.0,0.5403720288086222,0.44042950228019134,0.8133980201518729,0.8372093023255814,0.8372093023255814,65.09721452298201,63.51177390959748,67.92765447875924,0.4798224177236525,2.7978498981095608,21.0,33.0
leaky,58.988017707977775,73.29020257516585,77.90957121825568,15.0,0.6,27.63008095057526,0.2,28.0,1.0,40.39546114489098,0.05,800,94,43,43,0.05375,1.0,0.0,0.6065205615330507,0.4608849275486914,0.8587429070971684,0.6744186046511628,0.6744186046511628,65.41778710725158,63.60512775217654,70.12906627307507,0.5113623127825894,2.512553784704254,22.0,32.0
leaky,59.362399892210895,73.41724754204168,77.90157727414106,15.0,0.6,27.63008095057526,0.4,22.0,1.0,31.739290899557197,0.09,800,109,43,43,0.05375,1.0,0.0,0.5789907025484212,0.42817402760932544,0.8190173136685674,0.6744186046511628,0.6744186046511628,64.9186418506063,63.45328949817859,69.7582001656405,0.49651277319662196,2.6401474024509977,21.0,31.0
leaky,60.147868690938104,73.21124586953279,77.3426502506813,19.0,0.8,30.04151114005463,0.30000000000000004,18.0,0.5,37.464641658100945,0.08,800,99,43,43,0.05375,1.0,0.0,0.6027864436742156,0.4305202532921899,0.8125953504806884,0.5813953488372093,0.5813953488372093,66.17062715756106,63.94541320696544,70.97102803637603,0.7038479650281163,1.3764279184256183,20.0,33.0
leaky,59.636082005552986,72.78198299373884,76.96168202753256,20.0,0.8,31.62264330532066,0.2,24.0,0.5,49.95285554413459,0.1,800,105,43,43,0.05375,1.0,0.0,0.6242753226629144,0.4716601051427576,0.8035618859713731,0.6046511627906976,0.6046511627906976,65.89173508020662,63.51195955220538,72.7288312939903,0.6567441433107284,1.620741752546188,21.0,33.0
leaky,59.128016545879944,73.45464437236119,77.9025108409858,20.0,1.0,28.85390081777927,0.2,22.0,0.5,45.79011758212337,0.02,800,91,43,43,0.05375,1.0,0.0,0.5421741839376072,0.371912240789457,0.7401874064222979,0.813953488372093,0.813953488372093,66.33040188957102,63.8579164559622,70.29938296789012,0.6824115046074242,1.4905072788026712,20.0,34.0
leaky,59.992741535571774,73.04051420059967,77.18429754707111,21.0,0.8,33.2037754705867,0.1,26.0,0.5,54.11559350614581,0.1,800,111,43,43,0.05375,1.0,0.0,0.6255297042850185,0.4526857321279798,0.8106291708135342,0.5348837209302325,0.5348837209302325,66.42186042666894,63.671467314546874,69.8856055563442,0.6741859368852955,1.5230563211667558,21.0,32.0
leaky,58.934105004516525,72.54159414698637,76.98191782336916,21.0,1.0,30.296595858668233,0.7000000000000001,4.0,1.5,5.1071233892091445,0.1,800,121,43,43,0.05375,1.0,0.0,0.541380521238829,0.401920658368976,0.7028932066846106,0.813953488372093,0.813953488372093,66.11472605456355,63.74434608152551,68.50594698512893,0.7025083622384133,1.3854043475892346,20.0,34.0
leaky,59.25617794218232,72.69927867954314,76.78065856048082,22.0,0.6,40.524118727510384,0.4,14.0,1.0,20.19773057244549,0.07,800,105,43,43,0.05375,1.0,0.0,0.742056376899356,0.5830591206953671,0.930321255437926,0.046511627906976744,0.046511627906976744,66.96116853240493,63.904801052678685,73.01458836062375,0.6648761819013231,1.6048170558712953,25.0,30.0
leaky,58.584344389841625,73.37851758588226,77.6498990148354,21.0,1.6000000000000005,26.406046369767672,0.6000000000000001,4.0,2.0,4.804489635145799,0.0,800,110,43,43,0.05375,1.0,0.0,0.3705585540270661,0.2804212435043597,0.49801006188171987,1.0,1.0,67.38505096249663,63.399239777812795,71.03519921395348,0.6947237179287749,1.4086145171799178,14.0,39.0
leaky,58.50278557191301,72.6138840131303,77.00937903528195,22.0,0.6,40.524118727510384,0.30000000000000004,18.0,1.0,25.968510736001342,0.06,800,87,43,43,0.05375,1.0,0.0,0.7337871017518319,0.5907476318512402,0.9746707545235188,0.18604651162790697,0.18604651162790697,66.57388670412459,63.76439395756916,70.4911282441967,0.6346071718116979,1.717573578765,24.0,30.0
leaky,58.7654233909104,72.83380615538556,77.22022620425182,22.0,0.6,40.524118727510384,0.4,16.0,1.0,23.083120654223414,0.1,800,107,43,43,0.05375,1.0,0.0,0.7251136757150874,0.5536162506755173,1.0103139067947142,0.2558139534883721,0.2558139534883721,65.97719090191835,63.4175575327875,69.39706675534178,0.6337050753964373,1.7240963849049091,23.0,30.0
leaky,59.15239497861357,73.33205277624894,77.67736502226194,24.0,0.6,44.208129520920416,0.2,18.0,1.0,25.968510736001342,0.01,800,123,43,43,0.05375,1.0,0.0,0.8324560797147935,0.6296961262099399,1.0035336953945133,0.046511627906976744,0.046511627906976744,65.96146613609125,63.50973776270196,71.25446441040819,0.7221934162818752,1.264205199159271,25.0,28.0
leaky,60.21483595918706,73.40998820851632,77.50640553325643,13.0,0.6,23.946070157165224,0.5,18.0,1.0,25.968510736001342,0.07,800,110,42,42,0.0525,1.0,0.0,0.5209829744744015,0.3900800427800768,0.6738450621376162,0.9285714285714286,0.9285714285714286,65.50838782400196,63.490117549713155,70.29379157309167,0.4871926635466913,2.793191904892013,20.0,34.0
leaky,58.92349470806481,72.39338393809473,76.62703491640954,14.0,0.6,25.788075553870243,0.30000000000000004,24.0,1.0,34.624680981335125,0.02,800,102,42,42,0.0525,1.0,0.0,0.55158690997802,0.41716413564154087,0.7414719099556133,0.8333333333333334,0.8333333333333334,65.33885417002276,63.799872035211244,69.29352784235945,0.5111949080668079,2.539619670711968,21.0,33.0
leaky,59.04447376270337,72.59022577748033,76.87072583583293,14.0,0.6,25.788075553870243,0.4,22.0,1.0,31.739290899557197,0.06,800,92,42,42,0.0525,1.0,0.0,0.5267391519594432,0.4153915114171709,0.8067165003824591,0.8095238095238095,0.8095238095238095,65.95016400165437,63.71823041299709,70.4598690038214,0.5080928604321447,2.6087483538865213,20.0,34.0
leaky,59.31693163454881,72.55858707271526,76.70295057988214,14.0,0.8,22.135850313724465,0.6000000000000001,18.0,0.5,37.464641658100945,0.1,800,107,42,42,0.0525,1.0,0.0,0.4197216599890641,0.3453734986983338,0.6108632654350175,1.0,1.0,65.12787640219491,63.420308044827124,68.97671557186663,0.4921417292538635,2.682296226604682,17.0,36.0
leaky,59.008876434739754,73.12813470412391,77.31496773386331,15.0,0.8,23.7169824789905,0.5,16.0,1.0,23.083120654223414,0.03,800,107,42,42,0.0525,1.0,0.0,0.4773259984973207,0.35067046561245074,0.6342793319292871,0.9761904761904762,0.9761904761904762,65.22356740149328,63.84360579126183,69.83361146747876,0.512996644952345,2.5607212438292093,18.5,35.0
leaky,58.80281893896425,72.90671586498212,77.10143428146782,15.0,1.0,21.64042561333445,0.5,22.0,0.5,45.79011758212337,0.06,800,118,42,42,0.0525,1.0,0.0,0.36246376381682155,0.2840329305986083,0.5299955419191189,1.0,1.0,65.92889620796475,64.15934958945957,68.60982991976995,0.48306708783925967,2.7646510262705077,15.0,38.0
leaky,58.992144826859615,73.0148358333828,77.20386204743872,15.0,1.0,21.64042561333445,0.7000000000000001,6.0,0.5,12.488213886033648,0.07,800,115,42,42,0.0525,1.0,0.0,0.3849405863964603,0.27807547603828475,0.5054684968445781,1.0,1.0,66.24061734810297,63.82033384415941,69.97002013581266,0.47540293492146773,2.8413728639022184,15.0,38.0
leaky,58.62970718902339,72.5510201297582,76.81519154992515,16.0,1.0,23.083120654223414,0.8,6.0,2.0,7.206734452718699,0.09,800,81,42,42,0.0525,1.0,0.0,0.3873969415511385,0.30319851473600945,0.5114511984320441,1.0,1.0,66.29786432199259,63.40646195498188,67.85388991716333,0.4747212247661116,2.836493458407665,16.5,38.0
leaky,59.834632938456224,73.00455580212923,77.20319636928737,18.0,0.8,28.460378974788597,0.6000000000000001,6.0,0.5,12.488213886033648,0.1,800,100,42,42,0.0525,1.0,0.0,0.5921328929343408,0.4059969216194461,0.7144738608187452,0.7857142857142857,0.7857142857142857,65.80495847964286,63.50439865316082,69.34172267379329,0.6469070523388385,1.7064703130085714,20.0,33.0
leaky,59.82751956526276,72.75035660661258,76.83228023708004,20.0,0.8,31.62264330532066,0.1,28.0,0.5,58.27833146815702,0.07,800,115,42,42,0.0525,1.0,0.0,0.5900027451491319,0.4407719371307534,0.7588803456807749,0.6190476190476191,0.6190476190476191,66.50559208209353,63.56450213599233,70.87744785547652,0.6728866483884306,1.5090997604014091,21.0,33.0
leaky,59.77011048944553,72.71798279280964,76.8170503595602,20.0,0.8,31.62264330532066,0.2,22.0,0.5,45.79011758212337,0.07,800,90,42,42,0.0525,1.0,0.0,0.621862345625813,0.49478164488287224,0.7402320287815325,0.5952380952380952,0.5952380952380952,66.29504541352539,63.72029536951653,69.2464765310521,0.6791135487301031,1.458244569901372,21.0,33.0
leaky,59.57019263265402,72.7126335309238,76.89963562022137,20.0,0.8,31.62264330532066,0.30000000000000004,18.0,0.5,37.464641658100945,0.09,800,93,42,42,0.0525,1.0,0.0,0.6223052102394078,0.46621728131905865,0.7325379969407294,0.5714285714285714,0.5714285714285714,65.86896569536059,63.48355645794321,70.01532858765795,0.6805630180136804,1.5014412983827807,21.0,33.0
leaky,58.61373207437201,73.34953051278006,77.98564603253807,20.0,1.0,28.85390081777927,0.30000000000000004,20.0,0.5,41.62737962011216,0.07,800,99,42,42,0.0525,1.0,0.0,0.5432506297725568,0.39700041836573646,0.6791319542491199,0.9047619047619048,0.9047619047619048,65.37173161889709,63.402784299948735,69.57750127148294,0.6709440837992311,1.5127063905682419,19.0,34.5
leaky,60.36698575334482,73.49049378895324,77.50288686479522,20.0,1.0,28.85390081777927,0.5,4.0,0.5,8.325475924022431,0.03,800,103,42,42,0.0525,1.0,0.0,0.5324014387406864,0.37630937262684383,0.649670178131079,0.9285714285714286,0.9285714285714286,65.71843338786121,63.46062234513656,70.86882204824205,0.7207293584545208,1.270457505012255,18.0,35.0
leaky,59.51817471037306,73.00726933188662,77.0651279617812,21.0,0.6,38.682113330805365,0.30000000000000004,16.0,1.0,23.083120654223414,0.02,800,102,42,42,0.0525,1.0,0.0,0.7318140670842435,0.550474598051295,0.8923743795682028,0.23809523809523808,0.23809523809523808,65.7109542849335,63.48591000451061,70.66049005902737,0.6838078895903849,1.471381799617789,23.0,30.0
leaky,58.718014686721546,73.217275971301,77.77379974747626,21.0,1.0,30.296595858668233,0.1,28.0,0.5,58.27833146815702,0.02,800,117,42,42,0.0525,1.0,0.0,0.5467705327600436,0.3513306056626472,0.7536591506539253,0.8571428571428571,0.8571428571428571,65.5166599645027,63.74733074090992,68.27185096664878,0.6651510147713058,1.542708783584874,19.0,34.0
leaky,58.693666073978676,72.89485009822532,77.32965322186058,21.0,1.0,30.296595858668233,0.2,20.0,0.5,41.62737962011216,0.01,800,103,42,42,0.0525,1.0,0.0,0.5420136059140952,0.42040420210725515,0.6741439586985752,0.8095238095238095,0.8095238095238095,65.76823188100454,63.66983702520567,70.87697716924082,0.6792023500538047,1.457095926900831,20.0,34.0
leaky,58.8853846976257,72.79244379740544,76.93444473694618,22.0,0.8,34.784907635852726,0.5,10.0,1.0,14.426950408889635,0.06,800,102,42,42,0.0525,1.0,0.0,0.6871347231259606,0.5130430390505307,0.8586884711509961,0.2619047619047619,0.2619047619047619,65.77306510002069,63.84483221763248,69.68294013757433,0.7312569277628609,1.187938527532657,22.0,31.0
leaky,59.5663069513024,72.858552292898,77.00230521857343,13.0,0.6,23.946070157165224,0.30000000000000004,24.0,1.0,34.624680981335125,0.01,800,104,41,41,0.05125,1.0,0.0,0.5156533945288843,0.3628274729921515,0.6688950591855539,0.926829268292683,0.926829268292683,66.22238045089432,63.981633648469824,68.37150681280092,0.4822133547734235,2.7734754132158512,20.0,34.0
leaky,58.97703669096083,72.41906803342799,76.69173310497231,13.0,0.6,23.946070157165224,0.4,24.0,1.0,34.624680981335125,0.06,800,110,41,41,0.05125,1.0,0.0,0.5217794551203542,0.40283105529014895,0.7821100868465389,0.8048780487804879,0.8048780487804879,65.24420423288954,63.338741011299604,70.78003503964835,0.4803772491940637,2.814112470095042,20.0,33.0
leaky,59.372962506136766,72.47851337066413,76.54932708444171,13.0,0.8,20.55471814845843,0.6000000000000001,24.0,0.5,49.95285554413459,0.1,800,125,41,41,0.05125,1.0,0.0,0.3990739453872076,0.31542998414210055,0.5096049618642107,1.0,1.0,66.5463914205288,64.30581388322122,70.69015451908217,0.4631534656686719,2.9199559545463285,16.0,38.0
leaky,59.27108729522544,72.90802561225372,77.2083701749727,14.0,0.6,25.788075553870243,0.30000000000000004,24.0,1.0,34.624680981335125,0.03,800,100,41,41,0.05125,1.0,0.0,0.557680891531364,0.3916909522856022,0.7005502325271712,0.8780487804878049,0.8780487804878049,66.52342049802115,63.66019351940102,71.45676911384393,0.4906969774932257,2.6773483195076766,21.0,33.0
leaky,59.12609652338597,72.71748584563689,77.02928532982864,14.0,0.6,25.788075553870243,0.5,20.0,1.0,28.85390081777927,0.09,800,103,41,41,0.05125,1.0,0.0,0.5431692080373599,0.4112686395225887,0.7356322371592543,0.8292682926829268,0.8292682926829268,66.30012500978604,63.92249746867538,69.88489567633499,0.5105175777227107,2.6112264635903912,21.0,33.0
leaky,58.82691629010389,72.63516503419785,77.05397293712869,14.0,0.6,25.788075553870243,0.30000000000000004,26.0,1.0,37.51007106311305,0.05,800,102,41,41,0.05125,1.0,0.0,0.5523418442069415,0.3770831000497896,0.7384680816067394,0.8292682926829268,0.8292682926829268,65.5257228391212,63.5455049577844,69.2832210807319,0.4888711826649171,2.674486603742793,21.0,33.0
leaky,58.61215484892187,72.95317989040657,77.10705069348978,14.0,0.6,25.788075553870243,0.5,18.0,1.5,22.98205525144115,0.04,800,91,41,41,0.05125,1.0,0.0,0.5448678960534248,0.4243328847916474,0.7444222372942352,0.8536585365853658,0.8536585365853658,65.46459910382613,63.50512180165671,69.56781394809815,0.4693008317798483,2.933350261514523,21.0,33.0
leaky,58.539778573588144,72.63536496825213,77.17415511555839,15.0,0.6,27.63008095057526,0.2,28.0,1.0,40.39546114489098,0.03,800,97,41,41,0.05125,1.0,0.0,0.5522003961896806,0.42718419587736356,0.7944914873577832,0.7804878048780488,0.7804878048780488,65.56716208053747,63.713669330890916,69.96427156553267,0.48100860446125776,2.7556805862207314,21.0,32.0
leaky,59.451893013452846,73.1445032922895,77.15742911092654,15.0,1.0,21.64042561333445,0.5,16.0,0.5,33.301903696089724,0.04,800,124,41,41,0.05125,1.0,0.0,0.35672010519887565,0.27561898735303075,0.5475482898224657,1.0,1.0,65.53450285587729,63.68484330198008,69.84052300312679,0.4733486646536511,2.8543540389610076,16.0,39.0
leaky,58.88201710598423,72.63406175281524,76.72493103260749,15.0,1.0,21.64042561333445,0.8,4.0,1.0,5.7707801635558535,0.08,800,105,41,41,0.05125,1.0,0.0,0.3724835884168859,0.29387255406879625,0.5031649845099742,1.0,1.0,65.37911400630995,63.79169347627014,67.89272140808328,0.4639841242937402,2.85853770264586,16.0,37.0
leaky,60.11673254903103,73.14693690875097,77.25838606339778,19.0,0.8,30.04151114005463,0.2,24.0,0.5,49.95285554413459,0.08,800,103,41,41,0.05125,1.0,0.0,0.6015770469879768,0.45105202504253855,0.8501393901162442,0.5853658536585366,0.5853658536585366,65.58669013041607,63.66630677713405,69.29001678395761,0.6760358496157568,1.5021457360745711,20.0,34.0
leaky,60.41444278100259,73.34534407242896,77.42114012793216,20.0,0.8,31.62264330532066,0.1,26.0,0.5,54.11559350614581,0.06,800,102,41,41,0.05125,1.0,0.0,0.6180697955783969,0.4862720844358363,0.7608954976713566,0.6341463414634146,0.6341463414634146,65.71144204513476,63.294875786449815,70.58980624224617,0.6813275115999821,1.469888174406927,21.0,32.0
leaky,59.915897270564265,73.11954690588189,77.34930638518821,20.0,0.8,31.62264330532066,0.5,8.0,0.5,16.650951848044862,0.1,800,103,41,41,0.05125,1.0,0.0,0.6096294925827135,0.46290019294740775,0.8252543632116061,0.6585365853658537,0.6585365853658537,66.33559850363847,63.65482074754771,69.46468194873822,0.658444528248292,1.6535498403495892,21.0,33.0
leaky,60.12165140746354,72.95688136482332,77.01182697384061,21.0,0.8,33.2037754705867,0.1,24.0,0.5,49.95285554413459,0.04,800,127,41,41,0.05125,1.0,0.0,0.6383479059041125,0.518797202288023,0.7672327204508195,0.4878048780487805,0.4878048780487805,65.39793486821145,63.59971218895046,68.04967307999918,0.7154038716229802,1.2784134966501812,21.0,32.0
leaky,59.65209500317994,72.77636731919355,76.97040109098464,21.0,0.8,33.2037754705867,0.30000000000000004,16.0,0.5,33.301903696089724,0.09,800,110,41,41,0.05125,1.0,0.0,0.6484549859171581,0.4496673534766235,0.8061385435442477,0.4634146341463415,0.4634146341463415,66.48162915287857,63.929207594498635,69.01943969302323,0.7191856224469966,1.2627779414176592,22.0,32.0
leaky,59.348297646953306,72.4128579646858,76.57979966803182,21.0,0.8,33.2037754705867,0.2,22.0,0.5,45.79011758212337,0.09,800,114,41,41,0.05125,1.0,0.0,0.6500987304882817,0.46891474435440017,0.8877192504354551,0.3902439024390244,0.3902439024390244,65.67152364788431,63.58034940647439,69.70898344150889,0.6859737501327481,1.4503689743804524,22.0,32.0
leaky,58.61246246897646,72.90861842969751,76.94379332459415,21.0,1.2000000000000002,28.50130488147714,0.6000000000000001,8.0,2.0,9.608979270291599,0.03,800,100,41,41,0.05125,1.0,0.0,0.4574268074450161,0.3371670866515457,0.5678234403272453,0.975609756097561,0.975609756097561,65.66102785583922,63.723174114124234,69.58361596952545,0.6977963175230111,1.4073860017450301,18.0,36.0
leaky,59.91746339663533,72.92642901308673,76.94505330922598,21.0,1.2000000000000002,28.50130488147714,0.6000000000000001,4.0,1.5,5.1071233892091445,0.03,800,117,41,41,0.05125,1.0,0.0,0.44745883108238277,0.34007820561188906,0.5866504848571993,1.0,1.0,66.96130334744036,63.62102801289412,72.47281233728486,0.7158745820898834,1.280990892829955,17.0,37.0
leaky,59.05761304669111,72.89557966095177,76.93979867642611,21.0,1.2000000000000002,28.50130488147714,0.6000000000000001,6.0,1.5,7.660685083813717,0.03,800,111,41,41,0.05125,1.0,0.0,0.5014984032263409,0.31619033708598876,0.6027939694059121,0.975609756097561,0.975609756097561,66.33650185467313,63.4589646270009,69.26814667927175,0.7237732496951468,1.2668958224236067,18.0,35.0
leaky,59.62710461726236,73.34853431421283,77.73388553872766,13.0,0.6,23.946070157165224,0.5,22.0,1.0,31.739290899557197,0.1,800,109,40,40,0.05,1.0,0.0,0.5232944642110371,0.42038436854433975,0.7473356951397816,0.825,0.825,65.85268301133394,63.668236456246674,69.50815644272132,0.48021969208387955,2.8238906985318595,20.0,33.0
leaky,59.61720413709377,73.00206379424023,77.22146049224158,13.0,0.6,23.946070157165224,0.5,20.0,1.0,28.85390081777927,0.08,800,118,40,40,0.05,1.0,0.0,0.5101889463738783,0.4250071636907082,0.8863069244068424,0.85,0.85,65.53576123225173,63.28102479966203,68.98453487311815,0.4824223323394979,2.766264897222106,21.0,33.0
leaky,59.22328727040998,73.18508105207545,77.66665045330137,14.0,0.6,25.788075553870243,0.4,24.0,1.0,34.624680981335125,0.09,800,102,40,40,0.05,1.0,0.0,0.5499822946246173,0.40861651731908044,0.8002190652515301,0.825,0.825,65.72882854782553,63.65713597027027,68.48753406830417,0.48000603859880103,2.7602396592513037,20.0,33.5
leaky,59.611008050677505,73.40681911447766,77.76961413120495,14.0,0.6,25.788075553870243,0.30000000000000004,24.0,1.0,34.624680981335125,0.04,800,99,40,40,0.05,1.0,0.0,0.5641414801925335,0.373769627716142,0.9172853266637895,0.725,0.725,65.19203719990905,63.52261158009744,67.18913759327427,0.4828984083430985,2.718817247125349,21.0,33.0
leaky,59.622241947376565,73.40744005172925,77.78770074594965,14.0,0.6,25.788075553870243,0.5,20.0,1.0,28.85390081777927,0.1,800,96,40,40,0.05,1.0,0.0,0.5551179197079723,0.4398467639728876,0.8377732643779017,0.725,0.725,65.47577540813484,63.70644866366984,69.13146021962174,0.5240055147601126,2.465604833637042,21.0,33.0
leaky,59.597614634661845,72.7479009154757,76.84505392858742,14.0,0.8,22.135850313724465,0.5,26.0,0.5,54.11559350614581,0.1,800,102,40,40,0.05,1.0,0.0,0.4178419202597796,0.34171355546088833,0.6361040418854236,0.975,0.975,65.29432725239062,63.43973196074606,69.01893962405663,0.4753749265356727,2.8486216458867464,17.0,37.0
leaky,59.05626790341647,73.35226297730966,77.41528277037588,15.0,0.8,23.7169824789905,0.7000000000000001,12.0,1.5,15.321370167627434,0.08,800,109,40,40,0.05,1.0,0.0,0.43457700664031285,0.3653439819254507,0.5984655791607283,1.0,1.0,65.7123798168256,63.64065592329792,69.51071780607471,0.480673187928489,2.7872992848714913,18.0,36.0
leaky,58.66905784199763,72.77960594692547,77.0186282915588,15.0,0.8,23.7169824789905,0.6000000000000001,14.0,1.0,20.19773057244549,0.06,800,100,40,40,0.05,1.0,0.0,0.42961501868533625,0.3060638534404171,0.6703828080319286,0.975,0.975,64.83424806286342,63.551465338804896,70.62859015537249,0.46496296679096055,2.942388082194114,18.0,36.0
leaky,58.632195541789855,73.22740531718205,77.43397424324864,16.0,0.8,25.29811464425653,0.7000000000000001,12.0,1.5,15.321370167627434,0.09,800,84,40,40,0.05,1.0,0.0,0.4754126498478695,0.326787527681028,0.7103559549777405,0.95,0.95,65.58092470524366,63.775803436709104,69.16099048568006,0.5084144591756941,2.589892760179958,19.0,35.0
leaky,60.18035834395923,73.2962304930964,77.45641792461969,20.0,0.8,31.62264330532066,0.2,22.0,0.5,45.79011758212337,0.09,800,97,40,40,0.05,1.0,0.0,0.6336551247810245,0.4401061541213495,0.933413383754651,0.525,0.525,65.25885379308683,63.720166937464846,68.25683248931578,0.6881262501452312,1.4205165442549055,21.0,33.0
leaky,59.97749303437884,73.01158397541619,77.14230678091229,20.0,0.8,31.62264330532066,0.2,22.0,0.5,45.79011758212337,0.08,800,109,40,40,0.05,1.0,0.0,0.6112486250530593,0.4757088414275107,0.8549013081575074,0.575,0.575,66.98757058868486,64.1860759170196,70.56604223181093,0.6752440659836062,1.5406205522821552,21.0,33.0
leaky,59.93849161310321,73.07652091062275,77.26652226953564,20.0,0.8,31.62264330532066,0.4,12.0,0.5,24.976427772067296,0.09,800,105,40,40,0.05,1.0,0.0,0.6157844818243098,0.45709639929722007,0.7839745088813946,0.625,0.625,66.82938027810823,63.640976582177124,69.66381282553138,0.6836339799307793,1.4467610470240975,21.0,33.5
leaky,59.34192583762068,73.26922110627156,77.30381516106733,21.0,0.8,33.2037754705867,0.4,12.0,1.0,17.312340490667562,0.01,800,106,40,40,0.05,1.0,0.0,0.5925223463740428,0.4371699409570122,0.872190103278114,0.7,0.7,65.67586807417666,63.220800432585946,70.88110444703959,0.6334930690001489,1.744720400944367,21.0,32.0
leaky,58.83387888244175,73.38882319602067,77.96757816699731,21.0,1.0,30.296595858668233,0.1,28.0,0.5,58.27833146815702,0.03,800,96,40,40,0.05,1.0,0.0,0.557891271794358,0.3986875894834406,0.7139158769636362,0.85,0.85,66.56741261509573,63.89892274179358,69.75087947428395,0.6923581272822035,1.435824646018626,20.0,33.0
leaky,58.55292266874414,73.03647680919568,77.66816118084749,21.0,1.0,30.296595858668233,0.6000000000000001,4.0,0.5,8.325475924022431,0.09,800,96,40,40,0.05,1.0,0.0,0.5692400336757368,0.4423999740310606,0.7191730290734103,0.875,0.875,65.81280695643002,63.53937500776181,69.23576985398445,0.7055507588902223,1.3566731755442785,19.5,34.0
leaky,58.50258891616288,72.54571750199162,76.94704452127247,21.0,1.0,30.296595858668233,0.4,10.0,0.5,20.81368981005608,0.04,800,106,40,40,0.05,1.0,0.0,0.5589355692240567,0.3643979370970191,0.7409063550545046,0.8,0.8,65.98904711501817,63.777344039765985,68.92078265989522,0.6462147591364906,1.663427679456295,20.0,34.0
leaky,58.94583951100604,73.19033471285383,77.66955145169071,21.0,1.0,30.296595858668233,0.4,10.0,0.5,20.81368981005608,0.05,800,113,40,40,0.05,1.0,0.0,0.5620000806736265,0.4442684910925431,0.7527047501982151,0.75,0.75,65.87449236256032,63.78316933787172,69.73819338907487,0.7016692016411248,1.3799043354693095,20.0,34.0
leaky,59.56078150912876,73.33858080380858,77.61960842091645,21.0,1.0,30.296595858668233,0.4,8.0,0.5,16.650951848044862,0.03,800,116,40,40,0.05,1.0,0.0,0.5517730233855855,0.4163763638403673,0.6660951064037343,0.8,0.8,65.7495800767781,63.580994442615584,71.44606432890437,0.7190876798829694,1.2498617737999662,19.0,35.0
leaky,59.14320303211592,72.9426065069303,77.38382848018756,13.0,0.6,23.946070157165224,0.30000000000000004,28.0,1.0,40.39546114489098,0.06,800,118,39,39,0.04875,1.0,0.0,0.5432613185189604,0.38787394822843074,0.7787808789366202,0.8461538461538461,0.8461538461538461,65.48382786421908,63.54155186813304,68.26904641155525,0.46379179448217295,2.9452035667102745,21.0,33.0
leaky,58.739014651094585,72.37574099183267,76.77018074494262,13.0,0.6,23.946070157165224,0.5,24.0,1.0,34.624680981335125,0.1,800,107,39,39,0.04875,1.0,0.0,0.5274061803438245,0.35480090016636046,0.7612245799796761,0.8717948717948718,0.8717948717948718,66.3196895761765,64.11163595986201,70.10592508187939,0.4446156485547103,3.0966983510030595,20.0,33.0
leaky,59.00066036513472,72.71555577886446,76.91080217985089,20.0,1.0,28.85390081777927,0.30000000000000004,14.0,0.5,29.13916573407851,0.0,800,99,39,39,0.04875,1.0,0.0,0.5284763930506081,0.3539343943333673,0.6795506954212311,0.9487179487179487,0.9487179487179487,66.62840541711995,64.06477497513379,69.85678680529428,0.7186540919721915,1.2695636357637388,19.0,35.0
leaky,59.64516070584175,73.02070429335546,77.08982619965948,20.0,1.0,28.85390081777927,0.4,8.0,0.5,16.650951848044862,0.01,800,100,39,39,0.04875,1.0,0.0,0.5230333318029515,0.3348109936753683,0.709159055730842,0.9230769230769231,0.9230769230769231,65.32609153612358,63.868435134013644,69.96359364782285,0.7136145806162684,1.3088832781737525,18.0,35.0
leaky,59.06301659772945,73.0486906789597,77.15600888407008,20.0,1.2000000000000002,27.144099887121083,0.5,4.0,0.5,8.325475924022431,0.0,800,95,39,39,0.04875,1.0,0.0,0.4551774724573051,0.2646267534811296,0.5750086618260986,1.0,1.0,66.34455242391022,63.97206125903385,71.03620462452145,0.7014485461337256,1.364139416193953,17.0,37.0
leaky,60.446850197105775,73.42567433025886,77.53526801406339,21.0,0.8,33.2037754705867,0.1,24.0,0.5,49.95285554413459,0.07,800,130,39,39,0.04875,1.0,0.0,0.613218827069736,0.444156751384097,0.8810078259967055,0.5641025641025641,0.5641025641025641,65.80922515006793,63.60805922583118,68.0164029738567,0.6746918125371073,1.496176427777335,20.0,33.0
leaky,59.028500155959165,72.70483251550502,76.8516264552043,21.0,0.8,33.2037754705867,0.6000000000000001,8.0,1.0,11.541560327111707,0.09,800,101,39,39,0.04875,1.0,0.0,0.6169575218019644,0.44118953541829475,0.7865403086736668,0.5897435897435898,0.5897435897435898,65.83909118715776,63.73807447300582,69.68631697599885,0.676928262966072,1.5027563824759282,22.0,33.0
leaky,59.74193358866839,72.78992125902478,76.89261220233327,12.0,0.6,22.104064760460208,0.6000000000000001,18.0,1.0,25.968510736001342,0.09,800,113,38,38,0.0475,1.0,0.0,0.4995239038476211,0.3800173576589057,0.6957502468323741,0.9210526315789473,0.9210526315789473,65.87322287721167,63.55986971246466,69.6680034566261,0.47349456790743627,2.7922207706339695,20.0,34.0
leaky,59.23464551974814,73.22745601570274,77.70811720821862,14.0,0.6,25.788075553870243,0.2,28.0,1.0,40.39546114489098,0.02,800,104,38,38,0.0475,1.0,0.0,0.5270187818743484,0.42994626736104447,0.7586929359132377,0.8947368421052632,0.8947368421052632,65.76569577944949,63.714779323125875,68.91026319649565,0.47843566721718306,2.8379888215403763,20.0,34.0
leaky,58.890538679322084,72.78954879188478,76.98133243780745,14.0,0.8,22.135850313724465,0.7000000000000001,12.0,1.0,17.312340490667562,0.08,800,103,38,38,0.0475,1.0,0.0,0.42548527335235053,0.2900157826912807,0.5673440713202088,1.0,1.0,64.9948709320252,63.41283235870179,68.76241516608772,0.47572776927745997,2.8211097739495328,17.0,37.0
leaky,59.313740707437105,73.13456729102256,77.19561346686044,15.0,1.0,21.64042561333445,0.4,26.0,0.5,54.11559350614581,0.04,800,104,38,38,0.0475,1.0,0.0,0.3601567840771922,0.25147909398558244,0.5349119119828044,1.0,1.0,66.30757937313548,63.57426059731108,70.39405730776117,0.4756788882710824,2.9110772063656816,15.0,38.0
leaky,58.77617217974206,72.66976855891116,76.77743134120172,15.0,1.0,21.64042561333445,0.5,20.0,0.5,41.62737962011216,0.05,800,110,38,38,0.0475,1.0,0.0,0.3574259488298317,0.24353505717353385,0.5772343818822724,1.0,1.0,64.73631990199846,63.621157254808594,68.89914800428701,0.46796948815780215,2.8563659320012302,15.0,38.0
leaky,58.64098301680703,73.44641955158144,77.64829304341418,16.0,1.2000000000000002,21.715279909696868,0.7000000000000001,4.0,0.5,8.325475924022431,0.05,800,97,38,38,0.0475,1.0,0.0,0.3276220257948252,0.2524742728385226,0.4252560708031818,1.0,1.0,65.14698672778505,63.565305507400836,67.65320269749867,0.4736483362694121,2.897387889294783,14.0,39.5
leaky,59.50334725528977,72.74511174708604,76.99663634584459,21.0,0.8,33.2037754705867,0.4,12.0,0.5,24.976427772067296,0.1,800,113,38,38,0.0475,1.0,0.0,0.6645960786426968,0.4853647703294309,0.8695787881738286,0.4473684210526316,0.4473684210526316,65.86978326237465,63.742883128568415,70.63725048061158,0.7281793990752206,1.2410768646566055,21.5,32.0
leaky,59.3744418554606,73.4959426754618,77.88406183723501,21.0,1.0,30.296595858668233,0.2,18.0,0.5,37.464641658100945,0.0,800,107,38,38,0.0475,1.0,0.0,0.5374277997220951,0.4131968230568536,0.814540679742174,0.8157894736842105,0.8157894736842105,65.26349176089498,63.82651046607488,69.4705149693697,0.6791448324871604,1.4863980158469516,19.0,34.0
leaky,59.008939284720235,72.78427113337524,76.88480136638456,21.0,1.2000000000000002,28.50130488147714,0.6000000000000001,4.0,1.0,5.7707801635558535,0.03,800,102,38,38,0.0475,1.0,0.0,0.4718405684758698,0.3631487676935982,0.6410295884175443,0.9736842105263158,0.9736842105263158,67.41389963170812,64.31177047607082,72.14659958592077,0.7101840184831634,1.3243446449632321,18.0,36.0
leaky,59.00501157346947,72.74222562894249,76.87645605192233,21.0,1.4000000000000004,27.284461954868846,0.6000000000000001,4.0,2.0,4.804489635145799,0.01,800,103,38,38,0.0475,1.0,0.0,0.39624964175345934,0.2846287395846196,0.4648558789558035,1.0,1.0,67.01637015469336,63.78206301617667,73.37147751954504,0.7171891123202275,1.2572494999351131,15.5,38.0
leaky,58.65968716439664,73.4724410717879,78.207378212606,22.0,1.0,31.739290899557197,0.30000000000000004,16.0,0.5,33.301903696089724,0.08,800,98,38,38,0.0475,1.0,0.0,0.587539086642259,0.44080933615529444,0.7792662661285037,0.6842105263157895,0.6842105263157895,65.40536825699586,63.5703117950127,67.47255732779664,0.711755068059171,1.3192382796140092,19.0,34.0
leaky,59.04029459896094,72.7760272716607,76.954665497332,23.0,0.6,42.366124124215396,0.30000000000000004,16.0,1.0,23.083120654223414,0.04,800,101,38,38,0.0475,1.0,0.0,0.7719126335239079,0.49223423373590897,1.0123238121834135,0.18421052631578946,0.18421052631578946,67.86371428956178,65.0364189766585,70.27103525128564,0.6646398296513121,1.5739596102374922,25.0,29.0
leaky,58.56467210382338,72.90109263755828,77.39028838386156,23.0,0.6,42.366124124215396,0.30000000000000004,18.0,1.0,25.968510736001342,0.08,800,106,38,38,0.0475,1.0,0.0,0.7710517603158862,0.5479454706643684,1.113817410827264,0.05263157894736842,0.05263157894736842,65.01200789960504,63.782194485387365,68.49884251769129,0.7180886738954034,1.2920243454472407,24.5,29.0
leaky,58.774025280417504,72.84109793369461,77.3994865204529,14.0,0.6,25.788075553870243,0.30000000000000004,28.0,1.0,40.39546114489098,0.08,800,106,37,37,0.04625,1.0,0.0,0.5531579527537861,0.4064808268913503,0.783049081903016,0.8108108108108109,0.8108108108108109,65.78749617962197,63.46501484377834,68.0795733890331,0.5263838508265284,2.4416163858402666,21.0,33.0
leaky,60.00834448897952,72.79061686408201,76.82474565509654,21.0,0.8,33.2037754705867,0.1,24.0,0.5,49.95285554413459,0.03,800,110,37,37,0.04625,1.0,0.0,0.6271981177828638,0.4811404506674878,0.8072874668180657,0.5945945945945946,0.5945945945945946,66.29601335507024,64.04976438858195,71.88392082019165,0.704274660497954,1.3898224025609844,21.0,33.0
leaky,59.54675581654954,72.68883964712275,76.88316583448022,21.0,0.8,33.2037754705867,0.2,22.0,0.5,45.79011758212337,0.1,800,108,37,37,0.04625,1.0,0.0,0.6242226958390682,0.4833577341478405,0.8465926437129713,0.5675675675675675,0.5675675675675675,65.68562928756924,64.15347415020892,68.26669314265531,0.6833721301968353,1.4501454257343998,21.0,33.0
leaky,59.94122344228725,72.85119514495135,76.9688829793958,21.0,0.8,33.2037754705867,0.4,10.0,0.5,20.81368981005608,0.08,800,122,37,37,0.04625,1.0,0.0,0.6860842200788966,0.45614380805551985,0.8526673101258151,0.35135135135135137,0.35135135135135137,66.27042022413535,63.897949597654716,69.78881342934032,0.715617210327278,1.293647756348254,22.0,32.0
leaky,58.670490520926236,73.14297636459901,77.70534536601272,21.0,1.0,30.296595858668233,0.30000000000000004,16.0,0.5,33.301903696089724,0.05,800,103,37,37,0.04625,1.0,0.0,0.5776718955452007,0.3767438837422561,0.6890406877818728,0.7837837837837838,0.7837837837837838,64.95183085007196,63.49398090116586,67.97597954352194,0.6813658521263344,1.4602917463538836,20.0,34.0
leaky,59.46122235067634,73.39689040258864,77.88905491010618,13.0,0.6,23.946070157165224,0.30000000000000004,28.0,1.0,40.39546114489098,0.07,800,109,36,36,0.045,1.0,0.0,0.5129781404618375,0.3960508450849543,0.7083987219849265,0.9166666666666666,0.9166666666666666,65.12751734576531,63.327287051000454,68.98877582137814,0.46552516369748526,2.869113346109392,19.5,34.5
leaky,59.60922584471693,72.961577230282,77.15055686693293,13.0,0.6,23.946070157165224,0.4,22.0,1.0,31.739290899557197,0.05,800,99,36,36,0.045,1.0,0.0,0.552562960244311,0.3803151454599615,0.7751028480281273,0.8333333333333334,0.8333333333333334,65.86799753113146,63.81677532388478,68.89164033291715,0.47455528102640854,2.8222243790323986,20.5,33.0
leaky,59.68480376158638,72.6528483824191,76.66436148339207,13.0,0.6,23.946070157165224,0.5,18.0,1.0,25.968510736001342,0.06,800,105,36,36,0.045,1.0,0.0,0.5174644964620452,0.4271658852840263,0.8011196625304443,0.8888888888888888,0.8888888888888888,65.93645616741023,64.49745694504887,69.73033395434891,0.5007837338481472,2.6590325848944563,20.0,33.5
leaky,58.851787603930454,72.63695700366534,76.69076766631045,15.0,1.0,21.64042561333445,0.4,28.0,0.5,58.27833146815702,0.04,800,116,36,36,0.045,1.0,0.0,0.3737448396631433,0.2555793227433059,0.5248807803215932,1.0,1.0,66.21360179392951,63.45087747508869,70.61144585369543,0.4763255816882615,2.863273884507138,15.0,38.0
leaky,58.767217128873085,73.4116965317665,77.50688581553608,16.0,1.2000000000000002,21.715279909696868,0.6000000000000001,8.0,0.5,16.650951848044862,0.03,800,106,36,36,0.045,1.0,0.0,0.31601313086797195,0.27000256630617914,0.4721072355228612,1.0,1.0,65.64765221803808,63.84033634794102,71.7671457313881,0.48058428805518494,2.764750165810937,14.0,40.0
leaky,59.70343215222759,72.59089780092155,76.73243939130856,20.0,0.8,31.62264330532066,0.6000000000000001,4.0,0.5,8.325475924022431,0.1,800,106,36,36,0.045,1.0,0.0,0.623935767411667,0.43933868138030224,0.8687737063843205,0.5833333333333334,0.5833333333333334,66.20230247089233,63.44541123336985,69.02749213893088,0.7075772821964108,1.3346963797619944,21.0,33.0
leaky,59.76602712455957,72.52683365238609,76.57379663571209,21.0,0.8,33.2037754705867,0.30000000000000004,14.0,0.5,29.13916573407851,0.06,800,120,36,36,0.045,1.0,0.0,0.6001485270609377,0.5023291381124435,0.7699543460011039,0.6666666666666666,0.6666666666666666,67.33877153237513,64.50232623990581,71.94649210343637,0.7035896819902756,1.3663837271986055,21.0,33.0
leaky,59.12694629344978,73.09707690146777,77.27586150851995,21.0,1.0,30.296595858668233,0.6000000000000001,6.0,1.0,8.656170245333781,0.06,800,102,36,36,0.045,1.0,0.0,0.5648709207656312,0.33180125667016747,0.737876364231918,0.8611111111111112,0.8611111111111112,65.9183617764055,63.802899706541496,71.61267621255791,0.6943133948159645,1.3878863029269901,20.0,34.0
leaky,59.670943032048925,73.28648104475624,77.431171403185,22.0,0.6,40.524118727510384,0.4,14.0,1.0,20.19773057244549,0.08,800,95,36,36,0.045,1.0,0.0,0.7276101681398072,0.5104975897157402,0.951583072886267,0.2222222222222222,0.2222222222222222,65.10903596098484,63.54705618728427,69.81539549776235,0.6612322872219354,1.5966189018471089,23.5,30.0
leaky,58.74147735110555,72.8041230675955,76.85383808416914,22.0,1.0,31.739290899557197,0.5,8.0,1.0,11.541560327111707,0.02,800,107,36,36,0.045,1.0,0.0,0.5656862668028576,0.3841928292961499,0.8428083176757977,0.6666666666666666,0.6666666666666666,66.77597251476199,63.993780935909065,71.1535723670593,0.7300459507583088,1.2351375195688652,20.0,33.5
leaky,59.50946704715972,73.24829703497647,77.44719197723265,23.0,0.6,42.366124124215396,0.4,14.0,1.0,20.19773057244549,0.09,800,93,36,36,0.045,1.0,0.0,0.8216458996820597,0.5526900315499091,1.1784497114441628,0.08333333333333333,0.08333333333333333,65.49635988623561,64.00954681625012,69.08195104072783,0.7060570812516125,1.3503079862234897,24.5,29.0
leaky,58.868970068193974,73.32806241407859,77.86145509942266,23.0,0.6,42.366124124215396,0.30000000000000004,18.0,1.0,25.968510736001342,0.09,800,102,36,36,0.045,1.0,0.0,0.7849511422178685,0.5396884726778421,1.0006710559382077,0.027777777777777776,0.027777777777777776,64.98168440089631,63.40639470954119,68.53502910615687,0.6906725616679223,1.4014912075601274,25.0,29.0
leaky,59.225389424132885,72.5554844476872,76.79622555921156,12.0,0.6,22.104064760460208,0.30000000000000004,28.0,1.0,40.39546114489098,0.03,800,110,35,35,0.04375,1.0,0.0,0.48311353866505863,0.39503202199439125,0.7661094891268563,0.9428571428571428,0.9428571428571428,66.007778853531,63.82592992278399,69.06804299864694,0.44472466515071796,3.0248243986580174,20.0,34.0
leaky,59.52946144243173,72.66720174810067,76.78352155268949,12.0,0.6,22.104064760460208,0.30000000000000004,26.0,1.0,37.51007106311305,0.01,800,112,35,35,0.04375,1.0,0.0,0.48386861288635197,0.36343502888871054,0.6535467261517178,0.9428571428571428,0.9428571428571428,65.69860760734912,63.76659324109692,71.83582780303624,0.4406377626322656,3.0807242007897067,19.0,35.0
leaky,59.401062449041376,73.02477989430578,77.36536834486381,13.0,0.6,23.946070157165224,0.4,24.0,1.0,34.624680981335125,0.07,800,99,35,35,0.04375,1.0,0.0,0.49016752734731933,0.36404452102846924,0.7839823223155827,0.8857142857142857,0.8857142857142857,65.49794082372321,63.9464474529363,68.55028211314388,0.45036872977740483,3.0527514627311616,19.0,34.0
leaky,58.79820053447267,72.66537993032503,77.16940549635228,13.0,0.6,23.946070157165224,0.4,28.0,1.0,40.39546114489098,0.1,800,110,35,35,0.04375,1.0,0.0,0.511926852340095,0.3712583456354176,0.8274462145660362,0.8,0.8,66.02317782356039,64.06366475563371,69.74591817708847,0.47267929902302264,2.844269395264572,20.0,34.0
leaky,59.266377401371116,72.54174293665628,76.71371130608644,14.0,0.6,25.788075553870243,0.6000000000000001,16.0,1.0,23.083120654223414,0.1,800,92,35,35,0.04375,1.0,0.0,0.5257083952361388,0.39074941228537086,0.9710375649849411,0.7714285714285715,0.7714285714285715,65.80329996262594,63.74567633891494,69.60568636051677,0.4928429233603691,2.722323221121364,21.0,33.0
leaky,59.10097242188783,73.25108420459897,77.65021900115941,21.0,0.6,38.682113330805365,0.30000000000000004,18.0,1.0,25.968510736001342,0.06,800,99,35,35,0.04375,1.0,0.0,0.7586578434787266,0.5321415128138602,1.0149565452462619,0.17142857142857143,0.17142857142857143,65.28325107016616,63.44205218133686,71.22683725163718,0.6881245360889512,1.4217544570408198,24.0,29.0
leaky,59.15905044692936,73.14813433138862,77.4341464097235,24.0,0.6,44.208129520920416,0.30000000000000004,16.0,1.0,23.083120654223414,0.06,800,97,35,35,0.04375,1.0,0.0,0.8624084219179324,0.5456457783728955,1.0967042381106218,0.08571428571428572,0.08571428571428572,65.92039414834773,63.34803588585739,68.57657952455497,0.7126577176622618,1.293936108770312,26.0,28.0
leaky,60.24565944770909,73.38072646304892,77.4667876625207,12.0,0.6,22.104064760460208,0.4,22.0,1.0,31.739290899557197,0.04,800,115,34,34,0.0425,1.0,0.0,0.47961483646403846,0.4062513812430121,0.711189366412121,0.9411764705882353,0.9411764705882353,65.40026345891957,64.50266888330796,69.49433368886211,0.4569821289920112,2.977228115030543,19.0,34.0
leaky,60.05672088879615,73.48283447705711,77.7304708309783,12.0,0.6,22.104064760460208,0.4,24.0,1.0,34.624680981335125,0.06,800,119,34,34,0.0425,1.0,0.0,0.5296054631951281,0.33707036417950764,0.7747231761653331,0.8823529411764706,0.8823529411764706,65.71468686416422,63.62503444255469,70.60012044584364,0.47262106446348284,2.923111569927885,20.0,33.0
leaky,59.26453269517791,73.1054607333709,77.56622799622,13.0,0.6,23.946070157165224,0.4,26.0,1.0,37.51007106311305,0.09,800,99,34,34,0.0425,1.0,0.0,0.5217083221197576,0.3732919388947029,0.7316264636907591,0.8235294117647058,0.8235294117647058,65.88221260484634,63.51784412522864,70.94816863870467,0.4742708403036632,2.870154452590526,21.0,33.0
leaky,59.15282847617823,72.64910286663113,76.92830180476419,13.0,0.6,23.946070157165224,0.30000000000000004,26.0,1.0,37.51007106311305,0.03,800,119,34,34,0.0425,1.0,0.0,0.5247919181429018,0.350786608766101,0.7789248985245517,0.8823529411764706,0.8823529411764706,66.23304954653246,64.22440566787418,69.28295123004979,0.47892751730591065,2.821956302754483,21.0,34.0
leaky,58.86864206906339,73.16996245245778,77.44466454162247,15.0,1.0,21.64042561333445,0.5,24.0,0.5,49.95285554413459,0.07,800,106,34,34,0.0425,1.0,0.0,0.35051405744473624,0.2710901415375384,0.6184932540748831,1.0,1.0,65.87332046219761,63.53166999330912,70.1517209629101,0.4610317564157813,2.948003598811112,15.0,39.0
leaky,59.93121083772941,72.89715719791586,76.99490844775609,20.0,0.8,31.62264330532066,0.1,28.0,0.5,58.27833146815702,0.08,800,95,34,34,0.0425,1.0,0.0,0.6424342936145503,0.3942534645255793,0.8461017805130857,0.47058823529411764,0.47058823529411764,65.29578933466844,63.658012968731754,68.28259049215993,0.7135849620718145,1.3077469525393193,21.5,32.0
leaky,58.50775140917447,73.45515340920574,78.17746301298233,20.0,1.0,28.85390081777927,0.30000000000000004,22.0,0.5,45.79011758212337,0.09,800,83,34,34,0.0425,1.0,0.0,0.5559976167796737,0.3406214207198915,0.7151164271522118,0.8823529411764706,0.8823529411764706,65.55418904384516,63.819208683324774,68.16156462921609,0.6663542938106011,1.5733248751415747,20.0,35.0
leaky,59.01991265816388,73.23706685998806,77.6504629614841,20.0,1.0,28.85390081777927,0.30000000000000004,16.0,0.5,33.301903696089724,0.03,800,124,34,34,0.0425,1.0,0.0,0.550390192650277,0.3669805846655974,0.7406106966926271,0.8235294117647058,0.8235294117647058,65.97260198917542,63.76148288435414,68.58105372063422,0.6854983756061739,1.4339595763729132,20.0,34.5
leaky,59.969835133907864,72.99878133729642,77.14252780106153,21.0,0.8,33.2037754705867,0.2,20.0,0.5,41.62737962011216,0.08,800,98,34,34,0.0425,1.0,0.0,0.6522499768563874,0.40418061308357406,0.812782626205005,0.4411764705882353,0.4411764705882353,65.69310899375341,63.37199785213244,68.94886200518083,0.7119173661038671,1.3305275247712087,21.0,32.5
leaky,58.59952847191448,73.04026734196748,77.57307217430375,21.0,1.0,30.296595858668233,0.1,28.0,0.5,58.27833146815702,0.01,800,115,34,34,0.0425,1.0,0.0,0.5457535149187221,0.3962013113076432,0.7539896753809907,0.8235294117647058,0.8235294117647058,65.0582979182795,63.405080351501915,71.02868733984167,0.6982891718569482,1.4020552693458994,19.0,34.0
leaky,59.56144244408413,73.41647925165549,77.70391281338696,21.0,1.0,30.296595858668233,0.30000000000000004,12.0,0.5,24.976427772067296,0.01,800,109,34,34,0.0425,1.0,0.0,0.5890332754105592,0.37982255311587776,0.789108831443508,0.7352941176470589,0.7352941176470589,65.14790261509381,63.951145067086536,68.62262159723868,0.7472942212264977,1.1185830056038086,20.0,33.5
leaky,59.96489641001541,73.00910100813206,77.16577506115888,22.0,0.8,34.784907635852726,0.1,24.0,0.5,49.95285554413459,0.1,800,98,34,34,0.0425,1.0,0.0,0.636565863231525,0.4581075533026451,0.8976613548266996,0.47058823529411764,0.47058823529411764,66.97313120198362,64.30525853707525,71.82601934865852,0.7383251012393387,1.159288656691011,22.0,32.0
leaky,59.66054339796045,72.58198631677021,76.69440819540493,22.0,0.8,34.784907635852726,0.1,24.0,0.5,49.95285554413459,0.07,800,113,34,34,0.0425,1.0,0.0,0.6562676933595086,0.406506575979885,0.7855638411064739,0.4117647058823529,0.4117647058823529,65.96138985629472,64.15935182811346,70.6839373332403,0.706492447834298,1.334568018252269,21.0,32.0
leaky,58.78589250817265,73.42880437563247,78.07826021088141,22.0,1.0,31.739290899557197,0.1,26.0,0.5,54.11559350614581,0.05,800,107,34,34,0.0425,1.0,0.0,0.5649810368642352,0.33111886366197957,0.8830089784056985,0.7352941176470589,0.7352941176470589,64.97462710433109,63.62373742623889,69.06531863274735,0.7003227536156214,1.3421906127109615,20.5,34.0
leaky,58.74874445686344,73.01335661268516,77.23408784276124,23.0,0.8,36.36603980111876,0.4,12.0,1.0,17.312340490667562,0.03,800,93,34,34,0.0425,1.0,0.0,0.6976118707099122,0.45250787684012544,0.890992578507329,0.2647058823529412,0.2647058823529412,65.28432839718184,63.67023828085643,69.01290021897742,0.7039392181080519,1.3499222685801051,23.0,31.0
leaky,59.36756218395432,73.22027245893,77.46830853177121,24.0,0.6,44.208129520920416,0.4,14.0,1.0,20.19773057244549,0.1,800,116,34,34,0.0425,1.0,0.0,0.7971058031487398,0.5371096910009964,0.9911276297478563,0.20588235294117646,0.20588235294117646,65.64800048104676,63.26270356687389,68.20054042689969,0.6941659163171978,1.4086062879558723,25.0,29.0
leaky,59.3180706867986,73.45082204641388,77.64945882942851,15.0,1.0,21.64042561333445,0.5,20.0,0.5,41.62737962011216,0.06,800,108,33,33,0.04125,1.0,0.0,0.3742337081727687,0.29887663446810553,0.6209278486223369,1.0,1.0,65.12926911538491,63.24599362329346,69.3886813132336,0.49398162540177193,2.715984168762754,15.0,38.0
leaky,59.197733569827335,72.70520364862935,76.75506453714306,15.0,1.0,21.64042561333445,0.8,6.0,2.0,7.206734452718699,0.08,800,103,33,33,0.04125,1.0,0.0,0.36095141108510054,0.26627173896589823,0.5220149175943833,1.0,1.0,66.60607213164255,63.979868197098746,69.79152517308218,0.47430398976070853,2.812269043337751,15.0,39.0
leaky,59.55453695844031,72.43055835155076,76.52599938543207,22.0,0.8,34.784907635852726,0.1,24.0,0.5,49.95285554413459,0.06,800,109,33,33,0.04125,1.0,0.0,0.688625990413875,0.4265496235207239,0.9071267799321565,0.2727272727272727,0.2727272727272727,65.79343452154842,63.84397316295326,69.20246017863434,0.7392559114243749,1.1372500821767828,23.0,32.0
leaky,58.79794933384672,72.97179163790356,77.27201966006766,22.0,1.0,31.739290899557197,0.6000000000000001,6.0,1.0,8.656170245333781,0.07,800,115,33,33,0.04125,1.0,0.0,0.5840722816613018,0.4567041408573778,0.6779985376443561,0.8787878787878788,0.8787878787878788,65.32690137452066,63.76220845985134,70.001084822918,0.6846749609043921,1.4376213332330923,20.0,34.0
leaky,59.10373642799894,72.67900399961607,76.81896968981786,23.0,0.6,42.366124124215396,0.4,14.0,1.0,20.19773057244549,0.08,800,103,33,33,0.04125,1.0,0.0,0.7863061406123895,0.5500501530501687,1.0373283437683547,0.12121212121212122,0.12121212121212122,66.52342752752915,63.696340888671486,70.87722527470967,0.7201706967639394,1.2743526778206182,25.0,29.0
leaky,58.51347680756555,72.76186577147212,76.84182930614008,23.0,0.8,36.36603980111876,0.6000000000000001,10.0,1.5,12.76780847302286,0.1,800,98,33,33,0.04125,1.0,0.0,0.670826681453452,0.4641806266202081,0.9261851826514487,0.36363636363636365,0.36363636363636365,66.29338236623633,63.59831426557813,70.08659389238761,0.688616878081561,1.435537949644703,23.0,31.0
leaky,58.9100454565083,72.96674257741893,77.26148760507007,24.0,0.6,44.208129520920416,0.2,18.0,1.0,25.968510736001342,0.0,800,81,33,33,0.04125,1.0,0.0,0.7844737416268662,0.53247523839308,0.9653108909340916,0.15151515151515152,0.15151515151515152,65.66441795940185,63.77092691302178,69.85668665431983,0.6894202620108627,1.4229616907823885,25.0,29.0
leaky,58.62783612019046,73.16204699681364,77.73088857073702,24.0,0.6,44.208129520920416,0.30000000000000004,18.0,1.0,25.968510736001342,0.1,800,93,33,33,0.04125,1.0,0.0,0.8421972949838118,0.6218506748262502,1.1284348405611477,0.030303030303030304,0.030303030303030304,65.7127836235826,64.38243643780385,69.34201052254352,0.7071502317750139,1.32403675278155,25.0,28.0
leaky,58.71236612083817,73.47219562344108,78.13048397455067,24.0,0.6,44.208129520920416,0.2,20.0,1.0,28.85390081777927,0.07,800,107,33,33,0.04125,1.0,0.0,0.8411050937530777,0.5526725563367342,1.172665569211016,0.12121212121212122,0.12121212121212122,64.90432704263446,63.47107744017467,69.8043503280907,0.725706507802279,1.218892488186751,25.0,29.0
leaky,59.648399774995156,72.57468745525574,76.60501311500298,12.0,0.6,22.104064760460208,0.5,20.0,1.0,28.85390081777927,0.06,800,110,32,32,0.04,1.0,0.0,0.47763888490225365,0.36351072683188634,0.7483795605003734,0.9375,0.9375,65.95865979329564,63.807490264799384,69.82395006244828,0.46162425582352357,2.9282596338387714,19.0,34.5
leaky,59.74432976013801,72.8736279615614,76.94837811620948,13.0,0.8,20.55471814845843,0.6000000000000001,22.0,0.5,45.79011758212337,0.1,800,120,32,32,0.04,1.0,0.0,0.4299377767327355,0.3177954213675856,0.5886082455824528,1.0,1.0,65.84739563529735,63.65393783395925,69.71575270120348,0.4965547660768409,2.7358750204681384,17.0,36.5
leaky,59.353125494484075,73.27377029395271,77.38386011155566,15.0,1.0,21.64042561333445,0.5,18.0,0.5,37.464641658100945,0.05,800,95,32,32,0.04,1.0,0.0,0.39898997709798933,0.24294934438491658,0.5848621236730798,1.0,1.0,65.90974153646528,63.34268371516151,69.15019226341268,0.5021738872504611,2.6626464137195347,15.0,38.0
leaky,58.68377869811235,72.69623540097638,76.75442701171228,15.0,1.0,21.64042561333445,0.8,8.0,2.0,9.608979270291599,0.08,800,114,32,32,0.04,1.0,0.0,0.3556527059977991,0.28582285882143876,0.45799951213846063,1.0,1.0,66.08540988047442,63.79055785285411,69.68688094498502,0.45474741694920034,3.0202200895850337,16.0,38.0
leaky,60.23246405617432,73.11803566753886,77.19245370644516,21.0,0.8,33.2037754705867,0.1,24.0,0.5,49.95285554413459,0.05,800,110,32,32,0.04,1.0,0.0,0.650170311138532,0.5364965510084541,0.7752757711603073,0.40625,0.40625,66.62112349487754,63.400093661469654,70.16989640950888,0.7298427145080921,1.2231883248031519,21.5,32.0
leaky,60.08404644311998,72.98111754804442,77.0790230656307,21.0,0.8,33.2037754705867,0.30000000000000004,14.0,0.5,29.13916573407851,0.07,800,115,32,32,0.04,1.0,0.0,0.6625870724613561,0.48206350350602156,0.8374239929937306,0.40625,0.40625,65.46972586582778,63.74845063112122,70.95343807830241,0.6882007657972372,1.459938180075172,21.0,32.0
leaky,58.56457793546632,73.0539209175235,77.61598856799877,21.0,1.0,30.296595858668233,0.2,22.0,0.5,45.79011758212337,0.04,800,103,32,32,0.04,1.0,0.0,0.5444833938996475,0.3857509199835389,0.7443936039775761,0.875,0.875,66.42878666189662,64.43487856844493,71.43798467316866,0.6622588864808205,1.5473171998020532,20.0,34.0
leaky,59.1979181609262,72.86851395341047,77.08009668759917,21.0,1.0,30.296595858668233,0.30000000000000004,12.0,0.5,24.976427772067296,0.0,800,101,32,32,0.04,1.0,0.0,0.5325386070148246,0.40148550560706026,0.742600025673261,0.90625,0.90625,66.16479129811326,64.2585979161511,70.22416797027232,0.6562391318173253,1.6127587442982025,20.0,34.0
leaky,59.09732472624792,72.65239190492993,76.84449474283227,21.0,1.0,30.296595858668233,0.4,8.0,0.5,16.650951848044862,0.02,800,105,32,32,0.04,1.0,0.0,0.560637890523179,0.3561020706357634,0.7152710912486058,0.90625,0.90625,66.30584311246615,64.14730316172809,71.44474307144772,0.7210625735268524,1.2763458504366605,20.0,34.0
leaky,59.64037221240643,72.92655492500347,76.94506837545573,21.0,1.2000000000000002,28.50130488147714,0.6000000000000001,6.0,2.0,7.206734452718699,0.03,800,87,32,32,0.04,1.0,0.0,0.46359527117896904,0.3076134434036035,0.6588245217085862,0.96875,0.96875,66.57910805180869,64.41139905560922,69.37882583680936,0.7514330057647847,1.1152703049930346,18.0,36.0
leaky,58.833911342695444,72.67950223888698,76.91092991678744,24.0,0.6,44.208129520920416,0.30000000000000004,16.0,1.0,23.083120654223414,0.05,800,91,32,32,0.04,1.0,0.0,0.7781809256466652,0.6147027932872666,1.115495757627286,0.0625,0.0625,66.21167836109379,63.90090549869188,69.31873038440095,0.7017792013550104,1.3694892070792488,24.0,29.0
leaky,58.97064584476185,72.66830909405611,76.86157619887442,24.0,0.6,44.208129520920416,0.4,14.0,1.0,20.19773057244549,0.09,800,115,32,32,0.04,1.0,0.0,0.7830473867291342,0.4759665363128524,1.0595306058213156,0.15625,0.15625,66.1590081435109,63.77617252133755,68.6633894283351,0.6640826476770225,1.579999262316734,24.0,29.5
leaky,60.2824668659798,73.3743534382821,77.41722681879162,12.0,0.6,22.104064760460208,0.30000000000000004,24.0,1.0,34.624680981335125,0.0,800,127,31,31,0.03875,1.0,0.0,0.4926335632131799,0.38679782805591817,0.6267297357936618,1.0,1.0,65.7789892778325,63.38759576559799,69.11481420533858,0.4638451664095133,2.927619660498843,20.0,34.0
leaky,59.88492008685293,73.19822763610125,77.38570427220705,12.0,0.6,22.104064760460208,0.30000000000000004,26.0,1.0,37.51007106311305,0.02,800,114,31,31,0.03875,1.0,0.0,0.5003621821951405,0.3658611429860683,0.8059516396382638,0.9032258064516129,0.9032258064516129,65.72358948754902,63.5536620413416,69.84773641585655,0.47055253411863185,2.9611355800621846,20.0,33.0
leaky,59.220265573019944,72.9309693567784,76.9694514189585,15.0,1.0,21.64042561333445,0.6000000000000001,10.0,0.5,20.81368981005608,0.05,800,97,31,31,0.03875,1.0,0.0,0.345964145862898,0.24038679783894723,0.6078513109400888,1.0,1.0,65.27108924841608,63.50794506501561,67.94084054042648,0.47545171738065806,2.820411028369613,14.0,39.0
leaky,59.043528351253954,73.05000700971527,77.21108356892209,15.0,1.0,21.64042561333445,0.6000000000000001,12.0,0.5,24.976427772067296,0.06,800,104,31,31,0.03875,1.0,0.0,0.3631058569320471,0.26761556487221555,0.5267207910311821,1.0,1.0,65.77291011871284,63.678081598478904,70.22112095780987,0.4605274138642858,2.967088911693512,14.0,39.0
leaky,59.8924802932593,72.61906963936234,76.63096723557548,21.0,0.8,33.2037754705867,0.1,24.0,0.5,49.95285554413459,0.02,800,97,31,31,0.03875,1.0,0.0,0.6002172711390967,0.43653943399081235,0.8360837972891266,0.6129032258064516,0.6129032258064516,65.79888580486207,63.72609770505548,68.85788464614109,0.6845474005001747,1.452567875530615,20.0,33.0
leaky,59.58238208399667,72.46197154401838,76.5445218713443,21.0,0.8,33.2037754705867,0.1,26.0,0.5,54.11559350614581,0.06,800,95,31,31,0.03875,1.0,0.0,0.6399358743520098,0.4141325806678456,0.8096131985492065,0.4838709677419355,0.4838709677419355,66.24267834587377,63.611710211368724,70.2320638472189,0.7016206812148014,1.3431204472073104,21.0,32.0
leaky,59.76245258897457,72.70518015468987,76.81727137970944,21.0,0.8,33.2037754705867,0.2,20.0,0.5,41.62737962011216,0.07,800,102,31,31,0.03875,1.0,0.0,0.633077520545186,0.44031837973304355,0.8674158824191417,0.5161290322580645,0.5161290322580645,65.30641133208297,63.91793407972666,69.84650707045267,0.7036062343771954,1.351945419831432,21.0,32.0
leaky,59.607501203010926,73.38350431680087,77.56686721069914,22.0,0.6,40.524118727510384,0.30000000000000004,16.0,1.0,23.083120654223414,0.04,800,91,31,31,0.03875,1.0,0.0,0.7952152890483177,0.5603586617873201,0.9971873820480347,0.0967741935483871,0.0967741935483871,66.14195550972326,63.53477905342441,70.11467941287188,0.7175331346340162,1.288697585632337,25.0,29.0
leaky,59.7642346704271,72.72878690807349,76.857036406081,22.0,0.8,34.784907635852726,0.1,24.0,0.5,49.95285554413459,0.08,800,130,31,31,0.03875,1.0,0.0,0.6442141409171475,0.49750271967441684,0.894384258028869,0.45161290322580644,0.45161290322580644,65.48355811487325,63.875140941262,69.48463506581331,0.7109973388413329,1.2872212616980574,21.0,32.0
leaky,58.651755780842,72.82739981941093,77.28564454613733,22.0,1.0,31.739290899557197,0.2,18.0,0.5,37.464641658100945,0.01,800,104,31,31,0.03875,1.0,0.0,0.5640860223885563,0.3866885762538791,0.8689062729017653,0.7741935483870968,0.7741935483870968,65.94253282909936,63.79774406231633,70.25038435308457,0.7398729883150043,1.1645494467437039,20.0,34.0
leaky,58.629846040978386,73.49333389718242,77.54480376615139,23.0,0.8,36.36603980111876,0.5,12.0,1.5,15.321370167627434,0.06,800,90,31,31,0.03875,1.0,0.0,0.6961430752480814,0.4656846805617647,0.8945723373974551,0.3225806451612903,0.3225806451612903,66.81015712167898,64.18477226745632,72.91244469744879,0.6909134990380229,1.4309246004052152,24.0,31.0
leaky,59.792431773773004,72.71566846008369,76.71846238754435,12.0,0.6,22.104064760460208,0.4,22.0,1.0,31.739290899557197,0.03,800,110,30,30,0.0375,1.0,0.0,0.46074199748964595,0.355022413181417,0.6804026199539986,0.9,0.9,65.43001115059866,63.81193875301668,68.45525743964478,0.4428885870981099,3.1169969721103152,19.0,34.0
leaky,59.523721183985856,73.01273177642652,77.32623059210701,12.0,0.6,22.104064760460208,0.4,26.0,1.0,37.51007106311305,0.07,800,109,30,30,0.0375,1.0,0.0,0.5241465553897111,0.4064551545368903,0.6635532319131652,0.9333333333333333,0.9333333333333333,65.24225067375681,63.90668222828363,67.97026678632169,0.45920581222025947,2.923868920804754,20.0,33.5
leaky,59.0996954259053,72.40701991554874,76.65259535221551,12.0,0.6,22.104064760460208,0.4,26.0,1.0,37.51007106311305,0.06,800,137,30,30,0.0375,1.0,0.0,0.48622829179049065,0.36707808135208125,0.6161364770738705,1.0,1.0,65.4346894778636,63.21688176369112,68.83206814244538,0.44996216305717424,3.009134516097932,20.0,34.5
leaky,58.62883372960358,72.35234007140899,76.75643251704622,14.0,0.6,25.788075553870243,0.5,22.0,1.0,31.739290899557197,0.1,800,99,30,30,0.0375,1.0,0.0,0.5583984760093408,0.3732283624214529,0.919473923390869,0.8,0.8,65.52667364011799,63.499711810057356,69.46013248735723,0.5113804930727375,2.5817208612051097,21.0,32.0
leaky,59.643124234485356,73.44678067121511,77.47103785865039,14.0,0.8,22.135850313724465,0.5,16.0,1.0,23.083120654223414,0.02,800,98,30,30,0.0375,1.0,0.0,0.4221337366590028,0.2987957238629663,0.5917600893258274,1.0,1.0,66.36081359978267,63.70439478940104,69.25951179735362,0.45505863823398873,2.9997556102286373,17.5,36.5
leaky,58.96573083495833,73.45270161951802,77.8009515212548,15.0,1.0,21.64042561333445,0.5,26.0,0.5,54.11559350614581,0.08,800,107,30,30,0.0375,1.0,0.0,0.36113514220448356,0.2738427626585983,0.6364148831350351,0.9666666666666667,0.9666666666666667,65.12825648043034,63.8831117899137,68.3094995751986,0.45225952086235033,3.0247656263067357,16.0,38.0
leaky,58.90635398696967,72.6897160166035,76.75242968762825,15.0,1.0,21.64042561333445,0.8,6.0,1.5,7.660685083813717,0.08,800,106,30,30,0.0375,1.0,0.0,0.3838698121406098,0.2734940984413662,0.5092228818519243,1.0,1.0,65.63084160642248,63.426671287526716,67.30638849470125,0.4491115178503501,2.990300149015427,16.5,38.5
leaky,58.718546181184436,73.42234200437395,77.8775330933315,15.0,1.0,21.64042561333445,0.7000000000000001,10.0,0.5,20.81368981005608,0.09,800,109,30,30,0.0375,1.0,0.0,0.3675596774724178,0.2755738462973343,0.4772647239305078,1.0,1.0,65.9870510411494,63.860372395498324,68.23597962857653,0.45711927470320246,3.00328766750831,15.5,38.0
leaky,60.17728448793797,73.02522038408122,77.13705745332149,21.0,0.8,33.2037754705867,0.5,6.0,0.5,12.488213886033648,0.09,800,113,30,30,0.0375,1.0,0.0,0.6341507491342323,0.45260896278577945,0.7905933904834026,0.5,0.5,66.8244924658507,64.4646544640151,69.66447520448737,0.7072484216867383,1.3308846556901166,21.0,33.0
leaky,60.29942127857471,73.23140150658357,77.3322283549524,22.0,0.8,34.784907635852726,0.0,28.0,0.5,58.27833146815702,0.02,800,126,30,30,0.0375,1.0,0.0,0.648875844611452,0.4056629337069594,0.826966898426114,0.36666666666666664,0.36666666666666664,66.05121324882609,64.4235165996158,69.95028768088726,0.7451844688529932,1.1396488835357022,22.0,32.0
leaky,60.309518947930144,73.40614261755448,77.58606515867677,22.0,0.8,34.784907635852726,0.2,18.0,0.5,37.464641658100945,0.09,800,109,30,30,0.0375,1.0,0.0,0.6971701338621499,0.4828506968914542,0.9460942162869411,0.3333333333333333,0.3333333333333333,67.63270016829038,64.08392505712243,72.74232401855507,0.7656283119922838,1.023933449388224,23.0,31.5
leaky,58.83756786560255,72.6890895493272,76.92086513589103,22.0,0.8,34.784907635852726,0.6000000000000001,8.0,1.0,11.541560327111707,0.1,800,85,30,30,0.0375,1.0,0.0,0.6464176964735024,0.4483557921440037,0.8311419610374409,0.43333333333333335,0.43333333333333335,65.83742032459674,63.865049219717775,69.80342327504808,0.6676131240698718,1.5265995115667181,22.0,32.0
leaky,59.95756360149518,73.128763531697,77.36297778104894,22.0,0.8,34.784907635852726,0.4,10.0,0.5,20.81368981005608,0.1,800,113,30,30,0.0375,1.0,0.0,0.6425860233051734,0.4010666256789878,0.89997135820551,0.4666666666666667,0.4666666666666667,66.08641280215937,63.759585489215915,70.53250103947518,0.7050369538037999,1.3324871139745456,21.0,33.0
leaky,59.56064726230271,72.57680016682312,76.75624544815213,22.0,0.8,34.784907635852726,0.4,10.0,0.5,20.81368981005608,0.09,800,113,30,30,0.0375,1.0,0.0,0.639113855454136,0.4566455288664426,0.892978132567302,0.5,0.5,65.24594714983566,63.997959253899886,68.38986839226743,0.6819898133302977,1.5127381593969809,22.0,33.0
leaky,59.09412645059756,73.4309655043753,77.58753877375719,22.0,1.0,31.739290899557197,0.6000000000000001,8.0,1.5,10.214246778418289,0.07,800,102,30,30,0.0375,1.0,0.0,0.5864168922625181,0.4407071969612379,0.7177107172081189,0.8,0.8,64.53801253209446,63.70609709027445,68.85229839342144,0.7366540479453805,1.1823017349344425,20.5,33.0
leaky,58.55649671352738,72.58193618769778,76.85669284451683,22.0,1.2000000000000002,29.858509875833192,0.6000000000000001,4.0,1.0,5.7707801635558535,0.04,800,127,30,30,0.0375,1.0,0.0,0.46890188893020196,0.34183597392510606,0.6120800667676695,1.0,1.0,66.87316910552309,64.14392642562538,73.28866183248823,0.7077945417552651,1.3227111656409622,18.0,36.0
leaky,59.187929641213586,72.724219979326,76.916959853588,22.0,1.2000000000000002,29.858509875833192,0.6000000000000001,6.0,2.0,7.206734452718699,0.04,800,117,30,30,0.0375,1.0,0.0,0.48248948132576963,0.3407818450813262,0.576653028181512,1.0,1.0,66.33947813825202,63.84420694695157,71.08766419821124,0.727040074094906,1.2255942666822857,18.5,35.0
leaky,58.67114067150538,72.74318372719216,76.96959731638864,23.0,0.8,36.36603980111876,0.5,10.0,1.0,14.426950408889635,0.07,800,103,30,30,0.0375,1.0,0.0,0.6233408155682862,0.4650489685813232,0.884072885489777,0.5333333333333333,0.5333333333333333,66.73805668856542,64.26308661905408,71.81480837421681,0.6467123960360507,1.677261754589407,21.0,31.5
leaky,59.18959703383864,73.47718668370854,77.78273836976888,23.0,0.8,36.36603980111876,0.5,10.0,1.0,14.426950408889635,0.08,800,104,30,30,0.0375,1.0,0.0,0.7012334658203466,0.5792334412458833,0.8946445569457172,0.3,0.3,65.15442311128422,63.55665035147459,70.1353832407056,0.6986517988013735,1.4061277128608884,23.0,30.0
leaky,58.64631504551269,72.59362713686414,76.87325994026608,25.0,0.6,46.050134917625435,0.30000000000000004,16.0,1.0,23.083120654223414,0.06,800,104,30,30,0.0375,1.0,0.0,0.8287509104271787,0.6111808267959172,0.9959215826732863,0.03333333333333333,0.03333333333333333,65.80600492777451,64.30010033613596,69.91597150579008,0.7062565610346333,1.3427629771554868,25.0,29.0
leaky,58.619664607178834,72.94382029662195,77.36765005803264,26.0,0.6,47.89214031433045,0.2,18.0,1.0,25.968510736001342,0.03,800,113,30,30,0.0375,1.0,0.0,0.8730671826241281,0.634676038390726,1.129205397232816,0.03333333333333333,0.03333333333333333,65.85713658157158,63.85819566601972,69.81337644322711,0.7420162378513507,1.164550473712681,26.0,28.0
leaky,59.56531017958495,73.05427794991112,77.35746951544382,12.0,0.6,22.104064760460208,0.30000000000000004,28.0,1.0,40.39546114489098,0.04,800,128,29,29,0.03625,1.0,0.0,0.5134759462268675,0.3608865315558787,0.6906563375387105,0.9310344827586207,0.9310344827586207,66.11648338362319,63.460687361774404,68.72587488224086,0.4500173274074324,3.0158381203908013,20.0,34.0
leaky,59.62320208315093,72.85799168705493,77.0328488403969,12.0,0.6,22.104064760460208,0.4,24.0,1.0,34.624680981335125,0.05,800,120,29,29,0.03625,1.0,0.0,0.464930123643384,0.36723901543990145,0.6394671634925838,0.9655172413793104,0.9655172413793104,65.45438489251632,63.419269199819,68.76377192442784,0.4481329396838542,3.078069954046918,20.0,34.0
leaky,58.818063927882,72.47397441442865,76.8606119872515,13.0,0.6,23.946070157165224,0.30000000000000004,28.0,1.0,40.39546114489098,0.05,800,110,29,29,0.03625,1.0,0.0,0.5351924057852046,0.3554235073631511,0.7308934019282215,0.8620689655172413,0.8620689655172413,66.23770526816445,63.7240621089422,69.90729696027348,0.4703972144105438,2.862588356430771,21.0,33.0
leaky,59.25762389962178,72.5540998627065,76.76397297567249,13.0,0.6,23.946070157165224,0.6000000000000001,18.0,1.0,25.968510736001342,0.1,800,100,29,29,0.03625,1.0,0.0,0.522215500964261,0.3556970166274544,0.7777179449315827,0.7586206896551724,0.7586206896551724,65.52881277552733,63.657311288846536,69.92954621209633,0.4600255564884344,2.9513602965954164,20.0,34.0
leaky,58.96366472632625,73.0747201488714,77.28094076613638,14.0,0.8,22.135850313724465,0.5,18.0,1.0,25.968510736001342,0.03,800,122,29,29,0.03625,1.0,0.0,0.44198930549917953,0.3519975859988254,0.6618667180126291,0.9655172413793104,0.9655172413793104,65.87540438767749,63.82636949703996,69.0831215531203,0.4623668468224838,2.9303302888472302,18.0,35.0
leaky,58.98297348288131,73.25611475514302,77.52580142460758,15.0,1.0,21.64042561333445,0.6000000000000001,14.0,0.5,29.13916573407851,0.07,800,105,29,29,0.03625,1.0,0.0,0.36287448223400315,0.27258221538540084,0.4386212803897883,1.0,1.0,65.22092226767575,63.629175487324076,70.01469422482312,0.44294696433031155,3.1193256786974475,15.0,39.0
leaky,59.893512450773656,72.9025233593812,77.03261446384691,21.0,0.8,33.2037754705867,0.1,26.0,0.5,54.11559350614581,0.09,800,95,29,29,0.03625,1.0,0.0,0.600680960219383,0.4607946824728949,0.8575204419774547,0.7241379310344828,0.7241379310344828,66.49593972035015,63.850034041934244,68.81721969456355,0.6704505235686795,1.5418164370217224,21.0,33.0
leaky,60.25680561069889,73.0563056053164,77.10192879703928,21.0,0.8,33.2037754705867,0.2,18.0,0.5,37.464641658100945,0.05,800,101,29,29,0.03625,1.0,0.0,0.6418577678108185,0.5082057957895922,0.8831507629797765,0.41379310344827586,0.41379310344827586,66.39852735649526,64.47921242117968,69.70488239248826,0.68877142045345,1.3974259612172053,21.0,33.0
leaky,60.39512026051993,73.42151932195425,77.56690769765885,21.0,0.8,33.2037754705867,0.30000000000000004,14.0,0.5,29.13916573407851,0.08,800,99,29,29,0.03625,1.0,0.0,0.6438341366517634,0.42330636779019876,0.8335187761606792,0.4827586206896552,0.4827586206896552,65.45707400622524,63.781868113350406,69.46112131536495,0.7096327070371805,1.3171954064736788,21.0,33.0
leaky,58.898558376364214,72.97935789126265,77.4190330362804,21.0,1.0,30.296595858668233,0.5,6.0,0.5,12.488213886033648,0.06,800,92,29,29,0.03625,1.0,0.0,0.5374801988258865,0.37969110963881697,0.7590978675105461,0.8620689655172413,0.8620689655172413,66.43579168381432,64.64614686726244,69.0960491519261,0.6815340952571447,1.486276048174821,19.0,35.0
leaky,59.941749815616774,72.66438945539251,76.68797223839451,22.0,0.8,34.784907635852726,0.1,22.0,0.5,45.79011758212337,0.02,800,119,29,29,0.03625,1.0,0.0,0.6360008331206594,0.450673095875254,0.892154673625662,0.4827586206896552,0.4827586206896552,65.73103568309224,63.64768760928659,70.78662006239331,0.7001569009094448,1.3803870716032,21.0,33.0
leaky,60.29340273416837,72.9727162054599,76.98253977300158,22.0,0.8,34.784907635852726,0.2,16.0,0.5,33.301903696089724,0.04,800,118,29,29,0.03625,1.0,0.0,0.674261480071471,0.5310357204809035,0.8633358374083363,0.3103448275862069,0.3103448275862069,66.17336767771431,64.20162910279075,71.32973301762011,0.7489060652675059,1.1240151676268662,22.0,32.0
leaky,59.58485181393917,72.71572152392491,76.91914529255888,22.0,0.8,34.784907635852726,0.2,20.0,0.5,41.62737962011216,0.1,800,105,29,29,0.03625,1.0,0.0,0.6341018973079541,0.473586724279946,1.0014130609770715,0.5172413793103449,0.5172413793103449,65.07855608492244,63.821937474752346,70.89165265332002,0.7159847750385142,1.2825334252468799,21.0,32.0
leaky,59.88712311278324,72.87148657668494,77.05461305078404,22.0,0.8,34.784907635852726,0.5,6.0,0.5,12.488213886033648,0.1,800,106,29,29,0.03625,1.0,0.0,0.6878067603062151,0.44518788308653184,0.9357347609243934,0.3103448275862069,0.3103448275862069,65.60305678457189,63.34126897187507,69.92472295724991,0.7117645909916858,1.3013469845712304,22.0,33.0
leaky,58.51247292110097,73.27915145746002,77.9834896002044,22.0,1.0,31.739290899557197,0.1,28.0,0.5,58.27833146815702,0.09,800,101,29,29,0.03625,1.0,0.0,0.6055895492169187,0.36083055447132484,0.7478547959760082,0.7241379310344828,0.7241379310344828,66.37572725413187,64.19740375789101,68.7954553745671,0.7036538311459754,1.3488028923759336,21.0,33.0
leaky,59.9131114257452,73.00480108498591,77.19721459456147,22.0,0.8,34.784907635852726,0.30000000000000004,14.0,0.5,29.13916573407851,0.09,800,111,29,29,0.03625,1.0,0.0,0.6798671127736207,0.4592237014358531,0.8279155841736564,0.4482758620689655,0.4482758620689655,65.32433331410215,63.25962605652941,70.56257648980743,0.7515339677291505,1.1123856990953185,21.0,32.0
leaky,59.372732545093314,73.25949017980734,77.49654569514567,23.0,0.6,42.366124124215396,0.30000000000000004,16.0,1.0,23.083120654223414,0.05,800,103,29,29,0.03625,1.0,0.0,0.830177129754394,0.5303637104953312,1.1268052762227823,0.10344827586206896,0.10344827586206896,65.00156963101747,63.757306951282885,69.4765578437431,0.7374759152720052,1.1780499604792591,25.0,29.0
leaky,58.50035324179789,73.16933969300217,77.79366635460494,24.0,0.6,44.208129520920416,0.2,20.0,1.0,28.85390081777927,0.06,800,94,29,29,0.03625,1.0,0.0,0.7906799999684894,0.5950860139407853,1.2986867752611997,0.1724137931034483,0.1724137931034483,65.68671196812218,64.00649718959392,69.0853021629699,0.6620979050119056,1.6239101967725347,25.0,29.0
leaky,58.609878573935184,73.49593612920333,78.20896507015274,25.0,0.6,46.050134917625435,0.2,20.0,1.0,28.85390081777927,0.09,800,106,29,29,0.03625,1.0,0.0,0.8538226829802582,0.6701734974224637,1.1177502266800188,0.0,0.0,65.12360094691621,63.42860848269352,68.47517233322364,0.7039823968948102,1.3610239888225995,25.0,28.0
leaky,59.68838852351681,72.61339950923782,76.71293068131718,21.0,0.8,33.2037754705867,0.1,26.0,0.5,54.11559350614581,0.07,800,81,28,28,0.035,1.0,0.0,0.6185833393516085,0.3432903963350554,0.7412626232165869,0.6071428571428571,0.6071428571428571,66.03741464729332,63.388937549564425,69.48323869138605,0.7128845551194589,1.2687728020889986,21.0,33.0
leaky,60.17270044348826,73.28342785497662,77.45663894476894,21.0,0.8,33.2037754705867,0.2,20.0,0.5,41.62737962011216,0.09,800,99,28,28,0.035,1.0,0.0,0.6431724874219062,0.3827598502012862,0.795587962895422,0.4642857142857143,0.4642857142857143,66.38731528636481,63.372615400156555,69.61532773092038,0.7292986698598085,1.239292306506374,21.0,32.5
leaky,60.34695406144803,73.42048818031176,77.59710526681059,21.0,0.8,33.2037754705867,0.4,10.0,0.5,20.81368981005608,0.09,800,106,28,28,0.035,1.0,0.0,0.6508749429658348,0.44568491568722957,0.9034881314501882,0.4642857142857143,0.4642857142857143,65.6041299105278,63.38167534877793,68.4340814434037,0.7273375713425414,1.2426124297428391,21.5,32.5
leaky,60.10435428990337,72.9268758298627,76.94507176793945,21.0,1.2000000000000002,28.50130488147714,0.6000000000000001,4.0,2.0,4.804489635145799,0.03,800,111,28,28,0.035,1.0,0.0,0.43293827037214816,0.3134550106609592,0.6143957911800473,1.0,1.0,66.3602566164386,63.817768893583356,70.15323214776303,0.7089243112038235,1.3350854249220703,17.0,37.0
leaky,60.281733578531785,73.16335548356903,77.24945870926419,22.0,0.8,34.784907635852726,0.1,22.0,0.5,45.79011758212337,0.05,800,105,28,28,0.035,1.0,0.0,0.6121521768736449,0.39893314766958227,0.8810099487315471,0.6071428571428571,0.6071428571428571,66.49990072410196,63.84152268813025,69.3965961550554,0.7191270846899592,1.2783718760874825,21.0,33.0
leaky,58.56177294097784,73.10138557217562,77.71055215953277,22.0,1.0,31.739290899557197,0.1,26.0,0.5,54.11559350614581,0.03,800,104,28,28,0.035,1.0,0.0,0.5610050269660369,0.4010358904627718,0.747725386756618,0.75,0.75,64.95270331766417,63.45354217524318,67.75820378248177,0.7053242213316006,1.3463290948448647,19.0,34.5
leaky,59.5551450548537,72.42500161027306,76.5253368845305,23.0,0.8,36.36603980111876,0.0,28.0,0.5,58.27833146815702,0.03,800,116,28,28,0.035,1.0,0.0,0.6661042731978026,0.4858780764130094,0.8398343698166697,0.2857142857142857,0.2857142857142857,65.51764412371793,63.35790730402227,72.81233947704386,0.7577569289695609,1.0677630468925767,23.0,31.0
leaky,58.85482678253764,72.66576526440551,76.9074220623138,25.0,0.6,46.050134917625435,0.4,14.0,1.0,20.19773057244549,0.1,800,111,28,28,0.035,1.0,0.0,0.8245311685803101,0.5732754615877218,1.1780111235132484,0.14285714285714285,0.14285714285714285,64.38404697869755,63.399778900570084,66.7589261432542,0.7457542076574266,1.1339941575352914,25.0,28.0
leaky,60.178431972595845,73.33182728135299,77.44705716486733,12.0,0.6,22.104064760460208,0.5,20.0,1.0,28.85390081777927,0.07,800,114,27,27,0.03375,1.0,0.0,0.4707515470452311,0.3848081729486322,0.6193909526914564,1.0,1.0,66.1450241772801,63.52139917971103,71.69598817031704,0.4612522903556579,3.0014096708950917,19.0,35.0
leaky,59.72262547950812,72.90176401154304,77.00511337189167,13.0,0.8,20.55471814845843,0.7000000000000001,12.0,0.5,24.976427772067296,0.1,800,134,27,27,0.03375,1.0,0.0,0.4138496242337753,0.33291568913381636,0.5848474604767092,1.0,1.0,65.3129723556543,63.847765899426896,68.16684435212565,0.47022399363939665,2.8648406205630157,16.0,37.0
leaky,60.156531158405485,73.30891290670681,77.38679775457803,13.0,0.8,20.55471814845843,0.6000000000000001,20.0,0.5,41.62737962011216,0.1,800,126,27,27,0.03375,1.0,0.0,0.3903964009267185,0.2976329412997131,0.5848834783644156,1.0,1.0,65.56262385470289,64.1583580968751,71.56083542334494,0.4500238195336346,3.052071182910693,16.0,38.0
leaky,58.76422773110404,73.15503984488436,77.48858867766576,15.0,1.0,21.64042561333445,0.7000000000000001,8.0,0.5,16.650951848044862,0.08,800,110,27,27,0.03375,1.0,0.0,0.354486914551145,0.28322420138331406,0.6500479431942514,0.9629629629629629,0.9629629629629629,65.57505656837742,63.74829944198436,67.60871801732253,0.4585605852878998,2.9861668002758575,15.0,39.0
leaky,59.792079795983454,72.7602001005411,76.87555889199322,21.0,0.8,33.2037754705867,0.1,26.0,0.5,54.11559350614581,0.08,800,101,27,27,0.03375,1.0,0.0,0.6498001143539355,0.4883176362716557,0.9027763954532473,0.4444444444444444,0.4444444444444444,65.83460568209313,64.08481592526748,70.49117492521131,0.731079446615783,1.2227786808892414,21.0,32.0
leaky,59.38639364434293,72.43973984148798,76.61577912611048,22.0,0.8,34.784907635852726,0.2,20.0,0.5,41.62737962011216,0.09,800,106,27,27,0.03375,1.0,0.0,0.6173098941743251,0.4037413331526259,0.832135708796184,0.5555555555555556,0.5555555555555556,65.20920459616153,63.45738249151364,68.82724948156091,0.7163454138474982,1.3183621993905712,21.0,33.0
leaky,59.68725821437617,72.52503898682883,76.60987997367153,22.0,0.8,34.784907635852726,0.2,18.0,0.5,37.464641658100945,0.06,800,103,27,27,0.03375,1.0,0.0,0.6893200080796514,0.4073474213597905,0.8541951777864039,0.4074074074074074,0.4074074074074074,65.44543377343797,63.46082785981072,68.44478239833185,0.7088988653470076,1.357093959134449,22.0,32.0
leaky,59.16347545842896,72.34665182936033,76.58459052199879,22.0,0.8,34.784907635852726,0.30000000000000004,16.0,0.5,33.301903696089724,0.1,800,99,27,27,0.03375,1.0,0.0,0.637233104889778,0.38951264239860606,0.8537796182676023,0.48148148148148145,0.48148148148148145,66.24412608871258,63.642027143523734,72.0399994349017,0.7135303886019307,1.3092001666958388,21.0,33.0
leaky,59.02956389770362,73.13356761011701,77.26586563509895,22.0,0.8,34.784907635852726,0.4,12.0,1.0,17.312340490667562,0.02,800,98,27,27,0.03375,1.0,0.0,0.6321125193192166,0.4496463149582541,0.8636084343513915,0.5185185185185185,0.5185185185185185,65.31742718542048,63.419662888282865,69.68485098464463,0.6965722279965915,1.401388589113928,21.0,32.0
leaky,58.75277814591294,73.18124508899909,77.75872397995848,22.0,1.0,31.739290899557197,0.30000000000000004,14.0,0.5,29.13916573407851,0.05,800,109,27,27,0.03375,1.0,0.0,0.5546563170209207,0.4226610948179484,0.7427736441215079,0.8148148148148148,0.8148148148148148,64.843774830935,63.7820965144755,68.98836844119491,0.711181845169203,1.340247167674297,20.0,34.0
leaky,59.10836039825145,73.47465728983084,77.90549053819166,25.0,0.6,46.050134917625435,0.2,18.0,1.0,25.968510736001342,0.03,800,117,27,27,0.03375,1.0,0.0,0.8683950598011115,0.642013609978885,1.103646625788033,0.0,0.0,66.56483912259085,64.44118907882705,68.83220156388002,0.7317751576528483,1.1718548811892062,25.0,28.0
leaky,58.639659577196895,72.77754558172447,77.11647855280452,25.0,0.6,46.050134917625435,0.2,18.0,1.0,25.968510736001342,0.01,800,121,27,27,0.03375,1.0,0.0,0.8598580759799794,0.6055023618852639,1.0732239570402617,0.07407407407407407,0.07407407407407407,66.13693262941584,63.83130058367922,69.5378085401246,0.7111821092636242,1.288707170204269,26.0,28.0
leaky,59.70348011715611,73.01073025754908,77.22892998934415,12.0,0.6,22.104064760460208,0.5,22.0,1.0,31.739290899557197,0.08,800,118,26,26,0.0325,1.0,0.0,0.5296709683935261,0.4020594361145374,0.7014194399366704,0.8846153846153846,0.8846153846153846,64.83738520511695,63.862216065775286,68.20954017557325,0.4800062697329074,2.7691812807753258,20.0,33.5
leaky,59.322553424939315,72.74955322936944,77.05050305482762,12.0,0.6,22.104064760460208,0.5,24.0,1.0,34.624680981335125,0.09,800,123,26,26,0.0325,1.0,0.0,0.4882419406586792,0.3461945364824384,0.6121726106044525,1.0,1.0,65.78566847444125,63.978037710478915,69.98827841468761,0.4519981871167353,3.024637180781452,19.0,34.5
leaky,59.0211776298542,72.54299530087148,76.91068890531295,12.0,0.6,22.104064760460208,0.5,26.0,1.0,37.51007106311305,0.1,800,128,26,26,0.0325,1.0,0.0,0.49728870787267543,0.3521359958228068,0.7305082079479891,0.8846153846153846,0.8846153846153846,65.54294474287525,63.70829879930771,69.07735250881365,0.47309804455797344,2.8906381032084383,20.0,34.0
leaky,58.85880207601713,72.5361676980105,76.9380057088052,13.0,0.6,23.946070157165224,0.4,26.0,1.0,37.51007106311305,0.08,800,116,26,26,0.0325,1.0,0.0,0.5420102825028741,0.4005864685820119,0.8131741340321775,0.8461538461538461,0.8461538461538461,64.3456032691073,63.17969234412263,68.9106815142462,0.4676807431201021,2.8561511134418076,20.5,33.0
leaky,59.68550592337549,73.45051124729785,77.48103885951019,13.0,0.8,20.55471814845843,0.5,18.0,1.0,25.968510736001342,0.02,800,105,26,26,0.0325,1.0,0.0,0.3984648717665468,0.2880662343880442,0.5766061571273579,1.0,1.0,66.24891357675395,63.83338602612629,68.11705157751572,0.4589543733304444,2.983612145620361,16.0,36.0
leaky,60.34084375758563,73.2742463650394,77.36685920409053,21.0,0.8,33.2037754705867,0.1,24.0,0.5,49.95285554413459,0.06,800,96,26,26,0.0325,1.0,0.0,0.641341419248696,0.44525476747676024,0.8596578967832147,0.46153846153846156,0.46153846153846156,66.94622803536829,64.8173755845388,70.73929921133984,0.6990041806497392,1.4024918244119458,21.5,33.0
leaky,60.170920929820994,73.00220118085349,77.06883197665962,22.0,0.8,34.784907635852726,0.1,22.0,0.5,45.79011758212337,0.04,800,104,26,26,0.0325,1.0,0.0,0.6762045970840118,0.5406821154685815,0.9705541664649534,0.2692307692307692,0.2692307692307692,65.94181364529928,63.98703880759501,68.96276000606312,0.7358384177981414,1.1732279528264016,22.0,31.5
leaky,59.86566732521729,72.87111016691358,77.01409197793468,22.0,0.8,34.784907635852726,0.1,24.0,0.5,49.95285554413459,0.09,800,112,26,26,0.0325,1.0,0.0,0.6576441719436137,0.5183199999936149,0.8285789011309297,0.4230769230769231,0.4230769230769231,64.92415179297438,63.51762621899281,69.04989611578449,0.7116112843082596,1.298080864641339,22.0,33.0
leaky,58.61170200589909,73.41714229867848,78.13517268342859,22.0,1.0,31.739290899557197,0.1,28.0,0.5,58.27833146815702,0.1,800,101,26,26,0.0325,1.0,0.0,0.6057656659566224,0.37701596640190355,0.7027961352682247,0.6538461538461539,0.6538461538461539,65.01449692183664,63.39468816579162,69.24170617860561,0.6940881403511394,1.4018477053026066,20.0,33.0
leaky,58.95186549178144,72.91365208477517,77.29180082461497,22.0,1.0,31.739290899557197,0.30000000000000004,12.0,0.5,24.976427772067296,0.02,800,101,26,26,0.0325,1.0,0.0,0.5680000791522419,0.3912112182268392,0.7744966493899366,0.6923076923076923,0.6923076923076923,67.54928750809484,64.80935528973305,70.39662134103614,0.7114897318044964,1.3183869953836784,19.5,35.0
leaky,59.5551450548537,72.42500161027306,76.5253368845305,23.0,0.8,36.36603980111876,0.0,28.0,0.5,58.27833146815702,0.06,800,122,26,26,0.0325,1.0,0.0,0.6561902088924673,0.41570268144513084,0.8883063452719038,0.38461538461538464,0.38461538461538464,65.94299001426221,63.85617508073648,70.89043905970108,0.760027077656922,1.0625242532574668,22.0,32.0
leaky,59.069029216381644,72.64109144726854,76.6733953667731,23.0,1.0,33.18198594044616,0.6000000000000001,8.0,2.0,9.608979270291599,0.07,800,106,26,26,0.0325,1.0,0.0,0.5874509464265099,0.38421768216903446,0.7796663214909848,0.6538461538461539,0.6538461538461539,66.15335797120775,64.24867713467394,70.42529580455276,0.7180365159532314,1.2624873217491719,21.0,33.5
leaky,58.818179355794406,73.40227585058176,77.9355530955687,27.0,0.6,49.73414571103547,0.2,18.0,1.0,25.968510736001342,0.06,800,113,26,26,0.0325,1.0,0.0,0.8735980500461153,0.6943661923662383,1.3132196585126172,0.0,0.0,64.86489843648614,63.40543345828615,68.48296689257393,0.7347475612685399,1.1776792632427937,26.0,27.0
leaky,59.04389114416055,73.11805162950387,77.1490971214508,13.0,0.6,23.946070157165224,0.5,18.0,1.5,22.98205525144115,0.03,800,105,25,25,0.03125,1.0,0.0,0.48776157976123113,0.412104145554246,0.7034365650056384,0.88,0.88,65.66286762348037,63.681946875378976,71.38816469620465,0.46632706598728274,2.927727486722669,20.0,33.0
leaky,58.716703241599056,73.09769787148113,77.42884771847841,14.0,0.8,22.135850313724465,0.4,22.0,1.0,31.739290899557197,0.01,800,115,25,25,0.03125,1.0,0.0,0.450577037586989,0.35121619754259814,0.6480853881054689,0.96,0.96,65.22709147217098,63.3929771423455,70.07483038560723,0.4460786084027314,3.057972488009726,18.0,35.0
leaky,58.868132522024275,72.94951796726247,77.10271270715933,14.0,1.0,20.19773057244549,0.6000000000000001,20.0,0.5,41.62737962011216,0.07,800,115,25,25,0.03125,1.0,0.0,0.36258629440262824,0.29228483909990294,0.4931120221962871,1.0,1.0,64.98044559080346,63.404345402912725,67.01027693561994,0.4598441701498537,2.9481899615013893,15.0,38.0
leaky,58.63141937220455,73.35381184170639,77.80729993231066,15.0,1.0,21.64042561333445,0.6000000000000001,20.0,0.5,41.62737962011216,0.09,800,97,25,25,0.03125,1.0,0.0,0.3437885931939825,0.2910581037787727,0.5396992782562559,1.0,1.0,64.83982751606092,63.529290150546394,67.82243166379985,0.46004744521365765,2.992948179580199,16.0,39.0
leaky,58.69786245389176,72.71820005935041,77.08855927563894,21.0,1.0,30.296595858668233,0.30000000000000004,14.0,0.5,29.13916573407851,0.02,800,103,25,25,0.03125,1.0,0.0,0.5566912417308233,0.3092718466090756,0.7489263686128281,0.8,0.8,66.11746354362936,63.91239829960764,71.51657813274036,0.7226003489298263,1.2456845133321448,19.0,35.0
leaky,60.29942127857471,73.23140150658357,77.3322283549524,22.0,0.8,34.784907635852726,0.0,28.0,0.5,58.27833146815702,0.05,800,102,25,25,0.03125,1.0,0.0,0.6685874133886772,0.44006728312680954,0.8327857627091322,0.4,0.4,66.12737655119884,64.11717490906564,68.92293661824372,0.7498810621435822,1.0923579644655932,22.0,32.0
leaky,60.29942127857471,73.23140150658357,77.3322283549524,22.0,0.8,34.784907635852726,0.0,28.0,0.5,58.27833146815702,0.08,800,100,25,25,0.03125,1.0,0.0,0.6996800297888549,0.4492015877272061,0.9346948218141627,0.36,0.36,65.99382746969138,63.47323086695897,71.58917317304656,0.7398332581065754,1.1829213962803635,22.0,31.0
leaky,60.51677827858823,73.36673461486143,77.4556995042378,22.0,0.8,34.784907635852726,0.30000000000000004,12.0,0.5,24.976427772067296,0.07,800,96,25,25,0.03125,1.0,0.0,0.6324164811766649,0.496642754902445,0.8662317476894017,0.52,0.52,66.2501380557327,64.303369164605,70.8644089147191,0.7204163878957278,1.2316384367110411,22.0,33.0
leaky,59.60881346137461,72.5778313084656,76.72604787900039,22.0,0.8,34.784907635852726,0.30000000000000004,14.0,0.5,29.13916573407851,0.08,800,116,25,25,0.03125,1.0,0.0,0.6226850132028314,0.4057496301870276,0.8655435958267721,0.56,0.56,66.66580483591103,63.64924910459997,69.70147246370401,0.643597509872124,1.669903784620475,21.0,33.0
leaky,58.88872821045613,73.18141707807797,77.68709969248236,22.0,1.0,31.739290899557197,0.2,18.0,0.5,37.464641658100945,0.02,800,100,25,25,0.03125,1.0,0.0,0.6127066844418505,0.421274297508807,0.7784926188172946,0.6,0.6,65.64251033376418,63.77272207996166,67.64528749077341,0.7365058302703115,1.1770160491592507,20.0,34.0
leaky,58.67507985946186,73.26765007291692,77.89763347827684,22.0,1.0,31.739290899557197,0.1,26.0,0.5,54.11559350614581,0.04,800,120,25,25,0.03125,1.0,0.0,0.558808073735232,0.2965647500432667,0.8616549208095777,0.8,0.8,65.13330041238927,63.503671210976535,69.26553119238655,0.658496147551764,1.6265208534829199,20.0,33.0
leaky,58.59640684736024,72.3826261967746,76.68961810509742,22.0,1.0,31.739290899557197,0.30000000000000004,12.0,0.5,24.976427772067296,0.01,800,107,25,25,0.03125,1.0,0.0,0.5705064822939445,0.36425766400910164,0.8913415357203315,0.8,0.8,66.01636704826356,64.24218895250382,70.35725594152211,0.7137174786497505,1.3110347477243036,19.0,34.0
leaky,58.938019030540936,73.49708991450805,78.00027572369973,22.0,1.4000000000000004,28.58372204795784,0.6000000000000001,4.0,1.5,5.1071233892091445,0.03,800,97,25,25,0.03125,1.0,0.0,0.430492574441899,0.3037585335095931,0.5699799315842635,1.0,1.0,66.7606082966024,63.65744319266704,70.47752216928272,0.7207796926553103,1.265451570868425,16.0,38.0
leaky,60.00644052319052,72.66037205632563,76.66679738112933,23.0,0.8,36.36603980111876,0.1,20.0,0.5,41.62737962011216,0.01,800,115,25,25,0.03125,1.0,0.0,0.6881507454912102,0.47257848478769143,0.8212779807950242,0.2,0.2,65.84576775589483,63.74727983444422,70.00737644176786,0.739303002228861,1.1972785522127969,22.0,31.0
leaky,60.021820127425485,73.01514220656276,77.12002686012667,11.0,0.6,20.262059363755192,0.6000000000000001,20.0,1.0,28.85390081777927,0.09,800,128,24,24,0.03,1.0,0.0,0.4655906434293498,0.372917122659031,0.6289260373732044,1.0,1.0,65.50269486174659,63.48409107248618,68.48135355800633,0.44874823380510054,3.0636526514582383,19.5,34.0
leaky,59.78288918423718,73.29559691940796,77.38765767624412,13.0,0.8,20.55471814845843,0.8,8.0,1.0,11.541560327111707,0.1,800,103,24,24,0.03,1.0,0.0,0.40310337269050756,0.30570373722080507,0.5381431231109388,1.0,1.0,65.73738437567948,63.80984530201618,68.74980529654238,0.44978096192319594,3.0492262678892943,16.0,36.0
leaky,58.63475208576729,72.96156507516515,77.34841495815763,14.0,0.8,22.135850313724465,0.7000000000000001,14.0,1.0,20.19773057244549,0.09,800,116,24,24,0.03,1.0,0.0,0.46599991759984905,0.33222513740563775,0.6070835509087928,1.0,1.0,66.0358940689445,64.0745354699344,69.65047015019034,0.4836121350839715,2.775262777297189,18.5,35.0
leaky,58.58076991536946,73.03802638005368,77.38024668746314,15.0,1.0,21.64042561333445,0.5,28.0,0.5,58.27833146815702,0.08,800,114,24,24,0.03,1.0,0.0,0.37974621543201503,0.26599310192319975,0.4710576457921764,1.0,1.0,65.35957401310999,63.522044415727805,68.41202189632874,0.4730738549856286,2.880682653001667,16.0,38.0
leaky,60.29942127857471,73.23140150658357,77.3322283549524,22.0,0.8,34.784907635852726,0.0,28.0,0.5,58.27833146815702,0.1,800,100,24,24,0.03,1.0,0.0,0.6844612711121526,0.5092271137963471,0.889101784135658,0.3333333333333333,0.3333333333333333,65.66649543491795,63.590671804779475,69.80715699587267,0.7416315396144815,1.1482744010047723,22.0,31.5
leaky,60.29942127857471,73.23140150658357,77.3322283549524,22.0,0.8,34.784907635852726,0.0,28.0,0.5,58.27833146815702,0.09,800,116,24,24,0.03,1.0,0.0,0.636348337674711,0.48473835669573606,0.8562121566347223,0.5,0.5,65.48051931569324,64.02704126705595,67.46164257899963,0.7496797792214892,1.1328238218138638,21.0,32.5
leaky,58.64557043269897,73.21294635836452,77.83978660165545,22.0,1.0,31.739290899557197,0.2,20.0,0.5,41.62737962011216,0.05,800,98,24,24,0.03,1.0,0.0,0.5838174531021314,0.45511018620589144,0.6864380613285795,0.75,0.75,64.60491034872273,63.446011337488386,67.28856583952265,0.7552197721194038,1.080057674171593,19.0,34.0
leaky,59.29945807894207,73.42829375893416,77.87313608317811,22.0,1.0,31.739290899557197,0.30000000000000004,12.0,0.5,24.976427772067296,0.03,800,114,24,24,0.03,1.0,0.0,0.5693130980125471,0.4596077378491314,0.804942102790069,0.7916666666666666,0.7916666666666666,64.98289772476485,63.563163003227,68.91808489744288,0.7444932748500467,1.1426243054186058,20.0,34.0
leaky,59.048973586340956,72.96978575189294,77.35363898760325,22.0,1.0,31.739290899557197,0.4,8.0,0.5,16.650951848044862,0.04,800,109,24,24,0.03,1.0,0.0,0.5866467676016855,0.405052179723303,0.8076130242984385,0.75,0.75,66.01985933131944,64.27943150504149,68.72701907068507,0.7428440776877165,1.1231032121269289,19.5,34.0
leaky,59.124909923808985,73.497536731284,78.00029418241321,22.0,1.4000000000000004,28.58372204795784,0.6000000000000001,4.0,2.0,4.804489635145799,0.03,800,122,24,24,0.03,1.0,0.0,0.38976092001533647,0.2760799570878466,0.5279439711424908,1.0,1.0,67.07798630851218,63.559448917071045,72.6830577318389,0.6695215626725747,1.5095514285727258,15.0,39.0
leaky,60.325066894031444,73.25435208920175,77.36674655211382,23.0,0.8,36.36603980111876,0.0,26.0,0.5,54.11559350614581,0.04,800,119,24,24,0.03,1.0,0.0,0.7043101321680063,0.53879982407368,0.9912475616651099,0.25,0.25,65.98641394345252,63.473376369015895,70.9947904124264,0.7499547985496733,1.114008318143759,22.0,32.0
leaky,59.98751121069155,72.80104630958158,76.8857127630795,23.0,0.8,36.36603980111876,0.2,16.0,0.5,33.301903696089724,0.06,800,110,24,24,0.03,1.0,0.0,0.6920679266295132,0.49685357788568585,0.8351262810980256,0.3333333333333333,0.3333333333333333,66.41240945412812,63.4748609274186,70.01039830776583,0.728688591022651,1.2474148701290062,22.0,32.0
leaky,58.63189526415006,73.24842310070943,77.92016951516538,23.0,1.0,33.18198594044616,0.1,24.0,0.5,49.95285554413459,0.05,800,108,24,24,0.03,1.0,0.0,0.6202541855978948,0.5216766663325919,0.782969921669362,0.625,0.625,65.49832268951673,64.24679546376825,68.28543148708586,0.7294415973462698,1.1934952273889416,22.0,33.0
leaky,59.94978225757429,73.19033984284897,77.42545034065725,21.0,0.8,33.2037754705867,0.30000000000000004,16.0,0.5,33.301903696089724,0.1,800,110,23,23,0.02875,1.0,0.0,0.692014914056834,0.5142455289698741,0.8003286547838292,0.391304347826087,0.391304347826087,65.12122697805947,63.8900736628254,68.69176917677032,0.7047100198906382,1.3591393786315902,22.0,32.0
leaky,59.91173950694284,73.24546938690017,77.39005170899834,21.0,1.0,30.296595858668233,0.5,4.0,0.5,8.325475924022431,0.04,800,104,23,23,0.02875,1.0,0.0,0.5303343644336868,0.4070542735814124,0.6972139460309936,0.8695652173913043,0.8695652173913043,68.06694277519347,65.09373654097129,70.05407980141746,0.684652545254141,1.44037093273507,19.0,35.0
leaky,60.29942127857471,73.23140150658357,77.3322283549524,22.0,0.8,34.784907635852726,0.0,28.0,0.5,58.27833146815702,0.07,800,111,23,23,0.02875,1.0,0.0,0.6354248463363539,0.4368291979142743,0.9125062545664259,0.5217391304347826,0.5217391304347826,66.5286481683871,64.36786491543864,69.44395166507246,0.7300704702200134,1.2162377611350828,23.0,32.0
leaky,60.21079868013956,73.41877360864132,77.65226384423408,22.0,0.8,34.784907635852726,0.30000000000000004,14.0,0.5,29.13916573407851,0.1,800,107,23,23,0.02875,1.0,0.0,0.6614590635526395,0.5697346346783437,0.8143811277191004,0.34782608695652173,0.34782608695652173,66.13685141921133,63.69787573290682,70.01140456562418,0.7270544561835398,1.2264546356163522,21.0,32.0
leaky,60.666336910043896,73.46542843624492,77.54891233535766,22.0,0.8,34.784907635852726,0.4,8.0,0.5,16.650951848044862,0.08,800,113,23,23,0.02875,1.0,0.0,0.6786239588994999,0.48828522356249254,0.8865816461383821,0.34782608695652173,0.34782608695652173,66.62590016218552,63.61655544045156,69.91515668253363,0.7327588173655145,1.2239331633063137,22.0,32.0
leaky,58.83834847800794,73.38703630885288,78.02651397387407,22.0,1.0,31.739290899557197,0.4,10.0,0.5,20.81368981005608,0.07,800,94,23,23,0.02875,1.0,0.0,0.5805100735209878,0.37994696696705166,0.7749673592664162,0.6956521739130435,0.6956521739130435,65.62194431138133,63.535838771696625,70.00735124686639,0.725740644414463,1.236304915799828,20.0,34.0
leaky,58.564622783460344,73.41371733571336,78.0572818947162,28.0,0.6,51.576151107740486,0.1,20.0,1.0,28.85390081777927,0.0,800,112,23,23,0.02875,1.0,0.0,0.9621859253613295,0.6874364702817705,1.2188782669681701,0.0,0.0,65.54162300517532,63.372477533445014,69.8691948091893,0.7562411743578455,1.084766046940245,27.0,27.0
leaky,60.35270857460608,73.35213732036469,77.41622544328814,11.0,0.6,20.262059363755192,0.4,24.0,1.0,34.624680981335125,0.04,800,101,22,22,0.0275,1.0,0.0,0.47215021111305905,0.3383250949968443,0.5896087646600571,1.0,1.0,64.62109902748284,63.24772119547694,68.55757577800323,0.45109708896743683,3.020050638312442,18.0,34.0
leaky,59.3947328545322,73.2029635482332,77.30221450622817,13.0,0.8,20.55471814845843,0.6000000000000001,16.0,1.0,23.083120654223414,0.05,800,110,22,22,0.0275,1.0,0.0,0.37556345904870936,0.29570705552531534,0.5566480661788654,1.0,1.0,67.84877798739458,63.59792717945524,70.45863286746676,0.4506014064038506,3.0709785359261588,16.0,37.0
leaky,59.232348411876444,73.01872385261174,77.09715752807898,14.0,0.8,22.135850313724465,0.6000000000000001,14.0,1.0,20.19773057244549,0.05,800,88,22,22,0.0275,1.0,0.0,0.43017509250835234,0.33858472785758437,0.6063655176827659,1.0,1.0,65.8517059287858,63.897961907634546,68.23932214932994,0.4514867729543745,3.04259369268393,18.0,35.0
leaky,58.743848887349756,72.90670051121168,77.17965730112127,14.0,0.8,22.135850313724465,0.6000000000000001,16.0,1.0,23.083120654223414,0.06,800,104,22,22,0.0275,1.0,0.0,0.43739390421729896,0.29792865376695027,0.6279672367004121,1.0,1.0,65.36319453312741,63.4254709480972,70.01278583292697,0.447449753189788,3.0672493840609416,18.0,36.0
leaky,58.691819591428896,72.50165775661088,76.58259530560056,14.0,0.8,22.135850313724465,0.8,10.0,1.5,12.76780847302286,0.1,800,92,22,22,0.0275,1.0,0.0,0.40038510717722287,0.33625738692716484,0.5002453504875506,1.0,1.0,66.25375162031077,63.616097120979866,69.25424445851944,0.48045852499834185,2.829275206370429,18.0,36.0
leaky,59.384698988385196,73.29200806332076,77.35928188803734,14.0,1.0,20.19773057244549,0.5,26.0,0.5,54.11559350614581,0.06,800,98,22,22,0.0275,1.0,0.0,0.35632210066117204,0.27107629217980583,0.4527846678679779,1.0,1.0,64.85178933226146,63.352819560745786,68.09092705582485,0.44176782101231854,3.0852755553196256,14.5,38.5
leaky,59.5058455371983,73.45788493217776,77.56370667296056,14.0,1.0,20.19773057244549,0.7000000000000001,8.0,0.5,16.650951848044862,0.07,800,130,22,22,0.0275,1.0,0.0,0.3599747566539725,0.2767435350498012,0.4017770838763577,1.0,1.0,65.69521654747933,64.09917426680639,69.67424331774905,0.45599990129436474,2.9918931270217186,15.5,38.5
leaky,58.50989381944267,73.26558756173341,77.84285805581618,22.0,1.2000000000000002,29.858509875833192,0.5,4.0,0.5,8.325475924022431,0.03,800,99,22,22,0.0275,1.0,0.0,0.5020073624880986,0.3576665863103836,0.7747050846069534,0.9545454545454546,0.9545454545454546,65.18255407128129,64.00640853779632,66.81595960443252,0.7105684221548898,1.3103712195982657,18.0,35.0
leaky,58.605170475498255,72.69324471527429,76.91169015455837,22.0,1.2000000000000002,29.858509875833192,0.6000000000000001,6.0,1.5,7.660685083813717,0.04,800,107,22,22,0.0275,1.0,0.0,0.49552330035497694,0.3539100656370325,0.6233297208423964,1.0,1.0,65.55499238242358,63.95196657663541,71.48248260658893,0.7414863849969893,1.1572732054274613,19.0,35.0
leaky,60.199524089731824,73.10390224002046,77.22253038302523,23.0,0.8,36.36603980111876,0.2,16.0,0.5,33.301903696089724,0.07,800,116,22,22,0.0275,1.0,0.0,0.6889576059755848,0.5144363362939227,0.8571567370487059,0.13636363636363635,0.13636363636363635,65.36711977100646,63.50329206670102,69.43626225303822,0.759616669445482,1.0544715730438932,22.5,31.0
leaky,58.52108261543927,73.08726879799389,77.73954278256083,23.0,1.0,33.18198594044616,0.1,24.0,0.5,49.95285554413459,0.04,800,107,22,22,0.0275,1.0,0.0,0.5884643054400709,0.36252201001678047,0.8037791336622027,0.7727272727272727,0.7727272727272727,66.03298492340083,63.469550681699765,69.18776637372648,0.6918916805478832,1.4385668740339583,20.5,33.0
leaky,58.74027496556137,73.40463379820999,78.09457501281074,23.0,1.0,33.18198594044616,0.1,24.0,0.5,49.95285554413459,0.06,800,109,22,22,0.0275,1.0,0.0,0.5907711165951126,0.4212535764161919,0.7626678438993344,0.6363636363636364,0.6363636363636364,64.58722576705222,63.26193054464712,67.77190587741413,0.7654879592657793,1.0264833452297055,20.5,33.5
leaky,58.656236818674614,73.18669303848696,77.8296446057595,23.0,1.0,33.18198594044616,0.2,18.0,0.5,37.464641658100945,0.05,800,110,22,22,0.0275,1.0,0.0,0.6553562898114402,0.3866585469266431,0.8306005887523554,0.4090909090909091,0.4090909090909091,65.22898609143753,63.662615917900446,69.05331388051876,0.7752009987328633,0.9995850863969231,21.0,32.0
leaky,59.486683577079084,73.3528924199473,77.71977425899267,23.0,1.0,33.18198594044616,0.30000000000000004,10.0,0.5,20.81368981005608,0.02,800,105,22,22,0.0275,1.0,0.0,0.5582159663361994,0.3405702165970606,0.7093070376418115,0.6818181818181818,0.6818181818181818,66.7461719830425,63.61567580538913,71.73171084581878,0.7323215548955548,1.1932769773473564,19.5,34.0
leaky,58.57976526357257,72.62174686681107,77.09571788955924,23.0,1.0,33.18198594044616,0.4,8.0,0.5,16.650951848044862,0.05,800,104,22,22,0.0275,1.0,0.0,0.5828939714557586,0.3502197313699185,0.7843282867204905,0.7727272727272727,0.7727272727272727,66.54780578780935,63.52261584434257,70.39168169632289,0.7111941433585469,1.3087755414435844,20.0,34.0
leaky,59.12734221795673,72.40068300934772,76.55711369509106,23.0,1.0,33.18198594044616,0.4,6.0,0.5,12.488213886033648,0.02,800,112,22,22,0.0275,1.0,0.0,0.5726775719175242,0.44860712436602707,0.7310749032558101,0.7727272727272727,0.7727272727272727,65.53613538870573,63.384761077902574,72.55161300945223,0.7767069679041776,0.9683267802421813,19.5,34.0
leaky,59.1302067432179,72.80578523715567,77.17049012349612,23.0,1.0,33.18198594044616,0.5,4.0,0.5,8.325475924022431,0.06,800,118,22,22,0.0275,1.0,0.0,0.5861034555363835,0.4148654323804542,0.7211058302468257,0.8181818181818182,0.8181818181818182,65.11687539156654,63.92171617991804,71.46367546860357,0.7292046817708302,1.2092051894090643,20.0,34.0
leaky,58.87663200681103,73.13156284039151,77.51793369914957,25.0,0.6,46.050134917625435,0.2,18.0,1.0,25.968510736001342,0.02,800,98,22,22,0.0275,1.0,0.0,0.8447506596523069,0.5930065682032556,1.217233292508499,0.09090909090909091,0.09090909090909091,66.03004927939837,63.689447704491016,68.08342158930539,0.7571391081586345,1.049416471503178,26.0,29.0
leaky,58.846278444146876,73.27634929810458,77.74181269552079,26.0,0.6,47.89214031433045,0.2,18.0,1.0,25.968510736001342,0.04,800,101,22,22,0.0275,1.0,0.0,0.8822537926559779,0.5215134915679442,1.0534927237573768,0.045454545454545456,0.045454545454545456,66.17327124359895,63.701661334634714,69.06068058543315,0.7097404455467016,1.3333987521932422,25.5,28.0
leaky,59.45617925423858,73.34026957523781,77.50081929919249,27.0,0.6,49.73414571103547,0.2,16.0,1.0,23.083120654223414,0.0,800,103,22,22,0.0275,1.0,0.0,0.8839639253025291,0.6043462899417431,1.1915213255450832,0.045454545454545456,0.045454545454545456,65.51650424127914,64.29718667039468,68.67153071939312,0.7266607597675157,1.228386658051705,26.5,28.0
leaky,59.23808652698837,72.90198661468935,77.00977797936905,28.0,0.6,51.576151107740486,0.30000000000000004,14.0,1.0,20.19773057244549,0.06,800,96,22,22,0.0275,1.0,0.0,0.8870007788032263,0.6983771444099599,1.195651958368141,0.0,0.0,65.81002857542555,63.596771011601675,69.34225172687562,0.7527910495159635,1.1056612298011377,26.0,28.0
leaky,59.49994106718387,73.20704835582805,77.31755029761099,12.0,0.6,22.104064760460208,0.7000000000000001,16.0,1.5,20.428493556836578,0.1,800,106,21,21,0.02625,1.0,0.0,0.4979933002797224,0.3914014142841197,0.6419603338597423,0.9523809523809523,0.9523809523809523,65.50092896552664,63.927963970826326,67.7036365626314,0.4635593590963099,2.899051391806847,20.0,34.0
leaky,59.46586194770581,72.99547187478665,77.01192515405418,13.0,0.8,20.55471814845843,0.7000000000000001,12.0,1.0,17.312340490667562,0.07,800,110,21,21,0.02625,1.0,0.0,0.4034878935100468,0.33814381221943385,0.6595180143962991,0.9523809523809523,0.9523809523809523,66.56215448946054,63.75680461335243,72.22177640980793,0.46857133680384083,2.848005982526946,17.0,37.0
leaky,59.32969517381788,73.43271935529572,77.58785572344247,14.0,1.0,20.19773057244549,0.6000000000000001,18.0,0.5,37.464641658100945,0.07,800,121,21,21,0.02625,1.0,0.0,0.37075587033107615,0.27398481263222757,0.4846995831606391,1.0,1.0,64.8122067400624,63.514203475869515,68.74585626717649,0.4659185778585482,2.8826682301639863,14.0,39.0
leaky,58.9306385035928,73.24886735689236,77.73110836820561,21.0,1.0,30.296595858668233,0.2,20.0,0.5,41.62737962011216,0.02,800,90,21,21,0.02625,1.0,0.0,0.5631285905340337,0.4383935308175071,0.660759595985066,0.9523809523809523,0.9523809523809523,65.11194652325007,63.62794397080195,67.60346765919243,0.7169183052406677,1.287290484031749,20.0,34.0
leaky,60.29942127857471,73.23140150658357,77.3322283549524,22.0,0.8,34.784907635852726,0.0,28.0,0.5,58.27833146815702,0.06,800,101,21,21,0.02625,1.0,0.0,0.6381347244560336,0.47059751283087425,0.8023896022488308,0.47619047619047616,0.47619047619047616,67.56081771650773,63.56241310400628,70.68379163813552,0.7294843342659435,1.2496385786523412,22.0,33.0
leaky,60.29942127857471,73.23140150658357,77.3322283549524,22.0,0.8,34.784907635852726,0.0,28.0,0.5,58.27833146815702,0.04,800,108,21,21,0.02625,1.0,0.0,0.6402368303167018,0.530124163158801,0.9129939980816636,0.42857142857142855,0.42857142857142855,66.50417968544686,64.12380446429715,70.71411499822338,0.7648160457703309,1.0148299337306899,21.0,33.0
leaky,60.05761401133698,72.83593668011218,76.88175065791555,22.0,0.8,34.784907635852726,0.1,22.0,0.5,45.79011758212337,0.03,800,104,21,21,0.02625,1.0,0.0,0.6711106200099596,0.47633319347839165,0.8478299862049051,0.38095238095238093,0.38095238095238093,66.64804198845907,64.38824803381111,70.48937445371791,0.775133727509878,0.98318301091714,22.0,32.0
leaky,60.25157182017729,72.87822607103182,76.89839949265347,22.0,0.8,34.784907635852726,0.4,8.0,0.5,16.650951848044862,0.07,800,97,21,21,0.02625,1.0,0.0,0.6310237349489372,0.42064936780750734,0.8962344565378606,0.5238095238095238,0.5238095238095238,66.5597948129384,64.94528331974732,69.27810171313473,0.7633141071969167,1.0488772143539906,22.0,32.0
leaky,60.03980113556829,73.39333910529177,77.5375417235533,22.0,1.0,31.739290899557197,0.4,6.0,0.5,12.488213886033648,0.02,800,115,21,21,0.02625,1.0,0.0,0.5650097113906242,0.46062919456059864,0.7056546171326609,0.8571428571428571,0.8571428571428571,66.58538341074873,63.85554874369733,74.09464856660946,0.7229621794060349,1.2648306828192872,20.0,34.0
leaky,58.98201133957427,73.43664761899537,78.05992343123546,22.0,1.0,31.739290899557197,0.5,6.0,0.5,12.488213886033648,0.08,800,96,21,21,0.02625,1.0,0.0,0.6157556413929925,0.3846406491129944,0.8479881558288509,0.6190476190476191,0.6190476190476191,65.75151505501009,63.777462677117484,69.07519253170511,0.7431757121161354,1.1639648883314822,20.0,34.0
leaky,60.325066894031444,73.25435208920175,77.36674655211382,23.0,0.8,36.36603980111876,0.0,26.0,0.5,54.11559350614581,0.03,800,110,21,21,0.02625,1.0,0.0,0.6991218191022229,0.46636635719631736,0.8584944835506119,0.3333333333333333,0.3333333333333333,64.56650232023392,63.78577351180941,69.59676627316108,0.6937674288358573,1.386399901121091,21.0,31.0
leaky,59.5551450548537,72.42500161027306,76.5253368845305,23.0,0.8,36.36603980111876,0.0,28.0,0.5,58.27833146815702,0.01,800,101,21,21,0.02625,1.0,0.0,0.6951810102574958,0.5343612768219705,0.9735324641193847,0.2857142857142857,0.2857142857142857,67.19035287775812,63.576886125910406,71.33692138887213,0.7508589996274941,1.116804998340086,22.0,31.0
leaky,59.77075180786894,72.48862491458048,76.53690176778878,23.0,0.8,36.36603980111876,0.2,16.0,0.5,33.301903696089724,0.05,800,115,21,21,0.02625,1.0,0.0,0.6487786285033549,0.4893654816854767,0.8347410193817948,0.47619047619047616,0.47619047619047616,66.65427473866413,63.65252824138925,70.31995634105486,0.7200811254674466,1.2419467244175397,21.0,32.0
leaky,59.56524272420913,72.59974272124396,76.77917368825487,23.0,0.8,36.36603980111876,0.2,18.0,0.5,37.464641658100945,0.09,800,111,21,21,0.02625,1.0,0.0,0.657718482838948,0.4335164005580663,1.0514194427813133,0.42857142857142855,0.42857142857142855,65.7852730959081,63.99737572012404,68.49583737712416,0.699776438961323,1.4084753745015328,22.0,32.0
leaky,58.54147656116154,72.55184074370011,76.97206336031309,23.0,1.0,33.18198594044616,0.2,16.0,0.5,33.301903696089724,0.0,800,120,21,21,0.02625,1.0,0.0,0.5695559192919983,0.4189417749407628,0.7185737509555283,0.8095238095238095,0.8095238095238095,66.2157622906774,63.592699877779836,70.26432471585005,0.6841927061472982,1.4500014416987705,21.0,34.0
leaky,58.8038151677859,73.31911295625088,77.58288000935121,23.0,1.0,33.18198594044616,0.6000000000000001,8.0,1.5,10.214246778418289,0.08,800,99,21,21,0.02625,1.0,0.0,0.5953625615229347,0.4660405715509684,0.7359197874547193,0.6666666666666666,0.6666666666666666,66.07512179353625,63.715500614432706,68.57245832879553,0.7077889832725669,1.3210466915848333,21.0,32.0
leaky,59.275408181473054,73.4883128064323,77.86637100221284,25.0,0.6,46.050134917625435,0.30000000000000004,16.0,1.0,23.083120654223414,0.08,800,102,21,21,0.02625,1.0,0.0,0.8443640495134374,0.5972350835249517,1.1204900170007408,0.047619047619047616,0.047619047619047616,65.01213722259465,64.09678206016439,68.84025450984804,0.7295034705567639,1.2071735239461823,26.0,28.0
leaky,60.35778084112119,73.41549014520467,77.5216724692734,11.0,0.6,20.262059363755192,0.5,22.0,1.0,31.739290899557197,0.07,800,92,20,20,0.025,1.0,0.0,0.46499818848016405,0.39155657830746055,0.7541345284480707,0.9,0.9,65.97699668501454,63.69822451773757,70.33526752817745,0.4619109614892205,2.9418296562906443,19.0,35.0
leaky,59.81869884892991,73.43950743546179,77.80891847094861,12.0,0.6,22.104064760460208,0.5,24.0,1.0,34.624680981335125,0.1,800,125,20,20,0.025,1.0,0.0,0.5144014571166604,0.38357135097148176,0.7852234197677933,0.95,0.95,65.35055425125104,63.88476380014953,68.29340412364681,0.4904686384478291,2.6733181351503568,20.5,33.5
leaky,58.58839692430682,73.32456930083771,77.85042593671065,14.0,0.8,22.135850313724465,0.4,24.0,1.0,34.624680981335125,0.03,800,102,20,20,0.025,1.0,0.0,0.45849878938266186,0.3644250649213643,0.6085759519339503,1.0,1.0,64.36503910976653,63.29169889814941,65.99744378493342,0.4739997236370679,2.8551303432788373,17.0,35.0
leaky,60.03518031327731,72.73399699988528,76.74067533183016,21.0,0.8,33.2037754705867,0.2,18.0,0.5,37.464641658100945,0.04,800,103,20,20,0.025,1.0,0.0,0.5795880708608694,0.4691040547331171,0.8377146031564989,0.7,0.7,65.59664303239455,64.1369404536537,68.44055995621036,0.6802377008043525,1.4658000549678838,20.0,33.0
leaky,60.29942127857471,73.23140150658357,77.3322283549524,22.0,0.8,34.784907635852726,0.0,28.0,0.5,58.27833146815702,0.01,800,99,20,20,0.025,1.0,0.0,0.6387247504852074,0.4925691009302488,0.804261205103659,0.5,0.5,65.11154177519697,63.804313317559945,69.77093155198035,0.7091816134305049,1.3037854393706572,21.0,32.5
leaky,59.899271093416445,72.82789491726771,76.94669759361727,22.0,0.8,34.784907635852726,0.2,18.0,0.5,37.464641658100945,0.07,800,102,20,20,0.025,1.0,0.0,0.690825015248137,0.45328303707042805,0.8706107433447743,0.35,0.35,66.68744984132142,63.86831147343754,69.3416826775779,0.7349482525463966,1.192226933303628,22.0,32.0
leaky,60.51502803158995,73.295024810891,77.34379323821068,22.0,0.8,34.784907635852726,0.2,16.0,0.5,33.301903696089724,0.05,800,121,20,20,0.025,1.0,0.0,0.656456975910625,0.4957554824179414,0.9567082220492292,0.45,0.45,67.43064737422102,64.20594777704027,71.9809650905679,0.7268465829793249,1.2200096568057592,22.0,32.0
leaky,59.56585627634003,72.68530458795767,76.73463143086323,22.0,1.0,31.739290899557197,0.4,6.0,0.5,12.488213886033648,0.01,800,120,20,20,0.025,1.0,0.0,0.546075433009646,0.36301383338514936,0.6963419408853513,0.9,0.9,66.49340405648283,63.32144982438749,68.97076892153828,0.7338007852527764,1.1882086882373422,19.0,34.0
leaky,58.66092784631205,73.49721582642476,78.0002907899295,22.0,1.4000000000000004,28.58372204795784,0.6000000000000001,6.0,2.0,7.206734452718699,0.03,800,90,20,20,0.025,1.0,0.0,0.46702532677806874,0.30383745982163024,0.5546398829202265,1.0,1.0,67.07963623447041,63.887741102530384,70.09847366233943,0.7216467369470845,1.2476551590388096,17.0,36.5
leaky,59.65191171871051,72.72454088418525,76.91696324607172,22.0,1.2000000000000002,29.858509875833192,0.6000000000000001,4.0,2.0,4.804489635145799,0.04,800,107,20,20,0.025,1.0,0.0,0.5088976772679824,0.36965634895779176,0.583169986184199,1.0,1.0,66.72922445460833,63.388234921431305,71.54535590926824,0.751830335452421,1.1003896785496263,18.0,36.0
leaky,59.5551450548537,72.42500161027306,76.5253368845305,23.0,0.8,36.36603980111876,0.0,28.0,0.5,58.27833146815702,0.02,800,101,20,20,0.025,1.0,0.0,0.6266895078220343,0.4644623080256266,0.7966390127038434,0.5,0.5,65.68190950897967,63.6203579902821,69.5922808710977,0.7078749404614983,1.3422445997352672,21.0,33.0
leaky,59.5551450548537,72.42500161027306,76.5253368845305,23.0,0.8,36.36603980111876,0.0,28.0,0.5,58.27833146815702,0.0,800,93,20,20,0.025,1.0,0.0,0.6667294325377716,0.49894253707174213,0.8714958905857465,0.4,0.4,67.39555803064584,64.59013979066935,71.21527725853511,0.7283019969331349,1.2118291151320988,22.5,32.0
leaky,59.85553476820888,72.81139484128178,76.94800975713656,23.0,0.8,36.36603980111876,0.1,22.0,0.5,45.79011758212337,0.08,800,116,20,20,0.025,1.0,0.0,0.7228941021001305,0.5449422032875132,0.8909722828165645,0.35,0.35,66.48887902682696,63.66244603063361,72.14985485113799,0.7623232856979103,1.036640034532578,23.0,32.0
leaky,58.507638051035066,72.85993908977915,77.26736089566168,23.0,1.0,33.18198594044616,0.6000000000000001,6.0,1.0,8.656170245333781,0.08,800,99,20,20,0.025,1.0,0.0,0.5612283794333819,0.452388130284218,0.7645499415564035,0.65,0.65,65.3475754880527,63.3644834439728,70.70823945845217,0.7453547696326193,1.1469334841286527,21.0,33.0
leaky,58.66521623334513,73.35336656371781,77.73386085094754,24.0,1.0,34.624680981335125,0.5,8.0,1.0,11.541560327111707,0.05,800,109,20,20,0.025,1.0,0.0,0.600885264784776,0.43271581213040244,0.7613526054694891,0.65,0.65,67.31707567023926,64.74748053753413,70.0219415436219,0.7271109313615156,1.216020884969078,21.5,32.0
leaky,58.548690081803095,73.22012196047524,77.57823188136561,24.0,1.0,34.624680981335125,0.6000000000000001,8.0,1.5,10.214246778418289,0.09,800,90,20,20,0.025,1.0,0.0,0.576681526704341,0.46001813804892444,0.7882824732385008,0.8,0.8,65.70088848987913,63.885291077482925,74.22413063965034,0.7017997775221149,1.3540206445967011,21.0,33.0
leaky,58.964334364073096,73.04791103252248,77.3784863701847,25.0,0.6,46.050134917625435,0.30000000000000004,16.0,1.0,23.083120654223414,0.07,800,91,20,20,0.025,1.0,0.0,0.8565320305103475,0.5705096702510487,1.092610121614747,0.05,0.05,65.31952417926892,63.86734854790254,70.18156289827458,0.7617894852560254,1.0417489606447565,25.5,28.0
leaky,58.6175422037986,72.50812613584279,76.7303158148421,25.0,1.0,36.06737602222409,0.6000000000000001,8.0,2.0,9.608979270291599,0.09,800,100,20,20,0.025,1.0,0.0,0.6396754465393718,0.4509048273151032,0.7813766646525055,0.5,0.5,67.25671885233838,63.740074651588216,71.48095806674127,0.7385897823748275,1.1989618257455876,21.0,32.5
leaky,58.78671239040044,72.95747581322341,77.32853052205382,26.0,0.6,47.89214031433045,0.30000000000000004,16.0,1.0,23.083120654223414,0.08,800,100,20,20,0.025,1.0,0.0,0.7917416451849655,0.5989350197964276,1.1299338649695776,0.1,0.1,66.84886324660641,64.20159308254891,69.14331519283813,0.7306682707715342,1.2005973749090142,25.5,29.0
leaky,59.35885739434991,72.92160777440442,76.98276202917131,27.0,0.6,49.73414571103547,0.30000000000000004,14.0,1.0,20.19773057244549,0.05,800,123,20,20,0.025,1.0,0.0,0.9179321220637362,0.6204812126945338,1.0893082243440273,0.15,0.15,66.94090028375896,63.742373222311976,69.41205963875655,0.7594781518036237,1.0564188965157402,26.0,27.0
leaky,59.69778929216194,72.99180393895107,77.25815702250142,11.0,0.6,20.262059363755192,0.5,26.0,1.0,37.51007106311305,0.09,800,135,19,19,0.02375,1.0,0.0,0.5007676408118591,0.4187577415579875,0.6452235379578549,0.9473684210526315,0.9473684210526315,65.65861302766203,63.71247619427659,68.01157040284589,0.4889148269803292,2.7992159596848283,20.0,34.0
leaky,59.480968393115525,73.17718300908027,77.60141088946146,12.0,0.6,22.104064760460208,0.4,28.0,1.0,40.39546114489098,0.09,800,101,19,19,0.02375,1.0,0.0,0.5419650947146347,0.3661589375418631,0.7444128960592697,0.8421052631578947,0.8421052631578947,65.7441761171099,64.0358477907127,69.79089341489808,0.46886594922597075,2.88480564955879,21.0,34.0
leaky,58.59444338344524,73.15279553477478,77.50807240235542,14.0,1.0,20.19773057244549,0.7000000000000001,16.0,0.5,33.301903696089724,0.09,800,122,19,19,0.02375,1.0,0.0,0.3417271098307707,0.2699830769261697,0.4441622233883258,1.0,1.0,65.13883592411557,63.441252159589496,69.1599831134787,0.43712217444178086,3.126473155179661,15.0,39.0
leaky,60.29942127857471,73.23140150658357,77.3322283549524,22.0,0.8,34.784907635852726,0.0,28.0,0.5,58.27833146815702,0.0,800,97,19,19,0.02375,1.0,0.0,0.6736882644572045,0.5405590156241001,0.8302751628505931,0.2631578947368421,0.2631578947368421,65.30167842656735,63.95553777495019,69.569184929113,0.7568889875653605,1.0874300858830834,22.0,32.0
leaky,60.29942127857471,73.23140150658357,77.3322283549524,22.0,0.8,34.784907635852726,0.0,28.0,0.5,58.27833146815702,0.03,800,91,19,19,0.02375,1.0,0.0,0.6805865610077554,0.5108692340721299,0.8091396110140929,0.3684210526315789,0.3684210526315789,66.2529390299836,63.81714057562856,70.62113517597152,0.7244841808317106,1.2231093084416573,22.0,31.0
leaky,60.106653638349755,73.12149609987426,77.27195401496937,22.0,0.8,34.784907635852726,0.2,18.0,0.5,37.464641658100945,0.08,800,102,19,19,0.02375,1.0,0.0,0.6885781416269074,0.5106790067472304,0.8687066650373192,0.3684210526315789,0.3684210526315789,66.13686828906592,64.23681865195869,69.00748396247914,0.735894299893332,1.18647496172115,22.0,31.0
leaky,60.19875896002782,72.9124507192031,76.95047307431919,22.0,0.8,34.784907635852726,0.30000000000000004,12.0,0.5,24.976427772067296,0.06,800,104,19,19,0.02375,1.0,0.0,0.6316202205867325,0.4819437491787381,0.8733298969869833,0.5263157894736842,0.5263157894736842,66.39200690790521,64.49366302254604,68.61749151851407,0.7253573050152032,1.276776390294116,21.0,33.0
leaky,59.68015956711152,73.26655732964578,77.47420344214957,22.0,1.0,31.739290899557197,0.30000000000000004,10.0,0.5,20.81368981005608,0.0,800,108,19,19,0.02375,1.0,0.0,0.6089469506696605,0.3975678280451615,0.6839300747822951,0.6842105263157895,0.6842105263157895,65.20220642989747,63.21903213930726,74.07369467938577,0.7693632684281551,0.9916362634327969,20.0,34.0
leaky,58.59574591240487,72.30472774892769,76.6053137126269,22.0,1.0,31.739290899557197,0.4,8.0,0.5,16.650951848044862,0.03,800,90,19,19,0.02375,1.0,0.0,0.5619045100831414,0.4156364241466479,0.7268375524807505,0.7894736842105263,0.7894736842105263,65.74742492888856,64.32957310123082,70.18139619541047,0.6974595667031234,1.4378556497878965,20.0,34.0
leaky,60.325066894031444,73.25435208920175,77.36674655211382,23.0,0.8,36.36603980111876,0.0,26.0,0.5,54.11559350614581,0.09,800,96,19,19,0.02375,1.0,0.0,0.6759083895599508,0.5207119055139695,0.9684050850389426,0.3684210526315789,0.3684210526315789,65.65884374062628,63.983457175236204,71.80947252390852,0.7649092341252604,1.0446706507848988,22.0,31.0
leaky,60.325066894031444,73.25435208920175,77.36674655211382,23.0,0.8,36.36603980111876,0.0,26.0,0.5,54.11559350614581,0.01,800,135,19,19,0.02375,1.0,0.0,0.6707999379509251,0.543972144590211,0.7720508573176297,0.3684210526315789,0.3684210526315789,66.04403694403959,63.62367992467773,70.1258259190703,0.6932528470601564,1.4184190333123303,22.0,33.0
leaky,59.5551450548537,72.42500161027306,76.5253368845305,23.0,0.8,36.36603980111876,0.0,28.0,0.5,58.27833146815702,0.1,800,98,19,19,0.02375,1.0,0.0,0.689620281755338,0.430462362503775,0.8068745668927784,0.3684210526315789,0.3684210526315789,66.5404892544458,63.5369426585518,70.12740833097325,0.730662630980868,1.2188902480405062,22.0,31.0
leaky,58.57213165146399,73.41381528814719,78.18435475348915,23.0,1.0,33.18198594044616,0.2,20.0,0.5,41.62737962011216,0.09,800,106,19,19,0.02375,1.0,0.0,0.6145825590073126,0.36894501372692323,0.8892535430416617,0.6842105263157895,0.6842105263157895,66.39451474840006,63.7045716597234,69.65462585821848,0.7288554247703517,1.2256117798869577,22.0,32.0
leaky,58.72691991678257,72.93443116521402,77.45395201094813,23.0,1.0,33.18198594044616,0.30000000000000004,12.0,0.5,24.976427772067296,0.04,800,95,19,19,0.02375,1.0,0.0,0.5935281568953261,0.5027182100996378,0.7051075314579024,0.7894736842105263,0.7894736842105263,65.70112050051195,63.41091820996578,69.9762690191841,0.7255615699969635,1.2116252863054418,21.0,34.0
leaky,58.99117567772848,73.41743297385247,77.79334654982735,24.0,0.8,37.94717196638479,0.5,10.0,1.0,14.426950408889635,0.09,800,95,19,19,0.02375,1.0,0.0,0.7428514231468638,0.5768090490820019,0.9681685297527048,0.05263157894736842,0.05263157894736842,66.02113644780488,63.94330220933455,68.06455850104386,0.7227793577210211,1.22355440730337,24.0,30.0
leaky,59.981599027886816,73.47778530742167,77.4950463719686,25.0,0.6,46.050134917625435,0.30000000000000004,14.0,1.0,20.19773057244549,0.04,800,96,19,19,0.02375,1.0,0.0,0.8840975754322236,0.5535494193433619,1.0672082998148862,0.10526315789473684,0.10526315789473684,66.1497638470986,64.42177740806424,70.87996667710799,0.7260389244381344,1.1941237455389058,25.0,28.0
leaky,59.82534118294658,73.43041122235942,77.49908608962325,26.0,0.6,47.89214031433045,0.30000000000000004,14.0,1.0,20.19773057244549,0.05,800,100,19,19,0.02375,1.0,0.0,0.9041370240360628,0.7196606010215366,1.1909988561539477,0.0,0.0,65.39798796969214,63.389905040832886,68.76234940198137,0.7705446244887416,1.005501331546304,27.0,27.0
leaky,60.338694245572135,73.2579992940276,77.26558896021118,11.0,0.6,20.262059363755192,0.30000000000000004,26.0,1.0,37.51007106311305,0.0,800,95,18,18,0.0225,1.0,0.0,0.47319287376947494,0.36834011329369987,0.649525744502298,0.9444444444444444,0.9444444444444444,64.98038792145674,63.44842371807661,69.62047777587233,0.4704940879913761,2.908620075825657,18.5,34.0
leaky,59.83322977038647,73.15945045267873,77.42855929265195,11.0,0.6,20.262059363755192,0.4,28.0,1.0,40.39546114489098,0.07,800,103,18,18,0.0225,1.0,0.0,0.439774907772721,0.3513495509869288,0.6498371400710355,0.9444444444444444,0.9444444444444444,65.44639204454329,63.7914118454509,68.9287659599912,0.45483138039610793,3.0043013238827987,18.5,35.0
leaky,59.40920401230592,72.55373859180094,76.75492405276047,11.0,0.6,20.262059363755192,0.4,28.0,1.0,40.39546114489098,0.06,800,108,18,18,0.0225,1.0,0.0,0.4836294348456922,0.36880417957558204,0.6500664245377926,0.9444444444444444,0.9444444444444444,65.40272789538184,63.54341245206277,68.54689423772483,0.44888338340909795,3.090212917950702,19.0,33.5
leaky,59.695095278849394,72.64857972969958,76.71859111444036,11.0,0.6,20.262059363755192,0.30000000000000004,28.0,1.0,40.39546114489098,0.01,800,100,18,18,0.0225,1.0,0.0,0.4904200611021183,0.39623331681366875,0.6495585624191778,0.9444444444444444,0.9444444444444444,65.97984796084828,63.46467640459991,72.33847369169591,0.4575060730812752,3.031659284758951,19.0,34.0
leaky,60.05055392327059,73.17960561770016,77.3207738339579,11.0,0.6,20.262059363755192,0.30000000000000004,28.0,1.0,40.39546114489098,0.02,800,103,18,18,0.0225,1.0,0.0,0.4479940474602284,0.37909869908065713,0.5863565726461586,1.0,1.0,66.07019692913153,64.32542331324177,69.6933947947131,0.44771625174944973,3.0817396980118676,18.0,35.0
leaky,59.83893370655841,72.9209399697185,77.06085689494358,11.0,0.6,20.262059363755192,0.4,26.0,1.0,37.51007106311305,0.05,800,116,18,18,0.0225,1.0,0.0,0.46176552011962246,0.3792962261987649,0.6483441125576214,0.8888888888888888,0.8888888888888888,65.44015399651519,64.04011624980285,67.33075654489197,0.4318202021051807,3.1510705049747196,19.5,34.5
leaky,59.8277486435205,72.65835031910743,76.67962841940903,11.0,0.6,20.262059363755192,0.5,22.0,1.0,31.739290899557197,0.06,800,118,18,18,0.0225,1.0,0.0,0.4910155953059985,0.33092056724146246,0.6850025991338736,0.9444444444444444,0.9444444444444444,66.44393505216391,64.8922956866605,70.06154579500199,0.45448456563995066,3.0004288376748054,20.0,34.5
leaky,59.0780787585567,73.3950365699367,77.64006233284705,14.0,1.0,20.19773057244549,0.6000000000000001,22.0,0.5,45.79011758212337,0.08,800,105,18,18,0.0225,1.0,0.0,0.3519391304317764,0.26676303435175414,0.5170642741640713,1.0,1.0,65.63325291586851,63.603568181223515,69.29777985682277,0.4532232743463568,2.995177077047334,15.0,38.0
leaky,60.390113279943094,73.31956618106958,77.42386420690954,22.0,0.8,34.784907635852726,0.1,22.0,0.5,45.79011758212337,0.06,800,103,18,18,0.0225,1.0,0.0,0.6932493897979966,0.5371735759021012,0.874372080369037,0.16666666666666666,0.16666666666666666,65.71356113014272,63.53866378625954,69.98046746004731,0.7653879211790202,1.0329762376756495,22.5,31.0
leaky,58.96470944298689,73.38244943972845,77.9304447909895,22.0,1.0,31.739290899557197,0.1,24.0,0.5,49.95285554413459,0.0,800,104,18,18,0.0225,1.0,0.0,0.5773858876918947,0.4031968833763611,0.7577476142047682,0.8888888888888888,0.8888888888888888,65.27369360528799,64.12827565518573,70.81447768743229,0.6874001676314199,1.4245557492146,20.0,34.0
leaky,59.5551450548537,72.42500161027306,76.5253368845305,23.0,0.8,36.36603980111876,0.0,28.0,0.5,58.27833146815702,0.07,800,105,18,18,0.0225,1.0,0.0,0.6597150501764558,0.5712275000578521,0.8118981360599784,0.3333333333333333,0.3333333333333333,66.30663119065653,64.00451394374367,70.26536803107719,0.7439632319687928,1.1363746242796586,22.0,32.0
leaky,59.645837056222085,72.51316628475905,76.61697273648764,23.0,0.8,36.36603980111876,0.1,22.0,0.5,45.79011758212337,0.06,800,92,18,18,0.0225,1.0,0.0,0.6839540029391914,0.3723864063681413,0.8706000738765904,0.3888888888888889,0.3888888888888889,65.74125479160745,63.89087573528906,68.30238016856866,0.7416005117483433,1.170196027980186,21.5,31.0
leaky,60.40690663466513,73.39750342262701,77.54778680437732,23.0,0.8,36.36603980111876,0.2,16.0,0.5,33.301903696089724,0.08,800,105,18,18,0.0225,1.0,0.0,0.6819750862118404,0.5768019818594903,0.8041152655456688,0.4444444444444444,0.4444444444444444,66.22845280765642,63.799617497738616,69.36584056092727,0.7483896301927038,1.1394870399225536,22.0,31.5
leaky,59.009001607930756,73.46145627271821,78.05582029260066,23.0,1.0,33.18198594044616,0.1,22.0,0.5,45.79011758212337,0.01,800,91,18,18,0.0225,1.0,0.0,0.6389365400405289,0.41633302170602915,0.7609013988502435,0.4444444444444444,0.4444444444444444,65.29734798990731,64.08501066831134,67.51053323058083,0.7734153378427604,0.9929157888507206,22.0,32.5
leaky,60.46221745684694,73.38550966405744,77.5057850203996,24.0,0.8,37.94717196638479,0.0,24.0,0.5,49.95285554413459,0.08,800,129,18,18,0.0225,1.0,0.0,0.7622365624777239,0.535700178855573,0.8448716521384285,0.2222222222222222,0.2222222222222222,65.92008732935018,63.359497450628226,70.87397582727539,0.7656857358891931,1.0342765896802506,23.0,31.0
leaky,60.01912301461501,73.00891493611212,77.20230580603733,24.0,0.8,37.94717196638479,0.4,8.0,0.5,16.650951848044862,0.1,800,107,18,18,0.0225,1.0,0.0,0.7015866132266091,0.4910786956115923,0.8681242693123471,0.16666666666666666,0.16666666666666666,67.07669190833987,63.96969977995016,70.344226799049,0.7334222908473075,1.1802621452776538,22.0,31.5
leaky,58.63153594032721,73.42728751539745,78.20765922694764,24.0,1.0,34.624680981335125,0.2,18.0,0.5,37.464641658100945,0.09,800,106,18,18,0.0225,1.0,0.0,0.637177066981656,0.4897139995474338,0.7382631145276727,0.5,0.5,65.29038284442284,64.03116564809761,68.22471660188558,0.7673623179106168,1.0279514387087763,21.5,32.0
leaky,58.81742780024332,73.36892945400257,77.80762943076672,25.0,0.8,39.52830413165083,0.5,10.0,1.0,14.426950408889635,0.1,800,108,18,18,0.0225,1.0,0.0,0.7470822041787462,0.49333320276295684,0.9584762298250689,0.16666666666666666,0.16666666666666666,66.89819359377397,64.23475422673212,69.98037369500321,0.7633185182867012,1.0359256669908783,24.0,30.0
leaky,59.831277557040686,73.27461788044229,77.31787048695428,27.0,0.6,49.73414571103547,0.4,12.0,1.0,17.312340490667562,0.1,800,106,18,18,0.0225,1.0,0.0,0.9253679006042655,0.6537818597606602,1.143068333396954,0.0,0.0,66.68342646097148,63.528791186977486,71.9864868290803,0.7738370730296436,0.9778231824825994,26.0,27.0
leaky,59.82246806199581,72.99900726961738,77.20511077634914,11.0,0.6,20.262059363755192,0.6000000000000001,22.0,1.0,31.739290899557197,0.1,800,116,17,17,0.02125,1.0,0.0,0.4915653476239566,0.3577500065849755,0.6189051538473523,1.0,1.0,65.4967211804663,63.518149299896166,69.6524153563439,0.4444695523137577,3.0585719389571313,19.0,35.0
leaky,59.98814723728667,73.17669977934088,77.3711087288686,11.0,0.6,20.262059363755192,0.5,24.0,1.0,34.624680981335125,0.08,800,108,17,17,0.02125,1.0,0.0,0.46297909600195913,0.34981929629343517,0.5945149969552945,1.0,1.0,64.91183170653795,63.27863640046578,69.75436157973243,0.4378579356225362,3.165948872274028,19.0,35.0
leaky,59.07523777395474,72.60788997371986,76.97318860204666,12.0,0.6,22.104064760460208,0.4,28.0,1.0,40.39546114489098,0.08,800,112,17,17,0.02125,1.0,0.0,0.5216070416621331,0.40145017916887926,0.7773956591788564,0.8823529411764706,0.8823529411764706,65.39108447230191,63.871994840712865,67.79603352471598,0.4840501869317115,2.7825938573881843,21.0,33.0
leaky,58.61048384996488,73.45953166264351,77.60774787724132,14.0,0.8,22.135850313724465,0.6000000000000001,16.0,1.5,20.428493556836578,0.04,800,98,17,17,0.02125,1.0,0.0,0.4619455208209569,0.3475936393487046,0.670688252645726,0.9411764705882353,0.9411764705882353,65.16262892609736,63.171980959420196,66.76674190276103,0.4638972171639816,2.8651836495482104,18.0,34.0
leaky,60.75071674691153,73.46677195263615,77.47368885155123,22.0,0.8,34.784907635852726,0.1,20.0,0.5,41.62737962011216,0.01,800,106,17,17,0.02125,1.0,0.0,0.6614992498787848,0.4995233374136269,0.755153468629671,0.35294117647058826,0.35294117647058826,65.09679541833495,63.45487531543395,69.1066542898656,0.7274443448168585,1.2344887954775001,22.0,31.0
leaky,59.50076715377292,73.01738784559701,77.2788906637316,22.0,1.0,31.739290899557197,0.5,4.0,0.5,8.325475924022431,0.05,800,87,17,17,0.02125,1.0,0.0,0.5539405764299349,0.4369750721223072,0.7238314435501528,0.8235294117647058,0.8235294117647058,67.23159517234247,65.29375692692759,71.96345107579396,0.7599276383512462,1.0587021684440658,19.0,35.0
leaky,60.325066894031444,73.25435208920175,77.36674655211382,23.0,0.8,36.36603980111876,0.0,26.0,0.5,54.11559350614581,0.06,800,100,17,17,0.02125,1.0,0.0,0.6872497740002416,0.5104793976415944,0.7898063023897359,0.35294117647058826,0.35294117647058826,67.93142091993607,64.66951917030408,70.68581286123879,0.7545253209414633,1.0897695580790037,22.0,32.0
leaky,60.325066894031444,73.25435208920175,77.36674655211382,23.0,0.8,36.36603980111876,0.0,26.0,0.5,54.11559350614581,0.05,800,101,17,17,0.02125,1.0,0.0,0.6355863461889361,0.48579132167796046,0.8864568064530364,0.5294117647058824,0.5294117647058824,68.39828867769623,64.43647689539698,72.0517630136851,0.7281591405996028,1.2575280113362666,21.0,33.0
leaky,59.5551450548537,72.42500161027306,76.5253368845305,23.0,0.8,36.36603980111876,0.0,28.0,0.5,58.27833146815702,0.05,800,96,17,17,0.02125,1.0,0.0,0.684759173819296,0.5922123137932587,0.8645147581327076,0.35294117647058826,0.35294117647058826,65.85403415457884,64.55403721675432,68.60680011746827,0.7582621156131947,1.0504804644537438,22.0,32.0
leaky,59.95696742299907,72.95371810012189,77.10506532899026,23.0,0.8,36.36603980111876,0.1,22.0,0.5,45.79011758212337,0.09,800,101,17,17,0.02125,1.0,0.0,0.6923905761255796,0.4934955377946004,0.8663899997392086,0.4117647058823529,0.4117647058823529,66.08200971556775,63.57591082860341,68.05332918679512,0.7725846884716457,1.0145238104854712,21.0,31.0
leaky,59.76370089380538,72.87572440368089,77.08253985470327,23.0,0.8,36.36603980111876,0.2,18.0,0.5,37.464641658100945,0.1,800,87,17,17,0.02125,1.0,0.0,0.6914487108474647,0.4970146370249316,0.9463502902100953,0.29411764705882354,0.29411764705882354,65.0886996421082,63.662242249428196,68.83051765956611,0.7636304845997189,1.062760595619757,22.0,32.0
leaky,59.92206068632288,72.65902853993441,76.74202086493575,23.0,0.8,36.36603980111876,0.4,8.0,0.5,16.650951848044862,0.08,800,101,17,17,0.02125,1.0,0.0,0.6531831323621455,0.5202122531061053,0.8464758041499266,0.47058823529411764,0.47058823529411764,65.4652607602348,63.46340134324836,69.81048123702223,0.7677300954971186,1.004803009512211,22.0,33.0
leaky,58.71302454154103,72.82974241400993,76.8773852698901,23.0,1.2000000000000002,31.21571487018925,0.5,6.0,1.0,8.656170245333781,0.0,800,84,17,17,0.02125,1.0,0.0,0.48216863569627666,0.38826778109855475,0.5909568476788877,1.0,1.0,65.0404474914005,63.6589583357175,70.86800759150852,0.7182681448041338,1.2726324726391853,19.0,35.0
leaky,60.096938959811624,72.65902794257448,76.67467041763466,23.0,1.0,33.18198594044616,0.6000000000000001,6.0,2.0,7.206734452718699,0.07,800,124,17,17,0.02125,1.0,0.0,0.5570969707582498,0.40520191553611257,0.6943052002185177,0.7058823529411765,0.7058823529411765,65.71478958315794,64.59616524585365,70.25096596096832,0.7319360856057203,1.1773811944846395,20.0,33.0
leaky,58.85007387451937,73.43775560562706,77.91831440321903,23.0,1.2000000000000002,31.21571487018925,0.6000000000000001,6.0,1.5,7.660685083813717,0.06,800,107,17,17,0.02125,1.0,0.0,0.568334411125347,0.4187610144372458,0.6893073921700352,0.8823529411764706,0.8823529411764706,65.3345031872108,63.641430251249076,67.63414930722344,0.7186116985356927,1.2773120704627348,19.0,34.0
leaky,60.07740328424957,73.01941596380239,77.15978426425578,24.0,0.8,37.94717196638479,0.1,20.0,0.5,41.62737962011216,0.08,800,105,17,17,0.02125,1.0,0.0,0.6889501398990348,0.5246872387395318,0.8727574642541981,0.29411764705882354,0.29411764705882354,66.91275466335753,64.59491536840967,73.02600676410262,0.7172447656977722,1.3057308553176132,22.0,31.0
leaky,60.10264548378063,73.1867616186876,77.39059443532311,24.0,0.8,37.94717196638479,0.2,16.0,0.5,33.301903696089724,0.1,800,105,17,17,0.02125,1.0,0.0,0.714779805689852,0.5756958567439806,0.8640071680192627,0.23529411764705882,0.23529411764705882,67.89785214527225,65.05457692670731,71.2192351738224,0.7478011641049573,1.1406017308982088,22.0,32.0
leaky,58.62143827097179,73.25254640442654,77.95382242322327,24.0,1.0,34.624680981335125,0.0,28.0,0.5,58.27833146815702,0.07,800,102,17,17,0.02125,1.0,0.0,0.596382762588913,0.49299801327158677,0.7253988375073004,0.6470588235294118,0.6470588235294118,67.43976343678077,64.45273797828774,68.42907418079515,0.7005841657058028,1.374747305399029,20.0,34.0
leaky,58.615419726565435,72.99386110330289,77.60413384127244,24.0,1.0,34.624680981335125,0.2,16.0,0.5,33.301903696089724,0.04,800,119,17,17,0.02125,1.0,0.0,0.6456543753551924,0.42154273645010965,0.9283182141184138,0.4117647058823529,0.4117647058823529,65.58050063932552,63.426243003690765,68.7266007838982,0.7831312789569974,0.9381069465438368,21.0,33.0
leaky,59.78635635597141,72.50304533545372,76.50472086270582,11.0,0.6,20.262059363755192,0.7000000000000001,16.0,1.0,23.083120654223414,0.1,800,95,16,16,0.02,1.0,0.0,0.45194782402928224,0.34405993184210376,0.5944867671294007,1.0,1.0,66.26204628088081,63.9821924483203,70.22692649464986,0.44090466211896295,3.1067161243368133,18.5,35.0
leaky,59.474560966237775,72.85505467177697,77.18027674465199,11.0,0.6,20.262059363755192,0.5,28.0,1.0,40.39546114489098,0.1,800,134,16,16,0.02,1.0,0.0,0.5124143059206723,0.41503576110787543,0.5970242053714604,1.0,1.0,65.84499600774905,63.474837515527014,69.97716365256696,0.46241049712250365,2.978354780868716,21.0,33.5
leaky,58.8709204425757,73.17889586385247,77.46778375162805,13.0,0.6,23.946070157165224,0.6000000000000001,18.0,1.5,22.98205525144115,0.08,800,78,16,16,0.02,1.0,0.0,0.5516482005834512,0.36820810791021447,0.6468500168670321,0.875,0.875,64.51595382307997,63.44142912026676,67.72536632573532,0.45614951037393114,3.000160267755195,20.0,33.0
leaky,58.61164034670506,73.32268903856846,77.74627315689438,13.0,0.6,23.946070157165224,0.5,20.0,1.5,25.53561694604572,0.05,800,101,16,16,0.02,1.0,0.0,0.5296526076267927,0.37901638952362193,0.6357569620515527,1.0,1.0,67.26454845100811,63.79388755046703,69.62264542188443,0.45774272583180975,2.9524854692525073,20.0,34.0
leaky,58.60857582375302,73.18813987472896,77.70419480525962,13.0,0.8,20.55471814845843,0.6000000000000001,22.0,1.0,31.739290899557197,0.08,800,101,16,16,0.02,1.0,0.0,0.40600722293066027,0.3389282972056255,0.5070461794222673,1.0,1.0,66.52793422428209,63.268610003722124,71.54845548615282,0.4332850733081097,3.1888806101740235,17.0,37.0
leaky,59.215921146715246,73.06535517351067,77.11876499352016,14.0,1.0,20.19773057244549,0.6000000000000001,16.0,0.5,33.301903696089724,0.06,800,117,16,16,0.02,1.0,0.0,0.35563285516111476,0.28996922819854754,0.508046427200585,1.0,1.0,65.07631744472265,63.30229030240403,69.31773169371121,0.4609016918032457,2.945956990009752,15.5,37.5
leaky,58.693656536697056,72.52415156397905,76.57740286360524,14.0,1.0,20.19773057244549,0.6000000000000001,18.0,0.5,37.464641658100945,0.06,800,125,16,16,0.02,1.0,0.0,0.3465700624189846,0.23563648838643816,0.5242434076397172,1.0,1.0,65.96198413490123,63.76632401308493,67.38110484492844,0.44718879535085254,3.0666823763669058,14.0,39.0
leaky,58.614748373438466,73.3429515891641,77.39398081084592,15.0,1.2000000000000002,20.358074915340815,0.5,22.0,0.5,45.79011758212337,0.03,800,90,16,16,0.02,1.0,0.0,0.3339034656002355,0.26416368204854257,0.4472878696234523,1.0,1.0,65.16827685491867,63.23244480210539,67.5299588501652,0.4800504713416215,2.810719900691499,15.0,39.0
leaky,60.325066894031444,73.25435208920175,77.36674655211382,23.0,0.8,36.36603980111876,0.0,26.0,0.5,54.11559350614581,0.0,800,126,16,16,0.02,1.0,0.0,0.6654983515031986,0.5386402563026127,0.7828306959711364,0.4375,0.4375,66.45108774739562,64.59811847745,69.99682777274268,0.7276916508729698,1.2229548928952656,22.0,32.0
leaky,59.5551450548537,72.42500161027306,76.5253368845305,23.0,0.8,36.36603980111876,0.0,28.0,0.5,58.27833146815702,0.08,800,106,16,16,0.02,1.0,0.0,0.6250022194727896,0.4413389423603188,0.7631778478642921,0.5625,0.5625,66.18794857276006,63.809953411795874,71.68047889214645,0.7098453280510054,1.3063237903661156,21.5,33.0
leaky,59.77250205486722,72.5603347185509,76.6488080338159,23.0,0.8,36.36603980111876,0.30000000000000004,12.0,0.5,24.976427772067296,0.07,800,100,16,16,0.02,1.0,0.0,0.6500175276499274,0.5094658262750311,0.8069081117090432,0.4375,0.4375,66.00351321056723,64.5093391537244,71.37488899286285,0.7355625773721933,1.1756692958768096,21.0,32.0
leaky,59.01328406921779,73.24658965681326,77.79333988014065,23.0,1.0,33.18198594044616,0.4,8.0,0.5,16.650951848044862,0.06,800,111,16,16,0.02,1.0,0.0,0.5748033419346992,0.4567301472446233,0.812994698072655,0.8125,0.8125,65.25704096068515,63.614560154266854,66.87269826857676,0.6845187581707908,1.4581337654901378,20.0,34.5
leaky,59.51417979409629,72.62805267852278,76.66940071860503,23.0,1.0,33.18198594044616,0.6000000000000001,6.0,1.5,7.660685083813717,0.07,800,103,16,16,0.02,1.0,0.0,0.5629890154925699,0.5121600122292764,0.7116421046913793,0.8125,0.8125,66.60246598166094,64.14819697404332,71.52791611152887,0.7805103286681476,0.9458036552370996,20.5,33.5
leaky,58.78255483176685,72.5314666846755,76.87715111637651,23.0,1.2000000000000002,31.21571487018925,0.6000000000000001,6.0,2.0,7.206734452718699,0.05,800,122,16,16,0.02,1.0,0.0,0.48134407158192954,0.35176139442986304,0.6153969108869627,1.0,1.0,66.84065503398762,64.047449816887,71.17507092446453,0.745658536704743,1.1389653199566192,18.0,36.5
leaky,60.46221745684694,73.38550966405744,77.5057850203996,24.0,0.8,37.94717196638479,0.0,24.0,0.5,49.95285554413459,0.06,800,122,16,16,0.02,1.0,0.0,0.7129361924835507,0.5619256796635572,0.8279204414103081,0.3125,0.3125,64.91171259230421,63.432009889573635,66.63928393908175,0.7835253028828519,0.9465243242147854,22.5,31.5
leaky,59.61948226397031,72.48298208514518,76.5920768729038,24.0,0.8,37.94717196638479,0.0,26.0,0.5,54.11559350614581,0.04,800,105,16,16,0.02,1.0,0.0,0.6842111988920035,0.5694466658069863,0.797489811263778,0.25,0.25,67.97181213195474,63.58993938835823,70.58916917932885,0.7200285593359734,1.2805137382144278,22.0,32.0
leaky,58.62143827097179,73.25254640442654,77.95382242322327,24.0,1.0,34.624680981335125,0.0,28.0,0.5,58.27833146815702,0.04,800,110,16,16,0.02,1.0,0.0,0.685876609496094,0.5653903952094979,0.8745687709855313,0.1875,0.1875,65.6135657563214,63.592445533882554,67.54622612937737,0.7440341194385811,1.1470039198855364,22.0,32.0
leaky,59.31047590496779,73.41339704751398,77.91537191468026,24.0,1.0,34.624680981335125,0.30000000000000004,10.0,0.5,20.81368981005608,0.04,800,115,16,16,0.02,1.0,0.0,0.6365450743526049,0.4403306977062995,0.8013936868226452,0.5,0.5,65.69475795476787,64.44695585900956,68.93904854551445,0.7473500465611729,1.1287938353846574,22.0,33.0
leaky,58.82745583645756,72.56896444627193,76.70218307172155,24.0,1.0,34.624680981335125,0.6000000000000001,8.0,2.0,9.608979270291599,0.08,800,85,16,16,0.02,1.0,0.0,0.578844312105872,0.4703850812099195,0.7627198710253545,0.75,0.75,64.92059225532688,63.509704007550475,68.50642170907447,0.7732832086391087,1.0110388329556945,21.0,32.5
leaky,59.32845700561113,73.36185875966196,77.53075221357777,12.0,0.6,22.104064760460208,0.6000000000000001,18.0,1.5,22.98205525144115,0.07,800,96,15,15,0.01875,1.0,0.0,0.5476323862014437,0.42563506987606253,0.7006071458029369,0.9333333333333333,0.9333333333333333,64.79275036301956,63.57434290389172,69.90313104986902,0.4811344985605527,2.808093413968406,20.0,33.0
leaky,59.178498990915095,73.3701803754541,77.53461806251207,13.0,0.8,20.55471814845843,0.8,12.0,1.5,15.321370167627434,0.1,800,110,15,15,0.01875,1.0,0.0,0.4278604792127401,0.3179159627212363,0.5126806643489366,1.0,1.0,65.53248201468531,64.03560008634135,68.28709165636346,0.4535353265255716,3.015495707242444,17.0,36.0
leaky,58.706711504555464,72.99992197903946,77.24101130107928,14.0,1.0,20.19773057244549,0.6000000000000001,24.0,0.5,49.95285554413459,0.08,800,118,15,15,0.01875,1.0,0.0,0.3568032279314667,0.2712211696987314,0.4443911444241951,1.0,1.0,66.3103833410285,64.2954719740937,68.82578213615326,0.4352268809061095,3.2011835609590533,15.0,39.0
leaky,59.15052433703771,73.48233725323448,77.76535724764108,14.0,1.0,20.19773057244549,0.8,4.0,0.5,8.325475924022431,0.09,800,112,15,15,0.01875,1.0,0.0,0.359426257580348,0.3219939804683622,0.4138789509642499,1.0,1.0,64.44055831016942,63.56872511793167,69.0050818229173,0.45970788306728083,2.9183105816803514,15.0,38.0
leaky,58.750135403747315,72.72892427978667,76.85326208565041,14.0,1.0,20.19773057244549,0.7000000000000001,10.0,0.5,20.81368981005608,0.07,800,108,15,15,0.01875,1.0,0.0,0.33992856526037535,0.25414796225930036,0.38248007505067566,1.0,1.0,65.35066761351159,63.408865099840256,69.88014914889648,0.4445185304272368,3.117605085551885,15.0,40.0
leaky,58.50620652253271,73.29774019149876,77.38826945761896,15.0,1.2000000000000002,20.358074915340815,0.6000000000000001,14.0,0.5,29.13916573407851,0.04,800,99,15,15,0.01875,1.0,0.0,0.32421425043295643,0.2578716984173605,0.43696741309282283,1.0,1.0,64.76756941318288,63.53239053480804,66.9622067799919,0.46914881582664425,2.955561031246024,13.0,40.0
leaky,60.325066894031444,73.25435208920175,77.36674655211382,23.0,0.8,36.36603980111876,0.0,26.0,0.5,54.11559350614581,0.02,800,106,15,15,0.01875,1.0,0.0,0.7532433178752042,0.4552787304584489,0.855028449619059,0.26666666666666666,0.26666666666666666,66.3528124440309,63.96974637217917,69.90042091378308,0.7826734297396196,0.9550631329102373,22.0,31.0
leaky,60.325066894031444,73.25435208920175,77.36674655211382,23.0,0.8,36.36603980111876,0.0,26.0,0.5,54.11559350614581,0.1,800,107,15,15,0.01875,1.0,0.0,0.6895721061235244,0.4889008403794383,0.8026051316217875,0.3333333333333333,0.3333333333333333,65.36984964381634,63.897750044325086,68.32924699989108,0.7911101230660258,0.9095512730261429,22.0,32.0
leaky,60.325066894031444,73.25435208920175,77.36674655211382,23.0,0.8,36.36603980111876,0.0,26.0,0.5,54.11559350614581,0.08,800,113,15,15,0.01875,1.0,0.0,0.6949226952843719,0.5206837505112613,0.9563444651642243,0.2,0.2,65.77342461439926,63.93500850879338,74.2599983745024,0.7849464988740938,0.9447649618747852,21.0,33.0
leaky,59.5551450548537,72.42500161027306,76.5253368845305,23.0,0.8,36.36603980111876,0.0,28.0,0.5,58.27833146815702,0.09,800,106,15,15,0.01875,1.0,0.0,0.7089293453041723,0.5056750449619372,0.8365543971664209,0.06666666666666667,0.06666666666666667,66.58927206249105,64.07181461082777,70.14948518888738,0.7472099555236132,1.1104029956904091,23.0,32.0
leaky,60.35409785220181,73.17519241112015,77.24838469256697,23.0,0.8,36.36603980111876,0.1,20.0,0.5,41.62737962011216,0.04,800,101,15,15,0.01875,1.0,0.0,0.6644168928761739,0.45863796428686704,0.8177006865778614,0.3333333333333333,0.3333333333333333,65.66481666310628,63.680484724732274,71.04410249953972,0.7517127753064354,1.0941212949069787,22.0,32.0
leaky,60.46491050091261,73.3363467138357,77.42901142517152,23.0,0.8,36.36603980111876,0.1,20.0,0.5,41.62737962011216,0.05,800,120,15,15,0.01875,1.0,0.0,0.6811712667382932,0.5115981326362009,0.8332485078677155,0.2,0.2,67.00651210923468,63.71144617479244,70.27073938898884,0.6959277742328458,1.3673449689519344,22.0,31.0
leaky,60.05619650779719,73.09170894134036,77.25674841221445,23.0,0.8,36.36603980111876,0.1,22.0,0.5,45.79011758212337,0.1,800,108,15,15,0.01875,1.0,0.0,0.6064407387359125,0.5382986788662161,0.9079422336681586,0.6,0.6,66.72059022327835,64.76973888677124,69.08028366989285,0.6712610600203153,1.529161250167,21.0,33.0
leaky,59.21328737777417,72.3223636353865,76.55608631062704,23.0,0.8,36.36603980111876,0.4,10.0,0.5,20.81368981005608,0.1,800,103,15,15,0.01875,1.0,0.0,0.680814453562763,0.4826828373157129,0.9378984545295608,0.26666666666666666,0.26666666666666666,65.94709880570373,63.834120873351516,68.6840336389588,0.7305062543887479,1.24381695091859,22.0,32.0
leaky,60.327791305483665,73.22832157529481,77.37024315235054,23.0,0.8,36.36603980111876,0.4,8.0,0.5,16.650951848044862,0.09,800,103,15,15,0.01875,1.0,0.0,0.6936572828276364,0.5163365402072322,0.8432361615313713,0.3333333333333333,0.3333333333333333,66.97736170881896,64.21574511570239,71.95278852629106,0.6884952929922435,1.4674958295003762,22.0,32.0
leaky,58.88782684687811,73.27880117330321,77.84788158400472,23.0,1.0,33.18198594044616,0.1,22.0,0.5,45.79011758212337,0.0,800,111,15,15,0.01875,1.0,0.0,0.6124146914950861,0.5343468217328962,0.8184737095943528,0.6,0.6,66.07075595686698,64.4632577547236,71.1331369379983,0.779681153167908,0.9664224322268081,21.0,34.0
leaky,58.87299622149723,73.49911443348805,78.17845560105022,23.0,1.0,33.18198594044616,0.2,18.0,0.5,37.464641658100945,0.06,800,107,15,15,0.01875,1.0,0.0,0.6317793710615742,0.4569887674856019,0.8476265706844683,0.5333333333333333,0.5333333333333333,65.83858332651162,64.00478081944243,69.31868795600528,0.7087055702137854,1.2961047600526214,21.0,33.0
leaky,58.62533007627237,73.41091921043457,78.01356994685221,23.0,1.2000000000000002,31.21571487018925,0.4,6.0,0.5,12.488213886033648,0.01,800,111,15,15,0.01875,1.0,0.0,0.5821680778782674,0.43196876584291377,0.6774787415437094,0.8666666666666667,0.8666666666666667,65.60758492073896,63.40521381402121,68.46438904410165,0.7708201059199223,1.0055817832676939,20.0,34.0
leaky,59.05964601599574,72.53134077275877,76.87713605014676,23.0,1.2000000000000002,31.21571487018925,0.6000000000000001,4.0,1.5,5.1071233892091445,0.05,800,114,15,15,0.01875,1.0,0.0,0.5043160546773823,0.3317879517190823,0.5837165918620728,1.0,1.0,66.57214084862431,64.86327463101105,71.51937510971104,0.7139980620405831,1.3126093465877575,17.0,37.0
leaky,58.588423394546055,73.19298205972022,77.89294034724352,23.0,1.4000000000000004,29.88298214104683,0.6000000000000001,4.0,2.0,4.804489635145799,0.04,800,133,15,15,0.01875,1.0,0.0,0.4756357375308937,0.2675499129291417,0.5538941251740197,1.0,1.0,64.6702251262042,64.11610484223817,68.3982039629214,0.7797048038134842,0.9617060107285111,16.0,37.0
leaky,59.75932587085147,72.56497670977912,76.65434174596152,24.0,0.8,37.94717196638479,0.1,20.0,0.5,41.62737962011216,0.05,800,109,15,15,0.01875,1.0,0.0,0.6627739771741404,0.5345148417992865,0.8182120056354752,0.3333333333333333,0.3333333333333333,66.03757117876532,64.1549295379599,69.1701936400297,0.6958699240904741,1.3706076901399034,21.0,32.0
leaky,59.61948226397031,72.48298208514518,76.5920768729038,24.0,0.8,37.94717196638479,0.0,26.0,0.5,54.11559350614581,0.03,800,142,15,15,0.01875,1.0,0.0,0.6471031803938918,0.49573836882896577,0.9757071206122927,0.4,0.4,66.09035550344298,64.36649625734582,71.45360577348565,0.7774021571445788,0.9816466585520298,22.0,32.0
leaky,60.27806502383788,73.29973006386096,77.46852291933368,24.0,0.8,37.94717196638479,0.1,20.0,0.5,41.62737962011216,0.1,800,103,15,15,0.01875,1.0,0.0,0.6867998708506587,0.5685528300779126,0.812556007477431,0.2,0.2,65.65377045446245,64.11038114145211,68.65236336488084,0.7441839634652009,1.123221777941861,22.0,31.0
leaky,60.040482705198315,72.62022833855681,76.62117670592427,24.0,0.8,37.94717196638479,0.2,14.0,0.5,29.13916573407851,0.04,800,108,15,15,0.01875,1.0,0.0,0.7127119386458947,0.5830890390788084,0.850107595192247,0.2,0.2,67.11194324328052,63.595043553663864,72.67562203476723,0.7354893161064083,1.1736594824184732,23.0,31.0
leaky,59.701322004603995,72.62613341857045,76.7731171251673,24.0,0.8,37.94717196638479,0.2,16.0,0.5,33.301903696089724,0.08,800,102,15,15,0.01875,1.0,0.0,0.7119823006202496,0.5547743720008925,0.8561913397635302,0.3333333333333333,0.3333333333333333,64.97347658792519,63.17283262191526,69.59125852417665,0.7542160277657204,1.0699582434569415,22.0,32.0
leaky,58.62143827097179,73.25254640442654,77.95382242322327,24.0,1.0,34.624680981335125,0.0,28.0,0.5,58.27833146815702,0.1,800,110,15,15,0.01875,1.0,0.0,0.6284696862831411,0.42388319491524123,0.7720703392018688,0.5333333333333333,0.5333333333333333,66.65865343039926,63.62492329032281,68.66999898406732,0.7369898495632234,1.158329234796523,21.0,33.0
leaky,58.62143827097179,73.25254640442654,77.95382242322327,24.0,1.0,34.624680981335125,0.0,28.0,0.5,58.27833146815702,0.05,800,107,15,15,0.01875,1.0,0.0,0.6523602224140006,0.4817950456773548,0.7903701570811371,0.4,0.4,66.22570979019011,64.30406507721618,70.36858464815197,0.718306474882275,1.2463266322654623,22.0,33.0
leaky,58.922213820568714,73.28961466544413,77.73842242683558,27.0,0.6,49.73414571103547,0.30000000000000004,16.0,1.0,23.083120654223414,0.1,800,96,15,15,0.01875,1.0,0.0,0.8226124632156634,0.6313268642712309,1.1582876379819291,0.06666666666666667,0.06666666666666667,65.68063953511603,64.84042443650661,68.83078010548809,0.6817129390594764,1.469933125259892,25.0,30.0
leaky,59.2526188047484,73.21732652185112,77.42049617364601,28.0,0.6,51.576151107740486,0.2,16.0,1.0,23.083120654223414,0.01,800,112,15,15,0.01875,1.0,0.0,0.7789748010349782,0.6737073307904562,1.1567955094027143,0.0,0.0,65.2859767023784,63.398257716114905,69.08295673794245,0.6934477010673628,1.3861600553926363,25.0,28.0
leaky,58.949434705691345,72.52924191048226,76.6647277958821,11.0,0.6,20.262059363755192,0.7000000000000001,18.0,1.5,22.98205525144115,0.09,800,114,14,14,0.0175,1.0,0.0,0.4619174117188468,0.37102877482825447,0.5897854179483197,1.0,1.0,64.89304898668252,63.814185227599204,69.19093587173413,0.4271090517489498,3.1520317835763914,19.0,34.5
leaky,58.692418368490294,72.45329096834527,76.52029935374053,12.0,0.6,22.104064760460208,0.6000000000000001,18.0,1.5,22.98205525144115,0.06,800,99,14,14,0.0175,1.0,0.0,0.488381662229149,0.3026664992641548,0.6189592600435907,1.0,1.0,67.24718913299255,63.90969779053007,71.2045470294442,0.4380137663049353,3.110984757162603,20.5,34.5
leaky,58.70832573366738,73.09669702090584,77.51343010059435,12.0,0.6,22.104064760460208,0.6000000000000001,20.0,1.5,25.53561694604572,0.08,800,96,14,14,0.0175,1.0,0.0,0.453922698765144,0.37559569006991944,0.6395076547161763,0.8571428571428571,0.8571428571428571,65.68873572458591,63.43094226654762,70.04265305227105,0.4365242565331696,3.1622004396702863,20.5,33.0
leaky,59.225885677886204,73.19882948530923,77.41801614616078,13.0,0.8,20.55471814845843,0.7000000000000001,14.0,1.0,20.19773057244549,0.08,800,89,14,14,0.0175,1.0,0.0,0.3999324638818361,0.3002279342970416,0.5443732974561735,1.0,1.0,65.99629462561211,63.99852682303024,71.6627633087194,0.46071984361197016,2.974829715390497,17.0,37.0
leaky,58.66224785516481,73.41720189369724,78.01125406923057,13.0,0.8,20.55471814845843,0.5,26.0,1.0,37.51007106311305,0.07,800,113,14,14,0.0175,1.0,0.0,0.3916525422462062,0.32071688883462873,0.5388156102709531,1.0,1.0,65.02392380535306,63.372444329736275,69.1616714633265,0.44255569092240504,3.068847455246481,16.0,37.0
leaky,58.8557127383385,73.14285851985977,77.38805893345133,14.0,1.0,20.19773057244549,0.7000000000000001,12.0,0.5,24.976427772067296,0.08,800,99,14,14,0.0175,1.0,0.0,0.3710310456254252,0.2633789393797292,0.47517874153137923,1.0,1.0,65.87464559323533,63.88144297365433,70.78871152462129,0.4845743298294236,2.791155203648854,14.5,37.5
leaky,59.5551450548537,72.42500161027306,76.5253368845305,23.0,0.8,36.36603980111876,0.0,28.0,0.5,58.27833146815702,0.04,800,103,14,14,0.0175,1.0,0.0,0.6836536673538306,0.4693833945412672,0.842334912575294,0.35714285714285715,0.35714285714285715,64.94952537908435,63.92557637804079,67.5513529857774,0.745144346421019,1.1530099512842984,23.0,31.0
leaky,60.57329020232392,73.49255741133624,77.60341692281688,23.0,0.8,36.36603980111876,0.1,20.0,0.5,41.62737962011216,0.06,800,105,14,14,0.0175,1.0,0.0,0.7078998934535722,0.5936860952829379,0.8150119272860004,0.2857142857142857,0.2857142857142857,64.56404271208642,63.84694277063486,69.06929494174452,0.7336972219336325,1.219984298711806,21.0,31.0
leaky,60.2407909337178,73.00892791037883,77.06130337382288,23.0,0.8,36.36603980111876,0.1,20.0,0.5,41.62737962011216,0.03,800,114,14,14,0.0175,1.0,0.0,0.6037087620186312,0.5306527011708708,0.8023620727520088,0.5714285714285714,0.5714285714285714,65.39844774568627,63.51776986572951,71.09746628590945,0.6931012994428506,1.4239333456572032,21.0,33.5
leaky,59.02079851288096,73.27116820119717,77.78939592384998,23.0,1.0,33.18198594044616,0.2,16.0,0.5,33.301903696089724,0.02,800,112,14,14,0.0175,1.0,0.0,0.5759564606567571,0.45513835477654413,0.7361160020105185,0.6428571428571429,0.6428571428571429,66.53513110609723,63.574140348627715,69.64846804232982,0.6839713510517377,1.4754544326864836,21.0,33.0
leaky,59.13122493265789,72.82186653194674,77.11759153947513,23.0,1.0,33.18198594044616,0.30000000000000004,10.0,0.5,20.81368981005608,0.01,800,105,14,14,0.0175,1.0,0.0,0.6001205349859238,0.5071820321926804,0.7110059448090283,0.7142857142857143,0.7142857142857143,65.24819035326136,64.19725156061982,68.05274752019504,0.7319721982252229,1.191959959081332,21.0,33.0
leaky,59.59079900083757,73.08687190822639,77.33222737317524,23.0,1.0,33.18198594044616,0.4,6.0,0.5,12.488213886033648,0.03,800,118,14,14,0.0175,1.0,0.0,0.6203039739481968,0.4911975898141542,0.7066194398796549,0.6428571428571429,0.6428571428571429,67.31088044482712,64.23329689974285,72.5478326664921,0.7722862427724996,1.0006590554073234,21.0,33.0
leaky,60.46221745684694,73.38550966405744,77.5057850203996,24.0,0.8,37.94717196638479,0.0,24.0,0.5,49.95285554413459,0.03,800,117,14,14,0.0175,1.0,0.0,0.7662201515668525,0.569046481439203,0.9830412574357283,0.14285714285714285,0.14285714285714285,65.86326870457279,63.60156319066507,69.10158699518658,0.7599323760290563,1.0725526029950436,22.5,30.0
leaky,60.478867405442514,73.25495833898898,77.33124116642409,24.0,0.8,37.94717196638479,0.2,14.0,0.5,29.13916573407851,0.06,800,110,14,14,0.0175,1.0,0.0,0.6922530855142619,0.5765873497375327,0.8693816926766985,0.35714285714285715,0.35714285714285715,65.40124677711643,63.95133413847774,68.88966374117499,0.777125641817755,0.9803644158689436,21.5,31.5
leaky,59.62220667542253,72.45695157123824,76.59557347314052,24.0,0.8,37.94717196638479,0.4,8.0,0.5,16.650951848044862,0.09,800,93,14,14,0.0175,1.0,0.0,0.7312471412874587,0.6011062808510688,0.8595501071405673,0.07142857142857142,0.07142857142857142,65.60805178772273,64.43819820039518,67.73124704056023,0.7729230010376009,1.0133087345445273,23.0,31.0
leaky,59.97997646097098,73.0703087885799,77.28823895186773,24.0,0.8,37.94717196638479,0.30000000000000004,12.0,0.5,24.976427772067296,0.1,800,108,14,14,0.0175,1.0,0.0,0.6823264798525103,0.6261064594778003,0.8807324167917876,0.07142857142857142,0.07142857142857142,67.01244019355434,64.670999387559,68.8812352732489,0.7239681210956529,1.241526844545898,22.0,31.5
leaky,59.0727337393086,73.48791685047912,78.0952829198221,24.0,1.0,34.624680981335125,0.1,20.0,0.5,41.62737962011216,0.01,800,101,14,14,0.0175,1.0,0.0,0.65185065903468,0.46507503971496916,0.8057025182536458,0.42857142857142855,0.42857142857142855,66.34045717685989,64.91671861669076,69.73408101965343,0.773920532964357,0.9754401066054803,21.0,33.0
leaky,58.520775952424884,72.93359561704607,77.57206714259007,24.0,1.0,34.624680981335125,0.30000000000000004,12.0,0.5,24.976427772067296,0.06,800,108,14,14,0.0175,1.0,0.0,0.6618256431453584,0.4949478256347045,0.7289555709298383,0.35714285714285715,0.35714285714285715,67.00745201805849,65.00298330984614,70.19113747605212,0.7565211958767242,1.0883271326871837,21.5,32.0
leaky,59.272606414172216,72.55592567752618,76.69818842355352,24.0,1.0,34.624680981335125,0.6000000000000001,6.0,1.5,7.660685083813717,0.08,800,106,14,14,0.0175,1.0,0.0,0.6045583177623557,0.34187034491806717,0.6740810002871136,0.6428571428571429,0.6428571428571429,67.0530700574109,64.71021295386785,70.44967713521751,0.7322447695781,1.2288551902142268,21.0,33.0
leaky,58.601419952971796,73.08985445558068,77.58674210027797,27.0,0.6,49.73414571103547,0.2,18.0,1.0,25.968510736001342,0.05,800,104,14,14,0.0175,1.0,0.0,0.80483208354081,0.6175473510209056,1.1324866447149362,0.07142857142857142,0.07142857142857142,65.27766496186766,63.84655344300285,69.43518978677974,0.7452181617996041,1.1493047741184612,25.0,29.0
leaky,59.469690874953415,72.4426968228245,76.55796767548837,11.0,0.6,20.262059363755192,0.5,24.0,1.0,34.624680981335125,0.07,800,106,13,13,0.01625,1.0,0.0,0.48421240745383354,0.38084326909546384,0.5894081173705443,1.0,1.0,66.54227727873449,63.56047727872554,68.14217285974308,0.4435417225246478,3.1368626068872185,19.0,34.0
leaky,58.58928367680487,73.28445678869744,77.68399797233428,12.0,0.6,22.104064760460208,0.4,22.0,1.5,28.089178640650296,0.0,800,115,13,13,0.01625,1.0,0.0,0.5404659563500236,0.3864054061478199,0.6944772587099234,0.9230769230769231,0.9230769230769231,66.0670282376075,64.59673868328045,71.28043142170215,0.44384567301161737,3.0941103521568487,21.0,33.0
leaky,58.93253363706626,73.4822819613541,77.94154064892689,13.0,0.8,20.55471814845843,0.4,26.0,1.0,37.51007106311305,0.03,800,114,13,13,0.01625,1.0,0.0,0.3618102695756678,0.29015797188553705,0.6032878104542434,1.0,1.0,64.9256316856528,63.6254812416235,66.84872002375386,0.4200824612103248,3.1867712293242465,17.0,37.0
leaky,58.95215745784801,73.16387310664973,77.44139215691543,13.0,0.8,20.55471814845843,0.4,24.0,1.0,34.624680981335125,0.01,800,105,13,13,0.01625,1.0,0.0,0.3948201565729055,0.27764282789665157,0.5330960913245987,1.0,1.0,65.94143037472254,64.06100385985256,70.29188049024873,0.41700296128539144,3.326859931236075,17.0,37.0
leaky,58.721865092197106,72.94254252349,77.25598322753734,13.0,0.8,20.55471814845843,0.5,22.0,1.0,31.739290899557197,0.04,800,102,13,13,0.01625,1.0,0.0,0.3943116373457987,0.31176699145099257,0.5562037360007305,1.0,1.0,66.3793486428644,64.01153535321656,69.68125600848803,0.4265011854365283,3.1915301968954752,17.0,37.0
leaky,58.99973806879632,72.8773328238564,76.93857705424568,14.0,1.0,20.19773057244549,0.5,28.0,0.5,58.27833146815702,0.06,800,120,13,13,0.01625,1.0,0.0,0.37241000039574323,0.2860094137841769,0.4282074235249548,1.0,1.0,64.75424493511852,63.88468816722386,69.5652797982308,0.45923271336172244,3.0433001413524523,15.0,39.0
leaky,58.71531470347924,73.25637732766612,77.46186458272588,14.0,1.0,20.19773057244549,0.8,8.0,1.0,11.541560327111707,0.08,800,130,13,13,0.01625,1.0,0.0,0.33977772999601275,0.2863362752860187,0.43518465990638866,1.0,1.0,66.24955428952464,64.07551948312566,68.61952147861913,0.43987173597024715,3.125809320497911,15.0,39.0
leaky,58.67024462047489,73.16111030894368,77.48129760616982,14.0,1.0,20.19773057244549,0.6000000000000001,28.0,0.5,58.27833146815702,0.09,800,127,13,13,0.01625,1.0,0.0,0.3417175610983726,0.2904267817359981,0.538164363076484,1.0,1.0,65.5780861580633,63.41845754509664,67.35179250740292,0.4330471594225251,3.18456839509581,14.0,39.0
leaky,60.49611971946324,73.47099414628903,77.59227301688242,22.0,0.8,34.784907635852726,0.1,22.0,0.5,45.79011758212337,0.07,800,76,13,13,0.01625,1.0,0.0,0.6640435543206771,0.43941238247849224,0.9199317618090856,0.38461538461538464,0.38461538461538464,65.02719377171613,63.70000151283671,67.68633304780937,0.7159243527542624,1.255073012301304,21.0,32.0
leaky,60.746067335259454,73.39159834261338,77.39584638513429,23.0,0.8,36.36603980111876,0.2,14.0,0.5,29.13916573407851,0.04,800,104,13,13,0.01625,1.0,0.0,0.7132486922850594,0.5582428094402206,0.8601204258485126,0.23076923076923078,0.23076923076923078,65.19574955851941,64.114067865667,71.86080821673498,0.761214296715351,1.0623986280658233,23.0,32.0
leaky,60.08357587226717,73.00073649246073,77.13669266584404,23.0,0.8,36.36603980111876,0.30000000000000004,12.0,0.5,24.976427772067296,0.08,800,95,13,13,0.01625,1.0,0.0,0.6985654851516427,0.5190537384971902,0.7866414317967783,0.07692307692307693,0.07692307692307693,64.83862489995269,63.27195279355672,67.67997726750717,0.7511860417694033,1.100115535759559,23.0,31.0
leaky,60.38787383663775,73.42770626898104,77.60785938140513,23.0,0.8,36.36603980111876,0.30000000000000004,12.0,0.5,24.976427772067296,0.09,800,111,13,13,0.01625,1.0,0.0,0.6681384552805297,0.4055367145466751,0.8302171099218132,0.38461538461538464,0.38461538461538464,66.34871639162805,64.29296582863053,71.69075774759938,0.7556198741123075,1.075163471235503,22.0,33.0
leaky,58.57671569591369,73.1556078172518,77.86477326204171,23.0,1.0,33.18198594044616,0.5,6.0,0.5,12.488213886033648,0.09,800,102,13,13,0.01625,1.0,0.0,0.5887341883011694,0.4832615138824796,0.704484456546672,0.9230769230769231,0.9230769230769231,65.778668278553,63.79383972078988,68.73216844126375,0.6699616182149316,1.5570381238696636,21.0,34.0
leaky,60.08765366692532,73.39754769876592,77.59017267261976,23.0,1.0,33.18198594044616,0.6000000000000001,4.0,1.0,5.7707801635558535,0.08,800,104,13,13,0.01625,1.0,0.0,0.5744657738900871,0.41288253795620394,0.6784583738889445,0.7692307692307693,0.7692307692307693,66.31437548593715,63.51736090805658,69.59776384151705,0.7414103134934052,1.1854202046610967,20.0,34.0
leaky,59.89681511773162,73.469051774538,77.92358749473237,23.0,1.2000000000000002,31.21571487018925,0.6000000000000001,4.0,2.0,4.804489635145799,0.06,800,135,13,13,0.01625,1.0,0.0,0.5227446493089078,0.38524405562323677,0.6448393598966701,0.9230769230769231,0.9230769230769231,66.65115267421027,63.76309556129757,70.15460120479348,0.7405920879189273,1.1407694171960685,19.0,35.0
leaky,60.46221745684694,73.38550966405744,77.5057850203996,24.0,0.8,37.94717196638479,0.0,24.0,0.5,49.95285554413459,0.02,800,108,13,13,0.01625,1.0,0.0,0.6663965968003698,0.558035679038734,0.7850794822948413,0.3076923076923077,0.3076923076923077,66.6569666531748,63.65580570226933,70.6495876606454,0.7654371493629577,1.0342555282615815,22.0,32.0
leaky,60.46221745684694,73.38550966405744,77.5057850203996,24.0,0.8,37.94717196638479,0.0,24.0,0.5,49.95285554413459,0.01,800,112,13,13,0.01625,1.0,0.0,0.7086625011560798,0.39667739893525106,0.8784339587429106,0.23076923076923078,0.23076923076923078,67.18796383277413,65.23299215069517,72.36196521988596,0.7741614234849887,1.0126876446541264,23.0,31.0
leaky,59.61948226397031,72.48298208514518,76.5920768729038,24.0,0.8,37.94717196638479,0.0,26.0,0.5,54.11559350614581,0.06,800,97,13,13,0.01625,1.0,0.0,0.6924794344126056,0.5671090058471397,0.8097802538364423,0.23076923076923078,0.23076923076923078,65.5562557636781,63.72656300596062,70.39997967110752,0.7736729619880426,0.9665473033077752,23.0,32.0
leaky,59.61948226397031,72.48298208514518,76.5920768729038,24.0,0.8,37.94717196638479,0.0,26.0,0.5,54.11559350614581,0.0,800,109,13,13,0.01625,1.0,0.0,0.6716475424724246,0.5542101986640151,0.8491494729712125,0.38461538461538464,0.38461538461538464,66.07471293467817,64.47604708996396,70.71710692208853,0.7362500230291249,1.1791441269481016,23.0,32.0
leaky,59.61948226397031,72.48298208514518,76.5920768729038,24.0,0.8,37.94717196638479,0.0,26.0,0.5,54.11559350614581,0.1,800,117,13,13,0.01625,1.0,0.0,0.6570977440151359,0.5744964058495802,0.777770120004743,0.3076923076923077,0.3076923076923077,65.08800281466844,64.06445049566808,68.89442725886964,0.7381709699380872,1.1945266106637789,22.0,32.0
leaky,58.62143827097179,73.25254640442654,77.95382242322327,24.0,1.0,34.624680981335125,0.0,28.0,0.5,58.27833146815702,0.02,800,116,13,13,0.01625,1.0,0.0,0.6268169189843267,0.46894172159027797,0.7324690158122159,0.5384615384615384,0.5384615384615384,67.08068177353707,64.13001985832108,68.8778981479119,0.689266944132286,1.40823570288991,21.0,33.0
leaky,59.85536557988754,72.58690094157788,76.70345812258313,24.0,1.0,34.624680981335125,0.6000000000000001,6.0,2.0,7.206734452718699,0.08,800,109,13,13,0.01625,1.0,0.0,0.530905581564521,0.4478806715273671,0.6565647028441626,0.7692307692307693,0.7692307692307693,66.22117949244513,64.37239790684515,70.2367001989163,0.6759400981187994,1.489901068491354,19.0,34.0
leaky,58.70326359975103,73.43804688651596,77.88373982434558,25.0,0.8,39.52830413165083,0.4,12.0,1.0,17.312340490667562,0.06,800,101,13,13,0.01625,1.0,0.0,0.7350160883644423,0.541212069615185,0.9669528103857552,0.15384615384615385,0.15384615384615385,65.36605692022718,63.851761356091515,71.79136883380089,0.7522660268971114,1.1159952410560119,24.0,30.0
leaky,59.813832152680625,73.28819030968184,77.3137856893345,25.0,0.8,39.52830413165083,0.5,8.0,1.0,11.541560327111707,0.08,800,109,13,13,0.01625,1.0,0.0,0.7010610867422209,0.531568119294376,0.9335061211653497,0.23076923076923078,0.23076923076923078,67.02264205345332,63.70882514293247,70.62127014542465,0.7375587465260881,1.206562216236796,23.0,30.0
leaky,58.82580933917724,72.74827566883003,76.94314798374198,29.0,0.6,53.418156504445506,0.2,16.0,1.0,23.083120654223414,0.01,800,81,13,13,0.01625,1.0,0.0,0.9499836987085799,0.7560427018378989,1.1922185216940744,0.0,0.0,66.05016481842893,64.27010921044604,68.85588029324998,0.778801834585016,0.95620969983299,27.0,27.0
leaky,58.52619840554898,73.38366603740869,77.42703705351681,30.0,0.6,55.26016190115052,0.4,14.0,1.5,17.874931862232007,0.09,800,96,13,13,0.01625,1.0,0.0,0.9504551968679802,0.5996927445827805,1.137116663980552,0.07692307692307693,0.07692307692307693,67.62622532775558,64.88219898418362,69.08888146546586,0.7585519390453477,1.0267811357561238,27.0,26.0
leaky,60.675582584943506,73.49841698666022,77.51767635779649,10.0,0.6,18.420053967050173,0.4,26.0,1.0,37.51007106311305,0.04,800,117,12,12,0.015,1.0,0.0,0.46109647673248877,0.335963115986275,0.6229705848060947,1.0,1.0,66.05963339560476,65.02099883105868,71.07552027592631,0.45175425380065953,3.0616533043833707,19.0,35.5
leaky,60.50699302643536,73.39315645011045,77.47433867027509,10.0,0.6,18.420053967050173,0.6000000000000001,22.0,1.0,31.739290899557197,0.09,800,120,12,12,0.015,1.0,0.0,0.45659669557106686,0.38636841233402064,0.707061673630744,0.9166666666666666,0.9166666666666666,65.88345095668039,63.84822850076966,67.82884220975629,0.45872083524565527,3.0044129220454865,18.0,35.5
leaky,58.71232911922044,72.63570383407973,76.98169084567174,11.0,0.6,20.262059363755192,0.7000000000000001,20.0,1.5,25.53561694604572,0.1,800,135,12,12,0.015,1.0,0.0,0.5357352949243088,0.3828409028563493,0.7262151613490314,0.75,0.75,64.51270678762295,63.514180540251004,68.50547097821071,0.45910759820723585,2.990337310760374,20.5,33.5
leaky,58.57072670856631,72.74936146491328,76.94647062615716,12.0,0.6,22.104064760460208,0.5,20.0,1.5,25.53561694604572,0.03,800,108,12,12,0.015,1.0,0.0,0.47848528091529263,0.3789804893570713,0.5643871303939051,1.0,1.0,66.45483390769161,64.19285105649672,70.76074168357923,0.4491108325456481,3.0770604790205534,19.0,34.0
leaky,60.14903787640793,73.20712373843365,77.23723287841383,12.0,0.8,18.973585983192397,0.7000000000000001,16.0,0.5,33.301903696089724,0.1,800,101,12,12,0.015,1.0,0.0,0.4106405770368984,0.33431937610322054,0.5206868329280603,1.0,1.0,64.41029541387428,63.58173372703417,66.17342043634046,0.44004404152043397,3.1687278487446626,16.5,37.0
leaky,58.51666466715732,73.29584030254568,77.86215418780786,14.0,0.8,22.135850313724465,0.5,22.0,1.0,31.739290899557197,0.06,800,96,12,12,0.015,1.0,0.0,0.44171927512459114,0.33329839500858516,0.6604792778308484,0.9166666666666666,0.9166666666666666,65.0229567153275,63.23998854070258,69.01080258444271,0.4535857789920525,2.989853464283683,18.0,35.0
leaky,58.978213356145986,73.49285050051516,77.81786147320315,14.0,1.0,20.19773057244549,0.6000000000000001,26.0,0.5,54.11559350614581,0.09,800,109,12,12,0.015,1.0,0.0,0.33369207681815005,0.23545169567464994,0.3958966710308459,1.0,1.0,63.993114711484566,63.26570114876675,72.21626111963401,0.4236705890467033,3.2577162840571674,13.5,39.5
leaky,60.325066894031444,73.25435208920175,77.36674655211382,23.0,0.8,36.36603980111876,0.0,26.0,0.5,54.11559350614581,0.07,800,93,12,12,0.015,1.0,0.0,0.6618481742516178,0.596315510504645,0.8907547369281708,0.25,0.25,64.4744615112568,63.41915637750187,68.74215402997234,0.7316670421490679,1.2017557763364168,22.0,32.0
leaky,58.783826083266824,72.91715094253013,77.38794077750495,23.0,1.0,33.18198594044616,0.2,16.0,0.5,33.301903696089724,0.01,800,95,12,12,0.015,1.0,0.0,0.5799279073021408,0.43453837798112666,0.6780948729501627,0.75,0.75,67.2362914169467,64.19698749133184,68.67222117010867,0.7539240421730429,1.0731409909462633,20.0,35.0
leaky,59.05935786291495,73.41789407336069,77.99583220876181,23.0,1.0,33.18198594044616,0.30000000000000004,12.0,0.5,24.976427772067296,0.05,800,97,12,12,0.015,1.0,0.0,0.6099932375872557,0.4568933698206927,0.7418469301433916,0.6666666666666666,0.6666666666666666,64.86327626236304,63.54202693167433,69.70512542003009,0.7370205599719313,1.1697807094273922,20.5,33.0
leaky,59.46550603212542,72.51674415094627,76.61440340856349,23.0,1.0,33.18198594044616,0.6000000000000001,4.0,1.0,5.7707801635558535,0.07,800,112,12,12,0.015,1.0,0.0,0.5314158072079209,0.4340086958567149,0.8053979702721976,0.8333333333333334,0.8333333333333334,67.46218962478548,65.51764718089728,75.71269140605769,0.7387056353843302,1.1651277455786606,20.0,35.0
leaky,59.70992422446358,73.46860495776204,77.92356903601889,23.0,1.2000000000000002,31.21571487018925,0.6000000000000001,4.0,1.5,5.1071233892091445,0.06,800,103,12,12,0.015,1.0,0.0,0.5131974564542167,0.3490377195617935,0.6212114980482338,1.0,1.0,66.51537513208282,63.9835100441764,70.63183567288691,0.7188569316506357,1.2683338166399682,18.0,34.5
leaky,59.24653690926378,72.53178758953473,76.87715450886024,23.0,1.2000000000000002,31.21571487018925,0.6000000000000001,4.0,2.0,4.804489635145799,0.05,800,109,12,12,0.015,1.0,0.0,0.46385972710381673,0.3820531693351283,0.5724794690480766,1.0,1.0,65.45131199767468,63.88646919281711,71.39631675050413,0.7312369953044799,1.196460400150658,18.0,36.0
leaky,59.61948226397031,72.48298208514518,76.5920768729038,24.0,0.8,37.94717196638479,0.0,26.0,0.5,54.11559350614581,0.09,800,99,12,12,0.015,1.0,0.0,0.6687039087236756,0.5061124600385888,0.8088783747985396,0.4166666666666667,0.4166666666666667,67.18833260595858,63.61888167938776,71.54532252769508,0.7535972969605023,1.1067337163575808,21.0,32.5
leaky,59.61948226397031,72.48298208514518,76.5920768729038,24.0,0.8,37.94717196638479,0.0,26.0,0.5,54.11559350614581,0.02,800,111,12,12,0.015,1.0,0.0,0.6685404719444261,0.5173752286011789,0.8799999306870038,0.3333333333333333,0.3333333333333333,66.16783090448195,63.58038536323309,67.86194701674242,0.7735806984704927,0.9852924274504096,21.5,31.5
leaky,59.973712011782915,72.87261537249911,76.99715605357974,24.0,0.8,37.94717196638479,0.1,20.0,0.5,41.62737962011216,0.07,800,111,12,12,0.015,1.0,0.0,0.6788222229797359,0.5564142249408576,0.9457870934172393,0.4166666666666667,0.4166666666666667,66.58890046933837,64.19111327379484,69.63358005098605,0.7726931628346976,1.0094986469076714,21.5,32.0
leaky,59.904187314184384,72.91077993625065,77.08722826887471,24.0,0.8,37.94717196638479,0.2,16.0,0.5,33.301903696089724,0.09,800,115,12,12,0.015,1.0,0.0,0.6503088589279594,0.5635648826615438,0.9208478923248629,0.4166666666666667,0.4166666666666667,65.1360913711184,63.57986416406664,68.44393842262123,0.7657793689189007,1.0463214598339867,22.0,31.0
leaky,60.54640514019021,73.14665317303584,77.21923172511961,24.0,0.8,37.94717196638479,0.5,4.0,0.5,8.325475924022431,0.1,800,114,12,12,0.015,1.0,0.0,0.7417729815593066,0.5176948059813485,0.8748988399647759,0.25,0.25,66.26976000182728,63.96172930383398,73.59264997259913,0.7764929770714534,0.9648137292485324,22.0,32.0
leaky,58.62143827097179,73.25254640442654,77.95382242322327,24.0,1.0,34.624680981335125,0.0,28.0,0.5,58.27833146815702,0.01,800,111,12,12,0.015,1.0,0.0,0.5964281159164667,0.4889812515889266,0.703333056881378,0.5833333333333334,0.5833333333333334,65.39738305368557,64.19715827462997,67.89046568863303,0.7484104431593068,1.121925721513953,20.0,33.0
leaky,58.95155897825595,73.30526175106412,77.88734421122616,24.0,1.0,34.624680981335125,0.1,20.0,0.5,41.62737962011216,0.0,800,109,12,12,0.015,1.0,0.0,0.6504604913914048,0.45359733131697866,0.8411362945464497,0.4166666666666667,0.4166666666666667,65.21995787289235,64.26084313761625,68.6697445900951,0.7760021799798653,0.9889356086608709,21.0,33.0
leaky,58.796517926094594,72.60999451443666,77.06555261425268,24.0,1.0,34.624680981335125,0.5,4.0,0.5,8.325475924022431,0.07,800,131,12,12,0.015,1.0,0.0,0.589786470659726,0.47010963203008493,0.7666449324431089,0.8333333333333334,0.8333333333333334,65.01395663778244,63.621914829445885,68.5085819684628,0.7730462006778633,0.9873264838988143,20.0,33.5
leaky,59.43605176519874,73.42290399931254,77.64451650284374,24.0,1.0,34.624680981335125,0.6000000000000001,8.0,2.0,9.608979270291599,0.09,800,98,12,12,0.015,1.0,0.0,0.6089246987532096,0.5509765411253287,0.7027372012985398,0.6666666666666666,0.6666666666666666,66.95777293707447,64.32915229187641,68.53265513823158,0.7191970377936627,1.2860424499160783,21.0,32.5
leaky,58.697719788958004,72.34943541351527,76.82901495783779,24.0,1.2000000000000002,32.5729198645453,0.6000000000000001,4.0,1.5,5.1071233892091445,0.06,800,111,12,12,0.015,1.0,0.0,0.512362586288545,0.4441551108202253,0.6635139782715062,0.9166666666666666,0.9166666666666666,66.88781938781139,63.80754549191889,71.63335803724445,0.732936082663457,1.1886624154767198,18.5,36.0
leaky,58.572850548749386,73.16711901988549,77.88103140280495,25.0,1.0,36.06737602222409,0.0,26.0,0.5,54.11559350614581,0.07,800,100,12,12,0.015,1.0,0.0,0.6876458303183266,0.41622449272497186,0.7935558135973764,0.3333333333333333,0.3333333333333333,64.39482376782783,63.607792208644796,68.26724586624219,0.7523153529375732,1.106815548536014,21.5,32.0
leaky,59.68399649858383,73.39023986690606,77.50597852210738,27.0,0.6,49.73414571103547,0.30000000000000004,14.0,1.0,20.19773057244549,0.06,800,99,12,12,0.015,1.0,0.0,0.8503491248295812,0.5625927153441914,1.0213960832073068,0.08333333333333333,0.08333333333333333,66.30569107298616,65.39403418454232,71.44681234063331,0.7066800886512052,1.3478330767561717,26.0,28.5
leaky,59.010269282643115,72.8520163230211,77.00461875645415,28.0,0.6,51.576151107740486,0.2,16.0,1.0,23.083120654223414,0.0,800,90,12,12,0.015,1.0,0.0,0.8440833573686529,0.6105532679760437,0.9920042243834168,0.08333333333333333,0.08333333333333333,65.61299072491859,64.41616238784864,67.93728346020823,0.7169299096029598,1.2910497107539372,25.0,29.0
leaky,58.58428226323922,73.21687852880393,77.7761701727761,28.0,0.6,51.576151107740486,0.2,18.0,1.0,25.968510736001342,0.07,800,94,12,12,0.015,1.0,0.0,0.8856066580816251,0.6856035432171692,1.0139055110580386,0.0,0.0,65.10981883841225,63.87406239615681,67.60777859901397,0.6549166954521384,1.6305590497838496,26.5,27.0
leaky,58.811277061417215,72.43293576166826,76.53242978946501,29.0,0.6,53.418156504445506,0.30000000000000004,14.0,1.0,20.19773057244549,0.06,800,96,12,12,0.015,1.0,0.0,0.9423493130345268,0.7504516416719509,1.0913562792203342,0.0,0.0,65.40762845764246,63.625085834045784,70.05305425077283,0.7690973111959976,1.0273301417438485,27.0,26.0
leaky,59.3356299946995,73.30351515487166,77.5370492374029,30.0,0.6,55.26016190115052,0.30000000000000004,14.0,1.0,20.19773057244549,0.09,800,98,12,12,0.015,1.0,0.0,0.9056279092833779,0.8276018004706629,1.2243974465940257,0.0,0.0,67.20945701183203,63.80012835805998,71.18710090273547,0.771997730422232,0.9827847952532212,27.0,27.0
leaky,58.76446601736694,73.11287743092362,77.60288843918036,11.0,0.6,20.262059363755192,0.6000000000000001,22.0,1.5,28.089178640650296,0.08,800,108,11,11,0.01375,1.0,0.0,0.5084604484968182,0.3475367732297927,0.5979924234156303,1.0,1.0,64.71697622803235,63.8749943561244,66.3950112864031,0.42314812893735193,3.2789730848713776,20.0,33.0
leaky,59.960690762322876,72.93348169942462,76.94772887733669,12.0,0.8,18.973585983192397,0.8,6.0,0.5,12.488213886033648,0.1,800,116,11,11,0.01375,1.0,0.0,0.39109482096614706,0.3279054517205606,0.4690281085421314,1.0,1.0,64.58144807110557,63.38042588730997,68.00875624195984,0.4478259415769425,3.144420751568745,16.0,37.0
leaky,59.465020825442465,72.72409406740928,76.91694478735823,22.0,1.2000000000000002,29.858509875833192,0.6000000000000001,4.0,1.5,5.1071233892091445,0.04,800,103,11,11,0.01375,1.0,0.0,0.4860612991648551,0.4134354722518746,0.5591394876549142,1.0,1.0,67.04373649026651,64.22220786810405,69.1965457603646,0.7881284511743921,0.9052732783154523,17.0,36.0
leaky,60.12492673799758,72.83738068565916,76.86752495430184,23.0,0.8,36.36603980111876,0.1,20.0,0.5,41.62737962011216,0.02,800,113,11,11,0.01375,1.0,0.0,0.6364661063972434,0.44177136458512883,0.8329811568883988,0.45454545454545453,0.45454545454545453,65.87960900849212,63.2820333257942,68.63098871702192,0.7317578490981419,1.1990579025875263,20.0,32.0
leaky,59.466522456418545,72.61237371233081,76.84537237381218,23.0,0.8,36.36603980111876,0.30000000000000004,14.0,0.5,29.13916573407851,0.1,800,108,11,11,0.01375,1.0,0.0,0.7018629399111475,0.5369872179712971,0.7952891251536967,0.2727272727272727,0.2727272727272727,66.25504107675403,63.68731636661536,67.92402663045235,0.747860231001234,1.0951819028203824,22.0,32.0
leaky,58.801400112548485,73.32644707805053,77.86331709317747,23.0,1.2000000000000002,31.21571487018925,0.6000000000000001,4.0,1.0,5.7707801635558535,0.06,800,116,11,11,0.01375,1.0,0.0,0.4853863095037044,0.4118853932741294,0.7329407306455789,0.9090909090909091,0.9090909090909091,65.56161891430975,63.74290369353169,68.13552396552274,0.7037760536929986,1.3899492396779796,18.0,36.0
leaky,60.46221745684694,73.38550966405744,77.5057850203996,24.0,0.8,37.94717196638479,0.0,24.0,0.5,49.95285554413459,0.09,800,102,11,11,0.01375,1.0,0.0,0.7100437407557153,0.5900659602528586,0.7730405617810836,0.09090909090909091,0.09090909090909091,65.76139446563751,64.4495612303339,68.49059826282746,0.7349640172076097,1.2228900956671203,23.0,30.0
leaky,60.46221745684694,73.38550966405744,77.5057850203996,24.0,0.8,37.94717196638479,0.0,24.0,0.5,49.95285554413459,0.07,800,106,11,11,0.01375,1.0,0.0,0.7357486868041062,0.6031776748641952,0.8292936302864347,0.18181818181818182,0.18181818181818182,64.60884149982874,63.73353050251086,68.54304987792644,0.7371288847148326,1.198604969933079,23.0,31.0
leaky,60.46221745684694,73.38550966405744,77.5057850203996,24.0,0.8,37.94717196638479,0.0,24.0,0.5,49.95285554413459,0.1,800,117,11,11,0.01375,1.0,0.0,0.7053008822000475,0.5953675506575394,0.8600631629248678,0.2727272727272727,0.2727272727272727,65.25151151691858,64.20667838170692,68.61687359400763,0.7775221232496805,0.9799767753616899,22.0,31.0
leaky,59.61948226397031,72.48298208514518,76.5920768729038,24.0,0.8,37.94717196638479,0.0,26.0,0.5,54.11559350614581,0.05,800,114,11,11,0.01375,1.0,0.0,0.6703765934339769,0.5021112142404991,0.7863478845695907,0.45454545454545453,0.45454545454545453,64.89569598890367,63.31782749609101,69.32528247384603,0.7077223835858575,1.3377750958894095,21.0,34.0
leaky,58.62143827097179,73.25254640442654,77.95382242322327,24.0,1.0,34.624680981335125,0.0,28.0,0.5,58.27833146815702,0.06,800,90,11,11,0.01375,1.0,0.0,0.584371861890017,0.41132242150465675,0.8890251642004113,0.7272727272727273,0.7272727272727273,66.12212470220169,64.01306041006782,69.00101576225407,0.6980487242082211,1.4014028081538261,22.0,34.0
leaky,59.68228920657663,72.65633626492448,76.83318970219511,24.0,0.8,37.94717196638479,0.30000000000000004,12.0,0.5,24.976427772067296,0.09,800,117,11,11,0.01375,1.0,0.0,0.6367253443479056,0.5240707174564778,0.7771254202789685,0.45454545454545453,0.45454545454545453,64.62481495488116,63.4319098069946,70.53879122648358,0.6888282736593161,1.4175754726242202,22.0,32.0
leaky,58.818136711860305,73.492139044132,78.21386708515328,24.0,1.0,34.624680981335125,0.1,22.0,0.5,45.79011758212337,0.07,800,113,11,11,0.01375,1.0,0.0,0.6368415445190632,0.5056115135649327,0.70678900144697,0.45454545454545453,0.45454545454545453,65.180548586589,64.20036787313599,68.24324045826273,0.7574724083058885,1.0609706483624428,21.0,32.0
leaky,58.67691530723722,73.19781569992784,77.21692362680056,24.0,1.2000000000000002,32.5729198645453,0.5,8.0,1.5,10.214246778418289,0.01,800,94,11,11,0.01375,1.0,0.0,0.5196941657081621,0.41152934379721495,0.7531668546062731,0.8181818181818182,0.8181818181818182,65.21897141322184,64.09379436736944,67.74170310839568,0.7277490386019374,1.2334354864197852,20.0,34.0
leaky,60.463961508628714,73.44084049461848,77.64579155370532,24.0,1.0,34.624680981335125,0.6000000000000001,6.0,2.0,7.206734452718699,0.09,800,124,11,11,0.01375,1.0,0.0,0.5809171546606373,0.4457462711728409,0.6567882108203529,0.8181818181818182,0.8181818181818182,66.27370310496066,64.17533512148817,70.14235523793246,0.7412868854803996,1.1827869617713382,20.0,33.0
leaky,59.79232415537118,72.64705193811518,76.76165248521798,25.0,0.8,39.52830413165083,0.0,24.0,0.5,49.95285554413459,0.04,800,115,11,11,0.01375,1.0,0.0,0.741121195714887,0.6217548497507084,0.909423835179975,0.18181818181818182,0.18181818181818182,65.35720282801813,63.887804620587886,70.4313270618051,0.7581096654556352,1.0864028291511953,23.0,31.0
leaky,59.808974103966754,72.51650061304673,76.58710863124247,25.0,0.8,39.52830413165083,0.2,14.0,0.5,29.13916573407851,0.06,800,102,11,11,0.01375,1.0,0.0,0.7056139286229074,0.6284470807131459,0.8863551798051893,0.18181818181818182,0.18181818181818182,66.002126281171,64.48296510993814,67.37991270641648,0.7703488946802372,1.0158171691438245,23.0,31.0
leaky,58.572850548749386,73.16711901988549,77.88103140280495,25.0,1.0,36.06737602222409,0.0,26.0,0.5,54.11559350614581,0.05,800,99,11,11,0.01375,1.0,0.0,0.6766093046155192,0.5475606382749737,0.7969203470522063,0.2727272727272727,0.2727272727272727,66.53149233074001,64.05308156938315,69.68420786584261,0.7648275931977208,1.000050474536455,21.0,32.0
leaky,58.572850548749386,73.16711901988549,77.88103140280495,25.0,1.0,36.06737602222409,0.0,26.0,0.5,54.11559350614581,0.02,800,119,11,11,0.01375,1.0,0.0,0.643748656435281,0.40818505780804015,0.8125997268206206,0.45454545454545453,0.45454545454545453,65.63619403211024,63.4364360782445,69.06459405410546,0.7638047611604263,1.0188696597998081,20.0,33.0
leaky,58.712694155630544,73.24911364451943,77.94329627586265,25.0,1.0,36.06737602222409,0.1,20.0,0.5,41.62737962011216,0.05,800,108,11,11,0.01375,1.0,0.0,0.6229026213088438,0.5451485447215515,0.7745651024645286,0.5454545454545454,0.5454545454545454,65.67213129904167,64.1631895508794,70.3324210544614,0.7651701476492384,1.0258232882468992,23.0,32.0
leaky,58.535508761568934,72.62874182237516,77.14841175929514,25.0,1.0,36.06737602222409,0.2,14.0,0.5,29.13916573407851,0.02,800,111,11,11,0.01375,1.0,0.0,0.6069251287894175,0.41750117618665916,0.7375432670458886,0.6363636363636364,0.6363636363636364,65.37019815176447,63.4547094388758,68.94332441294463,0.7203344955950968,1.2777725882450914,19.0,33.0
leaky,58.99385098997739,73.30436527329712,77.91013123582542,25.0,1.0,36.06737602222409,0.2,14.0,0.5,29.13916573407851,0.04,800,121,11,11,0.01375,1.0,0.0,0.6748701303488608,0.5010652361457284,0.8832827579356423,0.45454545454545453,0.45454545454545453,65.29096089702712,63.45162659293229,70.84474968292142,0.7789970660918195,0.9667251972007431,22.0,32.0
leaky,59.64545194722858,72.52606263114873,76.73159086570367,25.0,1.0,36.06737602222409,0.6000000000000001,6.0,2.0,7.206734452718699,0.09,800,133,11,11,0.01375,1.0,0.0,0.5905540889619203,0.4440222256173234,0.7670321019687426,0.7272727272727273,0.7272727272727273,66.0412445233458,63.67819558253477,66.90298613378997,0.7375234659671682,1.1553892284856273,21.0,33.0
leaky,59.09101035477103,73.38444558974372,77.79969723761491,26.0,0.6,47.89214031433045,0.30000000000000004,16.0,1.0,23.083120654223414,0.09,800,94,11,11,0.01375,1.0,0.0,0.8083897321512312,0.5875939699338919,1.02515724894754,0.09090909090909091,0.09090909090909091,66.49721176128013,65.41014822346003,67.98515279115927,0.7383561010330779,1.1501285549500042,25.0,29.0
leaky,58.62452656617435,72.87564214178872,77.28337317716299,27.0,0.6,49.73414571103547,0.30000000000000004,16.0,1.0,23.083120654223414,0.09,800,97,11,11,0.01375,1.0,0.0,0.7930364221882551,0.6848511976276686,0.9742535435345311,0.0,0.0,65.48809663362408,63.68118023817126,66.69614539402556,0.697654800151865,1.386447801650375,24.0,29.0
leaky,59.38536758544522,72.78636462822558,76.82166994421594,28.0,0.6,51.576151107740486,0.4,12.0,1.0,17.312340490667562,0.1,800,90,11,11,0.01375,1.0,0.0,0.7996378744399204,0.733314857805404,0.975860287186002,0.0,0.0,65.73561072721884,63.64886811830563,67.9635302295342,0.7786429213738614,0.9500600848035436,25.0,28.0
leaky,59.294510160231795,73.44538737693642,77.7321599691291,29.0,0.6,53.418156504445506,0.2,16.0,1.0,23.083120654223414,0.03,800,109,11,11,0.01375,1.0,0.0,0.8599214542985165,0.7054849175152734,1.126356057166706,0.0,0.0,65.2881383656942,63.36300704384348,69.29353017412762,0.7388792628671129,1.1735660040204705,25.0,28.0
leaky,59.812334085045784,72.50637281874046,76.51412152503197,10.0,0.6,18.420053967050173,0.4,28.0,1.0,40.39546114489098,0.04,800,127,10,10,0.0125,1.0,0.0,0.451642784936801,0.3529422216408497,0.6230111195147959,1.0,1.0,66.29399485031684,64.73147385154445,69.06420979476113,0.4405754494078395,3.1898765716211224,17.5,35.5
leaky,59.25893518516581,73.35465631725813,77.64354436984755,11.0,0.6,20.262059363755192,0.6000000000000001,20.0,1.5,25.53561694604572,0.07,800,118,10,10,0.0125,1.0,0.0,0.46705413563040854,0.41263707635230484,0.7280627990301735,0.8,0.8,64.91900315228449,63.83944630508533,69.66062656985976,0.43340670839687523,3.1250756618671747,20.0,34.0
leaky,59.75733941889429,72.80122103128492,76.83121128097764,12.0,0.8,18.973585983192397,0.7000000000000001,18.0,0.5,37.464641658100945,0.1,800,86,10,10,0.0125,1.0,0.0,0.3704566136418368,0.3164745308424914,0.43677933713280404,1.0,1.0,65.9611354572323,63.67059421121236,68.75061303868243,0.43079720686744616,3.2245047310979476,16.0,38.0
leaky,58.52251281110462,73.1552957963996,77.68631109113869,13.0,0.8,20.55471814845843,0.4,28.0,1.0,40.39546114489098,0.04,800,94,10,10,0.0125,1.0,0.0,0.4161737468373332,0.29260819546091776,0.5783938538763682,1.0,1.0,65.46071469666056,64.13657592723892,70.31876121109806,0.44393340021764593,3.0993983208531546,17.0,36.5
leaky,58.7811547631715,73.15141631116555,77.55344012432607,13.0,0.8,20.55471814845843,0.6000000000000001,20.0,1.0,28.85390081777927,0.07,800,103,10,10,0.0125,1.0,0.0,0.42047145263048136,0.3296867712104317,0.5086482498459696,1.0,1.0,64.35493287474156,63.498086877375485,68.14193109346043,0.4636049776665625,2.8652873069383533,18.0,37.0
leaky,59.14873871754999,73.16632000010372,77.35184486272034,13.0,0.8,20.55471814845843,0.5,20.0,1.0,28.85390081777927,0.03,800,115,10,10,0.0125,1.0,0.0,0.38595918499400306,0.33007683536145466,0.4559074544871482,1.0,1.0,65.96841884607362,63.343892181164826,68.21072012756864,0.42588107314180346,3.231151677364431,16.5,38.5
leaky,58.98300396408562,72.7672643770191,76.9677178626612,13.0,0.8,20.55471814845843,0.8,10.0,1.0,14.426950408889635,0.1,800,88,10,10,0.0125,1.0,0.0,0.4246204428286391,0.2669515346401901,0.5765187314837339,1.0,1.0,66.51266959233902,63.596297418501074,69.18657987244069,0.4513469849603013,3.0287132838725785,17.0,37.0
leaky,58.55117653067322,73.35042767513043,77.79997512527628,14.0,1.0,20.19773057244549,0.7000000000000001,20.0,0.5,41.62737962011216,0.1,800,102,10,10,0.0125,1.0,0.0,0.35469661913174166,0.2667271526138407,0.390074844424682,1.0,1.0,65.4075934988162,63.71259473049803,67.08428956841665,0.4398698418440149,3.124267797250556,15.0,38.0
leaky,59.432833040234684,73.46873086967877,77.92358410224864,23.0,1.2000000000000002,31.21571487018925,0.6000000000000001,6.0,2.0,7.206734452718699,0.06,800,104,10,10,0.0125,1.0,0.0,0.5506187738161639,0.4207449037473994,0.7396247849314018,0.9,0.9,66.54879227652931,63.268182984299294,69.34739666037706,0.7180974250050369,1.2938970802728664,19.5,34.5
leaky,59.61948226397031,72.48298208514518,76.5920768729038,24.0,0.8,37.94717196638479,0.0,26.0,0.5,54.11559350614581,0.01,800,98,10,10,0.0125,1.0,0.0,0.6803601475289756,0.591462092800021,0.815227228583372,0.3,0.3,66.05180550504694,63.5565730003169,67.31821183092546,0.769365849907575,1.0102583384267583,21.5,32.5
leaky,60.46221745684694,73.38550966405744,77.5057850203996,24.0,0.8,37.94717196638479,0.0,24.0,0.5,49.95285554413459,0.05,800,110,10,10,0.0125,1.0,0.0,0.7227019113844955,0.5667429525843729,0.7986835629331619,0.1,0.1,66.20198543186032,64.86108318069368,70.97094096863079,0.7180950940018049,1.271212029187573,22.5,32.0
leaky,60.33937185966499,72.97620517534388,76.98369948855638,24.0,0.8,37.94717196638479,0.1,18.0,0.5,37.464641658100945,0.01,800,116,10,10,0.0125,1.0,0.0,0.6511373994333818,0.5248401724579878,0.7936373926217437,0.4,0.4,69.60634801493528,64.50446672497522,73.04405730603762,0.7343491648200177,1.2175641204454415,22.0,33.0
leaky,60.262108002619904,72.9425369439879,76.98243017113339,24.0,0.8,37.94717196638479,0.2,14.0,0.5,29.13916573407851,0.05,800,96,10,10,0.0125,1.0,0.0,0.6966418145825117,0.5548232691061565,0.8940005999519742,0.4,0.4,65.23737459022607,63.411617588259816,68.21622328928801,0.6960359568422987,1.412181675635015,22.5,32.0
leaky,60.51419442771528,73.22086114561054,77.28253981744582,24.0,0.8,37.94717196638479,0.30000000000000004,10.0,0.5,20.81368981005608,0.07,800,103,10,10,0.0125,1.0,0.0,0.7172800758340272,0.620533818466876,0.7984401682358802,0.1,0.1,65.79362479379677,63.99061586360604,71.66739121263531,0.6912934794602201,1.4205899273279219,23.0,30.5
leaky,58.60375057092886,73.18450038141201,77.87105277753506,24.0,1.0,34.624680981335125,0.1,22.0,0.5,45.79011758212337,0.05,800,100,10,10,0.0125,1.0,0.0,0.6410399284596099,0.5470409315791053,0.7166511983656694,0.3,0.3,64.16611775456252,63.646063090674986,65.95795508081977,0.7266638040936656,1.2101149767203117,21.0,31.0
leaky,58.874696371249655,72.82419222834785,77.2452798837599,24.0,1.0,34.624680981335125,0.2,14.0,0.5,29.13916573407851,0.0,800,96,10,10,0.0125,1.0,0.0,0.6312490174844074,0.5226494515697765,0.8395738990947278,0.5,0.5,65.15421386141495,64.4283412117408,66.89897166400752,0.7429869287934903,1.1174116888717485,22.0,32.5
leaky,59.11704589335494,73.18950242717787,77.66115730095177,24.0,1.0,34.624680981335125,0.2,14.0,0.5,29.13916573407851,0.01,800,110,10,10,0.0125,1.0,0.0,0.6371099169205077,0.5383091346368496,0.7824994902946443,0.5,0.5,65.67040306681847,64.25769372835535,67.84687888069695,0.7900683316795054,0.9284781393267927,22.0,32.5
leaky,58.53281567253663,73.4399185064843,78.27385791250495,24.0,1.0,34.624680981335125,0.30000000000000004,14.0,0.5,29.13916573407851,0.1,800,90,10,10,0.0125,1.0,0.0,0.5787490221064018,0.4595142426194582,0.6904535080710607,0.7,0.7,63.7594957211412,63.140480324685086,68.01324353737365,0.6421031468745738,1.7137078130015144,20.5,33.5
leaky,59.31497428842785,73.34399747095304,77.87869366763292,24.0,1.0,34.624680981335125,0.5,4.0,0.5,8.325475924022431,0.08,800,100,10,10,0.0125,1.0,0.0,0.6033893169403703,0.47758463979845833,0.8418659902552155,0.6,0.6,66.81509053285885,63.576206340052785,68.45601247387931,0.7622455245639539,1.0341653686054504,20.0,33.0
leaky,59.88120234291339,73.40986523056678,77.6405218546757,24.0,1.0,34.624680981335125,0.6000000000000001,6.0,1.5,7.660685083813717,0.09,800,115,10,10,0.0125,1.0,0.0,0.5797388205582624,0.49615099015485786,0.8507659042164555,0.7,0.7,65.95568334657654,63.94256321181169,67.49411487438576,0.7611899069284366,1.021386424676694,20.0,33.5
leaky,60.01713588720053,72.75256780419613,76.8211542648124,25.0,0.8,39.52830413165083,0.1,18.0,0.5,37.464641658100945,0.04,800,110,10,10,0.0125,1.0,0.0,0.7284059987257195,0.49806627976298856,0.9431524271797921,0.3,0.3,67.01021010234251,64.82380560556626,73.24679734522581,0.7722910675214861,0.9902379872170934,24.5,31.5
leaky,58.572850548749386,73.16711901988549,77.88103140280495,25.0,1.0,36.06737602222409,0.0,26.0,0.5,54.11559350614581,0.01,800,110,10,10,0.0125,1.0,0.0,0.7071806711799831,0.5910130201741602,0.9521051822364333,0.4,0.4,66.90166705929673,65.14077993469417,69.92250748450428,0.7486050952969904,1.1045787140872756,23.0,32.0
leaky,58.6356574913557,73.34047319966479,78.12214423209625,25.0,1.0,36.06737602222409,0.30000000000000004,12.0,0.5,24.976427772067296,0.09,800,110,10,10,0.0125,1.0,0.0,0.7122851772452862,0.5321185533608749,0.7783967404061006,0.3,0.3,64.39569507859868,63.66038687709979,67.50642623815244,0.7698631316411855,0.9975434435088395,22.5,31.5
leaky,59.212916712587315,73.33607118315362,77.6404143141873,25.0,1.0,36.06737602222409,0.6000000000000001,8.0,2.0,9.608979270291599,0.1,800,97,10,10,0.0125,1.0,0.0,0.582539787600233,0.5102928469159829,0.6825787522774199,0.7,0.7,65.88524083210571,63.94302760291552,69.37941367644639,0.7085761356937763,1.3222184643591182,22.5,33.0
leaky,59.60939352833108,73.21172388683135,77.58142235597771,25.0,1.0,36.06737602222409,0.6000000000000001,4.0,1.0,5.7707801635558535,0.1,800,112,10,10,0.0125,1.0,0.0,0.7000459172601994,0.5812114665537657,0.7831171671020215,0.4,0.4,65.66218208357624,63.83941170338565,66.65855409645329,0.7774624022637671,0.9715744379087052,22.5,31.0
leaky,59.17692864200325,72.58066579125853,76.59857855843686,26.0,0.8,41.10943629691686,0.5,8.0,1.0,11.541560327111707,0.08,800,92,10,10,0.0125,1.0,0.0,0.6525060001825536,0.5987097148285933,0.9009199778939908,0.4,0.4,67.03819344134884,63.78165227185452,68.2907736759382,0.7441241890407698,1.1261588765306212,24.0,30.0
leaky,59.440370197377575,73.32762143123642,77.52554085141176,29.0,0.6,53.418156504445506,0.30000000000000004,14.0,1.0,20.19773057244549,0.08,800,102,10,10,0.0125,1.0,0.0,0.8310321659083035,0.7321253797929197,1.137303236886388,0.0,0.0,65.58198084940707,63.59259528949477,67.30438828654216,0.7854153071482388,0.9366862048348951,25.0,28.0
leaky,58.583459817071954,72.38296547000002,76.52727056655011,29.0,0.6,53.418156504445506,0.2,16.0,1.0,23.083120654223414,0.0,800,92,10,10,0.0125,1.0,0.0,0.8698866919607087,0.6244999649630453,1.081957379901738,0.1,0.1,65.85078817867424,64.01875356097202,66.787352656181,0.7591008827147263,1.0638855516069057,26.0,26.5
leaky,59.06278176879137,73.10229292749707,77.34460313008702,29.0,0.6,53.418156504445506,0.2,16.0,1.0,23.083120654223414,0.02,800,109,10,10,0.0125,1.0,0.0,0.9169410026849345,0.693589165956261,1.0111143156013553,0.0,0.0,67.18528769614494,65.2312921214647,72.93782548995848,0.7342213891688587,1.1822841980336993,26.5,27.0
leaky,58.56772065218176,73.32607537606961,77.93818954793156,29.0,0.6,53.418156504445506,0.2,18.0,1.0,25.968510736001342,0.09,800,114,10,10,0.0125,1.0,0.0,0.97470095678341,0.7901944536089468,1.0716442032303943,0.0,0.0,64.65168678884277,63.784391272213476,68.46945283050219,0.7547336326961449,1.0840811694580421,26.5,27.5
leaky,58.88547199318313,72.99431132405135,77.27250163955914,30.0,0.6,55.26016190115052,0.2,16.0,1.0,23.083120654223414,0.03,800,87,10,10,0.0125,1.0,0.0,0.947013735252491,0.8818762177920126,1.2158014569670381,0.0,0.0,65.20593211479341,64.20131193206058,71.33551874957668,0.7702987797565146,0.9766633297020787,27.5,26.0
leaky,58.65374360174272,72.65121687461202,76.88494480051705,30.0,0.6,55.26016190115052,0.2,16.0,1.0,23.083120654223414,0.02,800,109,10,10,0.0125,1.0,0.0,0.8538997635406397,0.6944558500273181,1.1381474144420554,0.0,0.0,66.08266914621575,63.727399782129055,68.76016791642087,0.7385093075009386,1.1536310216794357,26.5,28.0
leaky,60.25558467988896,73.15099002960267,77.23662845545019,10.0,0.6,18.420053967050173,0.4,28.0,1.0,40.39546114489098,0.05,800,118,9,9,0.01125,1.0,0.0,0.4618665741223656,0.2959050091314626,0.557797199262016,1.0,1.0,65.41197219652636,63.972130720201626,67.07930063885851,0.4481471614437791,3.076173372801732,18.0,34.0
leaky,58.91424738403629,73.31621877009908,77.71722925978274,11.0,0.6,20.262059363755192,0.5,22.0,1.5,28.089178640650296,0.04,800,97,9,9,0.01125,1.0,0.0,0.46966204134803513,0.35452317868628985,0.5587686389696369,1.0,1.0,66.17369741325135,63.346160524173676,68.28169892475492,0.4519173115582942,2.923150746880246,20.0,34.0
leaky,58.66495086893368,72.4301122212596,76.56836688062586,12.0,0.8,18.973585983192397,0.5,24.0,1.0,34.624680981335125,0.03,800,117,9,9,0.01125,1.0,0.0,0.36865021376420626,0.3246144633105873,0.4862609397274822,1.0,1.0,67.15413864036368,65.80347674887959,70.04575635953444,0.4157345386323938,3.39060893999562,17.0,37.0
leaky,59.01424442140867,72.96567137679783,77.21116776306081,12.0,0.8,18.973585983192397,0.7000000000000001,18.0,1.0,25.968510736001342,0.08,800,130,9,9,0.01125,1.0,0.0,0.40294961219393977,0.31945231313774564,0.61660814632158,1.0,1.0,64.2372063492277,63.64654039171624,65.29654288016904,0.44814120616603614,3.103536690669756,17.0,36.0
leaky,58.50669977955998,73.26384476986546,77.8755644013538,13.0,0.8,20.55471814845843,0.6000000000000001,24.0,1.0,34.624680981335125,0.09,800,115,9,9,0.01125,1.0,0.0,0.4083096524877781,0.3234792922759857,0.5143840357604004,1.0,1.0,65.29739043722475,63.2603001347212,67.63853202200052,0.4281754785639492,3.1952009491143465,18.0,36.0
leaky,59.75184349574222,72.6645942499785,76.78538154646051,23.0,0.8,36.36603980111876,0.1,22.0,0.5,45.79011758212337,0.07,800,85,9,9,0.01125,1.0,0.0,0.673774913266766,0.5556747356541513,0.8938200330746685,0.4444444444444444,0.4444444444444444,65.99281908647654,64.36379784239202,68.45676954895261,0.6773572856122905,1.4817364407811744,21.0,31.0
leaky,60.3740301440405,72.65890203065777,76.67465535140491,23.0,1.0,33.18198594044616,0.6000000000000001,4.0,1.5,5.1071233892091445,0.07,800,101,9,9,0.01125,1.0,0.0,0.5103787145590918,0.47537830274391835,0.6428466092961682,0.8888888888888888,0.8888888888888888,64.72979319859337,63.81614277104774,73.6593785156435,0.714866073542173,1.2727227666673357,20.0,35.0
leaky,60.56092103730855,72.65934884743372,76.67467381011838,23.0,1.0,33.18198594044616,0.6000000000000001,4.0,2.0,4.804489635145799,0.07,800,104,9,9,0.01125,1.0,0.0,0.5966538676972079,0.4383698400860192,0.6682803722122644,0.8888888888888888,0.8888888888888888,66.93241537683147,63.56724333386765,72.15074121534083,0.7946629098910091,0.8883423697930007,20.0,33.0
leaky,59.61948226397031,72.48298208514518,76.5920768729038,24.0,0.8,37.94717196638479,0.0,26.0,0.5,54.11559350614581,0.08,800,110,9,9,0.01125,1.0,0.0,0.6853831497978103,0.5058052005661461,0.8603073464342118,0.1111111111111111,0.1111111111111111,65.48174003246312,63.6437943404713,71.49860564852646,0.7597150506428026,1.0490077090525405,22.0,32.0
leaky,60.57372227019227,73.32476102939707,77.37820548124995,24.0,0.8,37.94717196638479,0.1,18.0,0.5,37.464641658100945,0.03,800,107,9,9,0.01125,1.0,0.0,0.6619155751081623,0.5377046839476775,0.8074458365663985,0.1111111111111111,0.1111111111111111,67.47830028919941,63.94880404182466,74.33163021805129,0.7868056736062087,0.932863216387478,22.0,33.0
leaky,59.86770557226278,72.72118740727967,76.82874724360687,24.0,0.8,37.94717196638479,0.1,20.0,0.5,41.62737962011216,0.06,800,96,9,9,0.01125,1.0,0.0,0.735427906785193,0.48605257835579313,0.8834215764629959,0.2222222222222222,0.2222222222222222,64.9282282549148,63.28250753384433,68.83354255611475,0.7398691137568917,1.1775204547381075,23.0,30.0
leaky,60.68702918867629,73.49102553013839,77.56528679999403,24.0,0.8,37.94717196638479,0.1,18.0,0.5,37.464641658100945,0.04,800,113,9,9,0.01125,1.0,0.0,0.6540432170017012,0.6346496747232742,0.8936222569000505,0.1111111111111111,0.1111111111111111,65.14750279709249,64.18604131637794,67.22773555695571,0.7410787580416969,1.1469357087055314,23.0,31.0
leaky,58.62143827097179,73.25254640442654,77.95382242322327,24.0,1.0,34.624680981335125,0.0,28.0,0.5,58.27833146815702,0.08,800,97,9,9,0.01125,1.0,0.0,0.6075632263773192,0.42356066257523733,0.755303937526847,0.5555555555555556,0.5555555555555556,64.70253303411985,63.58733381508141,66.84255974204264,0.6875531112911751,1.4223291362151282,21.0,33.0
leaky,58.62143827097179,73.25254640442654,77.95382242322327,24.0,1.0,34.624680981335125,0.0,28.0,0.5,58.27833146815702,0.0,800,98,9,9,0.01125,1.0,0.0,0.7029904907004756,0.5333618849360425,0.7390100159421844,0.4444444444444444,0.4444444444444444,65.71699282812999,63.91793042380455,68.08599256591661,0.6955179266477657,1.4151427387420372,22.0,31.0
leaky,58.837045023987024,73.31616970873398,77.96538730648155,24.0,1.0,34.624680981335125,0.2,16.0,0.5,33.301903696089724,0.05,800,89,9,9,0.01125,1.0,0.0,0.6194302143193164,0.4591967138465225,0.7915193798009387,0.6666666666666666,0.6666666666666666,65.35072488057999,63.934374969319165,68.811733717823,0.6989458782598156,1.3819294932036779,18.0,34.0
leaky,58.6229625623551,72.39996187113105,76.77279269988486,24.0,1.0,34.624680981335125,0.30000000000000004,10.0,0.5,20.81368981005608,0.02,800,98,9,9,0.01125,1.0,0.0,0.5576061521213468,0.477614322435326,0.8724725239481671,0.7777777777777778,0.7777777777777778,65.9612477222272,64.36617594043705,67.12696278445188,0.7760299617562982,0.9582598477611163,20.0,34.0
leaky,58.62143827097179,73.25254640442654,77.95382242322327,24.0,1.0,34.624680981335125,0.0,28.0,0.5,58.27833146815702,0.09,800,96,9,9,0.01125,1.0,0.0,0.6283397638600793,0.5065939447587652,0.6796019744075041,0.6666666666666666,0.6666666666666666,64.89850209780764,63.49176842669266,68.98305264536528,0.7258895566433633,1.2647148126284005,20.0,33.0
leaky,58.71213027234017,73.34071107891255,78.04545827518041,24.0,1.0,34.624680981335125,0.1,22.0,0.5,45.79011758212337,0.06,800,100,9,9,0.01125,1.0,0.0,0.657943998095451,0.48023316954115874,0.7407610491280838,0.4444444444444444,0.4444444444444444,65.66432474133497,64.62861900031491,67.5248182325115,0.7137113850720723,1.2645003044553857,21.0,33.0
leaky,58.57358881257436,72.89937096887479,77.51999356092435,24.0,1.0,34.624680981335125,0.4,8.0,0.5,16.650951848044862,0.07,800,102,9,9,0.01125,1.0,0.0,0.5916448263123326,0.46584395526546324,0.7434531980262173,0.6666666666666666,0.6666666666666666,65.94522765412711,63.39265194649944,69.97265794322254,0.7265761026175491,1.2043112212772062,19.0,34.0
leaky,58.98835390244096,73.4865733340879,78.17050640362854,24.0,1.0,34.624680981335125,0.4,8.0,0.5,16.650951848044862,0.08,800,102,9,9,0.01125,1.0,0.0,0.6313204729693037,0.5166854866995081,0.7648239718624339,0.5555555555555556,0.5555555555555556,66.16495293696545,63.79978775506521,67.79115742653522,0.7406790638980084,1.1498655861893354,21.0,33.0
leaky,58.8387952709853,73.3878795127044,78.07729357250868,24.0,1.0,34.624680981335125,0.30000000000000004,12.0,0.5,24.976427772067296,0.07,800,109,9,9,0.01125,1.0,0.0,0.6071964401194276,0.5340255986425244,0.7621832411474815,0.5555555555555556,0.5555555555555556,66.416448157702,64.32182620727131,67.83294875669081,0.7364461272778143,1.1563968561740727,21.0,33.0
leaky,59.18030566004967,72.79899936237537,77.13357108904378,24.0,1.0,34.624680981335125,0.4,6.0,0.5,12.488213886033648,0.04,800,108,9,9,0.01125,1.0,0.0,0.6122433711129629,0.5013864560728959,0.735933046556775,0.5555555555555556,0.5555555555555556,67.51434886697706,65.66193521400163,69.47290043255347,0.754705429658094,1.0778161829198623,20.0,34.0
leaky,59.05666724184995,73.25812911674866,77.83948288390476,24.0,1.2000000000000002,32.5729198645453,0.6000000000000001,6.0,2.0,7.206734452718699,0.07,800,105,9,9,0.01125,1.0,0.0,0.5412089876595476,0.4172224964809393,0.6397019093189166,0.8888888888888888,0.8888888888888888,65.250123977511,64.0954880618886,68.91821242674716,0.7820958654654289,0.9419433344084372,18.0,35.0
leaky,60.12794853591132,72.91372210691168,77.00178099741697,25.0,0.8,39.52830413165083,0.1,18.0,0.5,37.464641658100945,0.05,800,111,9,9,0.01125,1.0,0.0,0.7806454035892844,0.671739982343181,0.940649430295745,0.0,0.0,65.33337913145604,63.471701133863604,71.02638961701663,0.7976818406818236,0.8681954433048404,24.0,30.0
leaky,59.84430112623952,72.48240341966829,76.5384072822642,25.0,0.8,39.52830413165083,0.30000000000000004,10.0,0.5,20.81368981005608,0.07,800,105,9,9,0.01125,1.0,0.0,0.7328728162509688,0.41419026262042713,0.7545951434088721,0.2222222222222222,0.2222222222222222,65.38660200818028,63.98050645769574,68.86941481362543,0.7550165190554351,1.0926380426886182,22.0,33.0
leaky,59.31008315949522,72.33185106263764,76.5441064166861,25.0,0.8,39.52830413165083,0.30000000000000004,12.0,0.5,24.976427772067296,0.1,800,102,9,9,0.01125,1.0,0.0,0.681803126878507,0.547898143909574,0.8427714726444764,0.3333333333333333,0.3333333333333333,65.30527077092505,63.33794340818507,69.03820379333922,0.7502608867708014,1.120742581535536,21.0,32.0
leaky,58.572850548749386,73.16711901988549,77.88103140280495,25.0,1.0,36.06737602222409,0.0,26.0,0.5,54.11559350614581,0.09,800,99,9,9,0.01125,1.0,0.0,0.6008261015163225,0.5156337698609849,0.8243020656652745,0.6666666666666666,0.6666666666666666,64.56019253663251,64.1515692555531,69.10002587830579,0.7401954105834343,1.1733383764707221,21.0,32.0
leaky,59.567776645673916,73.1860921965739,77.51629604894023,25.0,1.0,36.06737602222409,0.30000000000000004,8.0,0.5,16.650951848044862,0.02,800,111,9,9,0.01125,1.0,0.0,0.6410764373228782,0.49474635676904555,0.871909115722723,0.4444444444444444,0.4444444444444444,67.93287322901695,64.12552182520517,71.24630613877699,0.7287772178116204,1.2002779488513493,22.0,33.0
leaky,59.4929032368142,72.94694831421278,76.95720589180956,26.0,0.6,47.89214031433045,0.30000000000000004,14.0,1.0,20.19773057244549,0.04,800,87,9,9,0.01125,1.0,0.0,0.8465263261083291,0.6512211181288758,1.0345301719987,0.0,0.0,67.37963783420842,64.95354258022412,72.1893157021503,0.6902911855864623,1.4230354611043579,27.0,27.0
leaky,60.326156634859856,72.924939681758,76.94315218795823,26.0,0.8,41.10943629691686,0.1,16.0,0.5,33.301903696089724,0.02,800,114,9,9,0.01125,1.0,0.0,0.7044752242637411,0.6258181083669363,0.8196626248684211,0.1111111111111111,0.1111111111111111,67.9873589684515,64.34427005885381,72.49215583761828,0.7300703035509855,1.1976423245199543,23.0,31.0
leaky,60.00978417822036,72.9409509425702,77.1007550398915,26.0,0.8,41.10943629691686,0.1,18.0,0.5,37.464641658100945,0.1,800,108,9,9,0.01125,1.0,0.0,0.7808031520430472,0.6121576607683427,0.9172045299929409,0.1111111111111111,0.1111111111111111,64.57073724297378,63.42784128814573,67.06738579098342,0.7752827323942283,0.9827619319200958,23.0,29.0
leaky,59.3617016129789,73.13050692415212,77.1655282828172,26.0,0.8,41.10943629691686,0.4,10.0,1.0,14.426950408889635,0.04,800,93,9,9,0.01125,1.0,0.0,0.7068813189225408,0.5783906223462232,0.8973300756054328,0.1111111111111111,0.1111111111111111,66.47356205366177,64.12829703403251,68.06768270032933,0.7274548665653033,1.239169201096506,23.0,30.0
leaky,58.69102983574308,73.02675167463997,77.6892359040773,26.0,1.0,37.51007106311305,0.30000000000000004,10.0,0.5,20.81368981005608,0.07,800,100,9,9,0.01125,1.0,0.0,0.7060121124663596,0.48117756708992554,0.8087399866648749,0.2222222222222222,0.2222222222222222,65.8200876902296,63.51492376234067,67.4479124491485,0.7962503913381587,0.8628276177058153,22.0,32.0
leaky,58.79124376892264,72.30784579086301,76.63403760567057,26.0,1.0,37.51007106311305,0.30000000000000004,8.0,0.5,16.650951848044862,0.02,800,126,9,9,0.01125,1.0,0.0,0.6286009883123013,0.53340540258202,0.8643118259105192,0.5555555555555556,0.5555555555555556,66.48945320593742,64.28063396844965,67.52802221155201,0.8154278018749023,0.8133090801459643,21.0,33.0
leaky,58.73298577468162,73.16322723946858,77.4297897415733,29.0,0.8,45.85283279271496,0.30000000000000004,12.0,1.0,17.312340490667562,0.02,800,98,9,9,0.01125,1.0,0.0,0.8151506499118336,0.678633200446872,1.0021009069692464,0.0,0.0,65.0127451121158,63.51863489738275,70.59164206713992,0.7602578417750003,1.0282476800635982,25.0,30.0
leaky,60.63684157339419,73.2562102198971,77.26205729304041,9.0,0.6,16.578048570345157,0.5,28.0,1.0,40.39546114489098,0.07,800,114,8,8,0.01,1.0,0.0,0.40030435910306017,0.3487520496959827,0.4668194876209827,1.0,1.0,65.58346357290785,64.2731650704501,71.22428048539133,0.44228559123898514,3.161865110619887,17.0,36.5
leaky,59.75115174152447,72.67557839928801,76.81590986253364,10.0,0.6,18.420053967050173,0.5,28.0,1.0,40.39546114489098,0.08,800,107,8,8,0.01,1.0,0.0,0.44278554315230845,0.40827924751874245,0.513104703462767,1.0,1.0,65.41302876033225,63.90513344139813,73.4354599538104,0.46107275610313825,2.970664433573996,18.5,35.0
leaky,59.1641628162636,73.0303881854869,77.08346206186141,11.0,0.6,20.262059363755192,0.5,20.0,1.5,25.53561694604572,0.02,800,98,8,8,0.01,1.0,0.0,0.4426598429003952,0.3536158416476413,0.5880873703518851,1.0,1.0,64.98399317792999,63.52628904286283,66.78605083348441,0.42779642842050003,3.2520649873069982,19.0,35.0
leaky,58.90814328607104,72.64912367133763,76.74325688436286,12.0,0.8,18.973585983192397,0.4,26.0,1.0,37.51007106311305,0.0,800,105,8,8,0.01,1.0,0.0,0.37751629828674027,0.3558433132518523,0.42850871003768265,1.0,1.0,65.81754756870582,64.10208187974517,67.34666787062547,0.44888257185536273,3.0092292292884983,16.5,38.0
leaky,58.74809988715674,72.69045405944897,76.92946772196007,12.0,0.8,18.973585983192397,0.6000000000000001,22.0,1.0,31.739290899557197,0.06,800,129,8,8,0.01,1.0,0.0,0.40995661085558255,0.33229246150004943,0.4737762717240851,1.0,1.0,64.66566578961738,63.6097029740133,70.32634671821906,0.431738055413045,3.229718879504265,16.5,37.0
leaky,59.58688162102512,72.95502317112764,76.96574823746157,12.0,0.8,18.973585983192397,0.8,10.0,1.0,14.426950408889635,0.09,800,130,8,8,0.01,1.0,0.0,0.4068278082596486,0.33803887242330133,0.48398627701662655,1.0,1.0,65.10449476109068,64.41170009752948,69.5646255449256,0.45682229925688167,2.998035634144066,17.0,37.0
leaky,58.53230526838454,73.22702556593012,77.47538173002073,13.0,0.8,20.55471814845843,0.7000000000000001,16.0,1.5,20.428493556836578,0.07,800,103,8,8,0.01,1.0,0.0,0.40357335541954986,0.3415089770879894,0.4919378990555029,1.0,1.0,64.8251858062859,64.28012655664044,69.42710087481233,0.44745969698495514,3.0997593922587012,17.5,36.0
leaky,59.08183096167168,73.40812665238744,77.79445523951428,13.0,0.8,20.55471814845843,0.7000000000000001,16.0,1.0,23.083120654223414,0.09,800,96,8,8,0.01,1.0,0.0,0.39327558427062614,0.324524784464464,0.5623178583930717,1.0,1.0,64.73883053119856,64.08367738238631,67.18605816997211,0.4801874183891888,2.7379905509258027,17.5,36.0
leaky,59.308228810197406,73.1203768777568,77.12183533759476,13.0,1.0,18.755035531556526,0.6000000000000001,26.0,0.5,54.11559350614581,0.07,800,109,8,8,0.01,1.0,0.0,0.3307874029536544,0.2843765536943206,0.38000187593581874,1.0,1.0,64.83367747552973,63.20857663296581,66.94495538804438,0.4332225321876483,3.2089284739261696,14.0,39.5
leaky,58.7073033711475,72.75049845282231,76.86088109930105,13.0,1.0,18.755035531556526,0.7000000000000001,20.0,0.5,41.62737962011216,0.08,800,119,8,8,0.01,1.0,0.0,0.32612553333330796,0.2884940251741329,0.44840559576975697,1.0,1.0,66.31214982135575,63.66191714953044,68.9526117041666,0.4431612515549619,3.1419484617857973,16.0,39.0
leaky,60.755844346260744,73.22806897100006,77.23548598820864,23.0,0.8,36.36603980111876,0.5,4.0,0.5,8.325475924022431,0.09,800,118,8,8,0.01,1.0,0.0,0.6234104894158635,0.5038154894359246,0.729382305252968,0.625,0.625,67.5238425727826,64.60521240808421,70.29272540920597,0.6881069350945287,1.4482780718937533,20.0,34.0
leaky,58.62143827097179,73.25254640442654,77.95382242322327,24.0,1.0,34.624680981335125,0.0,28.0,0.5,58.27833146815702,0.03,800,98,8,8,0.01,1.0,0.0,0.6671739859938072,0.5847555672982178,0.7202309698097458,0.25,0.25,64.9930614084494,63.81181674983738,69.7222387876007,0.7701996485075182,1.0287820468681679,21.0,32.0
leaky,58.97055514951572,72.91460354529005,77.354127958448,24.0,1.0,34.624680981335125,0.30000000000000004,10.0,0.5,20.81368981005608,0.03,800,98,8,8,0.01,1.0,0.0,0.6175156410845878,0.5016782231196991,0.7536450685861802,0.625,0.625,65.33387306487644,63.379216829347094,70.31301163474993,0.7847419146953555,0.9528807949670102,21.0,32.5
leaky,59.33375842607883,73.25800320483194,77.83946781767503,24.0,1.2000000000000002,32.5729198645453,0.6000000000000001,4.0,1.5,5.1071233892091445,0.07,800,121,8,8,0.01,1.0,0.0,0.501342284816673,0.4497231304079676,0.6025334244946393,1.0,1.0,65.83066761188485,63.915617479328205,68.35640527877815,0.7774809273156258,0.9723586049182983,19.0,36.5
leaky,59.79232415537118,72.64705193811518,76.76165248521798,25.0,0.8,39.52830413165083,0.0,24.0,0.5,49.95285554413459,0.03,800,105,8,8,0.01,1.0,0.0,0.7109747318468926,0.6175319342057694,0.9323511487292845,0.25,0.25,65.49929714172474,64.07178652417788,68.48356115582317,0.7909481235709128,0.887512050769873,23.5,31.0
leaky,59.79232415537118,72.64705193811518,76.76165248521798,25.0,0.8,39.52830413165083,0.0,24.0,0.5,49.95285554413459,0.08,800,99,8,8,0.01,1.0,0.0,0.7482341781628024,0.5706176350032272,0.8317258934310106,0.25,0.25,69.05326692649635,63.507301786108066,74.14296351174286,0.7662553508919623,1.0420088458120627,23.0,31.5
leaky,59.79232415537118,72.64705193811518,76.76165248521798,25.0,0.8,39.52830413165083,0.0,24.0,0.5,49.95285554413459,0.06,800,106,8,8,0.01,1.0,0.0,0.6789457230260179,0.6072004351584219,0.8877606388420877,0.25,0.25,66.49883409361229,63.9703120725575,71.44275931521199,0.7841574308382038,0.9479598696737981,23.0,32.5
leaky,60.84457393073017,73.45545557084779,77.45763174568336,25.0,0.8,39.52830413165083,0.1,16.0,0.5,33.301903696089724,0.01,800,92,8,8,0.01,1.0,0.0,0.6847751326931235,0.5887569874149294,0.7858972694594519,0.25,0.25,64.94184738707693,64.14902899050351,66.80479223377435,0.7460605668369529,1.1237934161395178,22.0,32.0
leaky,59.79232415537118,72.64705193811518,76.76165248521798,25.0,0.8,39.52830413165083,0.0,24.0,0.5,49.95285554413459,0.09,800,105,8,8,0.01,1.0,0.0,0.7246562502410892,0.6325569815730488,0.8297775079001706,0.125,0.125,66.7647448946507,65.01377142983996,71.76359912148158,0.7399957819522187,1.1779254263157086,22.0,31.5
leaky,59.658067290301965,73.32303241440786,77.63641966601924,25.0,1.0,36.06737602222409,0.6000000000000001,6.0,1.5,7.660685083813717,0.1,800,101,8,8,0.01,1.0,0.0,0.5952732120602795,0.52228408783035,0.822958709430459,0.75,0.75,65.90294639403315,63.95848557263327,68.26540473735594,0.7235361656062809,1.2517861846283098,20.5,33.5
leaky,60.44202083058006,73.09648690647768,77.13693060747929,26.0,0.8,41.10943629691686,0.1,16.0,0.5,33.301903696089724,0.03,800,93,8,8,0.01,1.0,0.0,0.7049492861301376,0.6136392600514092,0.8152010632185238,0.25,0.25,65.96440883017773,65.36000869786764,68.34259165389084,0.7733462326369114,1.0032628972004107,23.0,31.0
leaky,59.822769397332685,72.6422504516751,76.7822514989558,26.0,0.8,41.10943629691686,0.30000000000000004,10.0,0.5,20.81368981005608,0.09,800,110,8,8,0.01,1.0,0.0,0.6866833578127867,0.5688384192866487,0.9184728106693806,0.25,0.25,67.68508506621286,64.63904509060609,72.82820445284042,0.7706468755621818,1.0053244616052888,23.5,31.5
leaky,58.63905286487474,73.19140019308686,77.91248110703108,26.0,1.0,37.51007106311305,0.0,24.0,0.5,49.95285554413459,0.0,800,105,8,8,0.01,1.0,0.0,0.7229288579644164,0.6429262120795429,0.9214115878600744,0.0,0.0,64.4360126255709,63.40555256755586,69.38407307818963,0.7374506412824157,1.1615273738988436,23.0,29.5
leaky,59.59146601726296,72.40543320766886,76.53397554164266,26.0,0.8,41.10943629691686,0.2,14.0,0.5,29.13916573407851,0.08,800,118,8,8,0.01,1.0,0.0,0.6676465608202911,0.5222856722845297,0.817929755143283,0.375,0.375,64.24942296563336,63.780165141891516,67.28221525948078,0.7453435627939795,1.1187337837836842,22.0,32.5
leaky,58.97467724541488,73.45807036188336,78.15260961923005,26.0,1.0,37.51007106311305,0.1,18.0,0.5,37.464641658100945,0.05,800,94,8,8,0.01,1.0,0.0,0.7589597695225878,0.5516096085794201,0.9201922016268053,0.125,0.125,64.64423743336334,63.39630269369495,68.10375628213951,0.7632164299325063,1.0586260120151305,22.5,32.0
leaky,59.180552064995396,72.65866566221737,76.72534179825043,26.0,1.0,37.51007106311305,0.5,6.0,1.0,8.656170245333781,0.05,800,114,8,8,0.01,1.0,0.0,0.628265115960193,0.556949919504502,0.7405937011037946,0.5,0.5,65.90202795134107,64.30497985114845,69.30869535048414,0.753288527689017,1.098107140098191,22.0,33.0
leaky,59.19860073525295,73.09668744284815,77.20022053109143,27.0,0.8,42.690568462182895,0.4,10.0,1.0,14.426950408889635,0.05,800,95,8,8,0.01,1.0,0.0,0.7786588903655705,0.49489916343835855,1.0163390318495897,0.125,0.125,64.98054664308741,63.77672443344962,71.12075486065298,0.7899001566598363,0.9199150385433168,23.5,30.5
leaky,59.556105845548785,73.35627051034768,77.51500440928766,28.0,0.6,51.576151107740486,0.30000000000000004,14.0,1.0,20.19773057244549,0.07,800,99,8,8,0.01,1.0,0.0,0.7662589546832675,0.6219828849863358,0.919124892557239,0.125,0.125,65.16149810822503,63.28150864053612,68.20258012166357,0.6348103958607892,1.7347787742403817,25.0,28.0
leaky,58.72025821292897,72.43614360444153,76.57799788981367,30.0,0.6,55.26016190115052,0.30000000000000004,14.0,1.0,20.19773057244549,0.07,800,82,8,8,0.01,1.0,0.0,0.8623364706771692,0.7050000903706629,1.0573159041459852,0.0,0.0,64.87053017746294,63.60961814784446,69.09191917165839,0.7644841553910802,1.0232585248339006,25.5,27.0
leaky,59.987151272511746,72.55098408304636,76.57504311144918,9.0,0.6,16.578048570345157,0.6000000000000001,28.0,1.0,40.39546114489098,0.09,800,119,7,7,0.00875,1.0,0.0,0.4352488922414158,0.31965842669302075,0.49334478873064586,1.0,1.0,67.2024284417793,63.507399510921104,71.30520225794962,0.4309110873378319,3.1723753557717607,20.0,35.0
leaky,60.258315015475446,73.38719469348852,77.60118772180213,10.0,0.6,18.420053967050173,0.5,28.0,1.0,40.39546114489098,0.09,800,115,7,7,0.00875,1.0,0.0,0.4749058166293122,0.4105424573794964,0.6055902282873877,1.0,1.0,67.06711806475408,65.25592980027713,69.3127339015336,0.44484126579347943,3.0523001495097817,20.0,36.0
leaky,58.95117837109298,72.87153856597001,77.16633082988939,11.0,0.8,17.392453817926363,0.7000000000000001,26.0,1.0,37.51007106311305,0.09,800,130,7,7,0.00875,1.0,0.0,0.4040499042634316,0.3223910676542862,0.48550671546599583,1.0,1.0,66.74439177504831,63.29540830674361,68.27371310611058,0.4527373766683479,2.972382401018523,17.0,37.0
leaky,59.39284233028161,73.37974406899765,77.5750117187466,12.0,0.8,18.973585983192397,0.4,26.0,1.0,37.51007106311305,0.01,800,118,7,7,0.00875,1.0,0.0,0.3909025843810998,0.35268601878815947,0.48434878652172103,1.0,1.0,65.38678862056636,63.85223317292123,66.33529827994693,0.41915617158897045,3.375424703255744,16.0,37.0
leaky,59.03798667359192,73.15639041648284,77.4214561400049,13.0,0.8,20.55471814845843,0.6000000000000001,18.0,1.0,25.968510736001342,0.06,800,100,7,7,0.00875,1.0,0.0,0.42619361314973875,0.32024859710931897,0.480034226775477,1.0,1.0,64.38256291418821,63.70966610032402,66.49560889684139,0.4515421514249403,3.0767780034121412,19.0,36.0
leaky,59.05347535999271,73.11289949384725,77.22473836151342,13.0,1.0,18.755035531556526,0.7000000000000001,18.0,0.5,37.464641658100945,0.08,800,107,7,7,0.00875,1.0,0.0,0.33529151769420457,0.2928163607470621,0.4085733362619687,1.0,1.0,66.59138181568684,63.31171469951764,67.74291552954611,0.4497074542021956,3.0957202512382476,14.0,40.0
leaky,59.10818090597827,73.42029755584396,77.63145537350053,13.0,1.0,18.755035531556526,0.7000000000000001,22.0,0.5,45.79011758212337,0.09,800,93,7,7,0.00875,1.0,0.0,0.3267047836512764,0.28952967921151557,0.43979161517884063,1.0,1.0,65.5567747459549,63.478012554468265,67.04924025056208,0.4364498076145117,3.1475515919584094,17.0,39.0
leaky,60.46221745684694,73.38550966405744,77.5057850203996,24.0,0.8,37.94717196638479,0.0,24.0,0.5,49.95285554413459,0.0,800,104,7,7,0.00875,1.0,0.0,0.735254936686093,0.6094266309028815,0.8961014977226659,0.14285714285714285,0.14285714285714285,67.32361064003292,65.02260739870498,69.49931200919153,0.7354544594250215,1.201016390348693,23.0,31.0
leaky,60.457858074472064,73.1532138046774,77.1844270617289,24.0,0.8,37.94717196638479,0.1,18.0,0.5,37.464641658100945,0.02,800,105,7,7,0.00875,1.0,0.0,0.6885822297706445,0.6438566559592752,0.8703530691526193,0.0,0.0,64.63426677282389,63.734426329210955,67.86718073612107,0.7836785596391836,0.9269097318003873,22.0,31.0
leaky,60.178835939039764,73.1617392226425,77.31683983610948,24.0,0.8,37.94717196638479,0.1,20.0,0.5,41.62737962011216,0.09,800,119,7,7,0.00875,1.0,0.0,0.6949864369319115,0.5147330976001336,0.7739524315325463,0.2857142857142857,0.2857142857142857,65.6979415104864,63.31849406891195,70.87869221064301,0.7762077739069908,0.9984369885679999,21.0,32.0
leaky,59.66730327949493,73.02187887379804,77.20449789163655,24.0,1.0,34.624680981335125,0.30000000000000004,8.0,0.5,16.650951848044862,0.0,800,117,7,7,0.00875,1.0,0.0,0.596765533443649,0.40775459180399837,0.6634073925632057,0.7142857142857143,0.7142857142857143,66.91235142278748,64.75890991178919,69.49429106713563,0.6939241185418977,1.3757993897236391,20.0,34.0
leaky,59.79232415537118,72.64705193811518,76.76165248521798,25.0,0.8,39.52830413165083,0.0,24.0,0.5,49.95285554413459,0.02,800,110,7,7,0.00875,1.0,0.0,0.7172384516061463,0.6212628641608762,0.8920090248076404,0.14285714285714285,0.14285714285714285,66.37265795827905,65.62661925808557,67.02387324130318,0.7215330279848294,1.2504216144328302,23.0,30.0
leaky,59.508942637564004,72.42328149670024,76.57270730092786,25.0,0.8,39.52830413165083,0.1,20.0,0.5,41.62737962011216,0.09,800,105,7,7,0.00875,1.0,0.0,0.7168506412729344,0.5944861557672529,0.9283118156364958,0.14285714285714285,0.14285714285714285,65.67450547197762,64.56387790174782,67.12868250274619,0.743415048019617,1.136034435482387,23.0,30.0
leaky,60.020986983007035,72.81935654348564,76.92392625118822,25.0,0.8,39.52830413165083,0.2,14.0,0.5,29.13916573407851,0.07,800,112,7,7,0.00875,1.0,0.0,0.7729100830754358,0.6416518615183415,0.9214401690773969,0.0,0.0,65.74400043093029,63.415121168101656,68.67339837539467,0.8046328182253565,0.8400440728867814,23.0,29.0
leaky,60.431234837520726,73.39760424377238,77.56329381624771,25.0,0.8,39.52830413165083,0.2,14.0,0.5,29.13916573407851,0.09,800,106,7,7,0.00875,1.0,0.0,0.662433522039005,0.5503994426823887,0.7659816690994927,0.42857142857142855,0.42857142857142855,65.40713497231705,64.46040184708745,66.51575623181171,0.7011698483290459,1.372274372884491,23.0,31.0
leaky,60.34233467684277,73.22136076963167,77.3445953050352,25.0,0.8,39.52830413165083,0.1,18.0,0.5,37.464641658100945,0.07,800,126,7,7,0.00875,1.0,0.0,0.6951532324367728,0.6653047404367455,0.8452539980329841,0.0,0.0,66.56278692882013,64.41642389919414,70.1070980498537,0.7517256299940468,1.11044319007355,23.0,32.0
leaky,58.572850548749386,73.16711901988549,77.88103140280495,25.0,1.0,36.06737602222409,0.0,26.0,0.5,54.11559350614581,0.0,800,103,7,7,0.00875,1.0,0.0,0.6374796251641515,0.48992887031282784,0.7777940550590032,0.42857142857142855,0.42857142857142855,66.40583190986796,64.57567369054591,67.76748431215344,0.7880636792378517,0.9109756121944343,21.0,33.0
leaky,58.572850548749386,73.16711901988549,77.88103140280495,25.0,1.0,36.06737602222409,0.0,26.0,0.5,54.11559350614581,0.08,800,98,7,7,0.00875,1.0,0.0,0.7121719820165621,0.6092776694231518,0.7836323863833173,0.14285714285714285,0.14285714285714285,64.60737025836009,63.94593168266631,66.67846424617831,0.7631657872180597,1.0027213002112063,23.0,32.0
leaky,58.572850548749386,73.16711901988549,77.88103140280495,25.0,1.0,36.06737602222409,0.0,26.0,0.5,54.11559350614581,0.06,800,113,7,7,0.00875,1.0,0.0,0.6268107800800551,0.5648350297712353,0.8727154244024747,0.5714285714285714,0.5714285714285714,64.09938011168725,63.788263903602015,68.39909554469732,0.6766507631631699,1.507257495236023,21.0,31.0
leaky,58.572850548749386,73.16711901988549,77.88103140280495,25.0,1.0,36.06737602222409,0.0,26.0,0.5,54.11559350614581,0.04,800,121,7,7,0.00875,1.0,0.0,0.6628440484425387,0.57559881152667,0.7063318251142443,0.42857142857142855,0.42857142857142855,64.43233349392754,63.595895774703976,68.83497333760592,0.7461522930815585,1.1387878782506347,22.0,32.0
leaky,58.8050466934927,72.52883870976783,76.94187733146035,25.0,1.0,36.06737602222409,0.4,6.0,0.5,12.488213886033648,0.05,800,108,7,7,0.00875,1.0,0.0,0.6163511557645425,0.5340976571047574,0.708260752467718,0.5714285714285714,0.5714285714285714,64.30319402940928,63.416846899294335,66.61785616702971,0.7763993168504185,0.9873107204177202,21.0,33.0
leaky,59.003628000978686,73.14083590168379,77.74977083889975,25.0,1.0,36.06737602222409,0.5,4.0,0.5,8.325475924022431,0.09,800,120,7,7,0.00875,1.0,0.0,0.6725150352589296,0.6092031546762318,0.773768170201248,0.14285714285714285,0.14285714285714285,64.39588313387438,64.11027809848676,68.80183420826054,0.7980684973531306,0.8789406349436136,21.0,32.0
leaky,58.52049701315571,73.28773545706724,77.73081567812275,25.0,1.2000000000000002,33.93012485890136,0.5,6.0,1.0,8.656170245333781,0.03,800,89,7,7,0.00875,1.0,0.0,0.568008022587196,0.44621713212383013,0.672430119553012,0.8571428571428571,0.8571428571428571,67.71621197586941,65.91216991194511,70.73720920883693,0.7653772437298213,1.0406512909237484,20.0,34.0
leaky,60.24082645601729,73.35400767845957,77.64168936504888,25.0,1.0,36.06737602222409,0.6000000000000001,6.0,2.0,7.206734452718699,0.1,800,123,7,7,0.00875,1.0,0.0,0.6201552731899165,0.53770924078217,0.7954317284946941,0.5714285714285714,0.5714285714285714,65.41709180344547,64.58494838877195,67.71960690210662,0.7632221622999562,1.0678208724485245,23.0,33.0
leaky,58.56270036856753,72.179557841571,76.77524725635479,25.0,1.2000000000000002,33.93012485890136,0.6000000000000001,4.0,2.0,4.804489635145799,0.07,800,112,7,7,0.00875,1.0,0.0,0.5124923153475045,0.4377869429991295,0.7159578834159482,0.8571428571428571,0.8571428571428571,67.58192370303153,65.12318324777473,73.56451860279986,0.7726370464439545,0.9757092561722295,19.0,35.0
leaky,58.720865925870505,73.06004048453141,77.75101312792735,25.0,1.2000000000000002,33.93012485890136,0.6000000000000001,6.0,2.0,7.206734452718699,0.08,800,116,7,7,0.00875,1.0,0.0,0.4907871849451628,0.4367822896368108,0.5866680235716374,1.0,1.0,67.32056419971963,64.47327719254977,69.26792533714296,0.7744306749649139,0.9860179738601151,19.0,36.0
leaky,59.383891287245014,73.4985099578815,78.04518016337107,26.0,1.0,37.51007106311305,0.2,12.0,0.5,24.976427772067296,0.03,800,104,7,7,0.00875,1.0,0.0,0.7204967084544285,0.5817217401869799,0.784957189523502,0.42857142857142855,0.42857142857142855,64.85434907857262,63.72964177077343,65.66998714350422,0.7529281451690409,1.0692581287933045,22.0,32.0
leaky,58.83286065157981,72.33347748112047,76.69916391270803,26.0,1.0,37.51007106311305,0.6000000000000001,4.0,1.0,5.7707801635558535,0.1,800,102,7,7,0.00875,1.0,0.0,0.5271715139865535,0.467182792398131,0.7216423448479558,0.8571428571428571,0.8571428571428571,66.9505524980069,64.42674605732941,72.4512589853558,0.7782124000317271,0.9491792149426518,19.0,35.0
leaky,59.00210365314303,73.4671534485498,78.17712053610543,26.0,1.0,37.51007106311305,0.30000000000000004,10.0,0.5,20.81368981005608,0.08,800,128,7,7,0.00875,1.0,0.0,0.7448308921868477,0.6723658344716712,0.8380982406042383,0.0,0.0,64.77735495220509,64.29897595285465,66.75807107479912,0.7562830442328178,1.079986144755218,23.0,31.0
leaky,58.540442409795666,73.09860617208545,77.86284985386612,27.0,1.0,38.952766104002016,0.2,14.0,0.5,29.13916573407851,0.09,800,113,7,7,0.00875,1.0,0.0,0.6723067244862873,0.5790963256757831,0.7806797683979197,0.2857142857142857,0.2857142857142857,63.884848613912,63.55081263910971,66.41398643403808,0.7951927836826025,0.9122288206086195,21.0,32.0
leaky,59.05411565160337,73.0704631873787,77.2359684657521,28.0,0.8,44.27170062744893,0.4,10.0,1.0,14.426950408889635,0.06,800,96,7,7,0.00875,1.0,0.0,0.8283365991290965,0.6105012505163676,0.9007851996425632,0.14285714285714285,0.14285714285714285,64.49725319062877,63.534616711606965,66.21902093875595,0.7893991968739776,0.9201200527746904,24.0,29.0
leaky,58.995881978080895,72.65273255391361,76.7925830957616,28.0,0.8,44.27170062744893,0.5,8.0,1.0,11.541560327111707,0.1,800,110,7,7,0.00875,1.0,0.0,0.8537175595277811,0.6683729367280209,0.9929643924115451,0.0,0.0,68.68465973642836,66.14921572171542,70.68960245170015,0.7638025082073242,1.014397984704944,25.0,28.0
leaky,59.95206912910598,72.7682789160381,76.83906450312385,10.0,0.6,18.420053967050173,0.5,26.0,1.0,37.51007106311305,0.07,800,107,6,6,0.0075,1.0,0.0,0.44340575583367253,0.35526253462780955,0.485629901919468,1.0,1.0,67.20405741261168,63.668506035936545,68.93484741069477,0.43295926622952297,3.133014075487893,18.5,36.0
leaky,59.044529602384074,73.25779219966991,77.77211287969327,10.0,0.6,18.420053967050173,0.6000000000000001,24.0,1.5,30.642740335254867,0.08,800,122,6,6,0.0075,1.0,0.0,0.43485667533007877,0.35700563701210264,0.6173687561004942,1.0,1.0,64.52938748627997,63.58268076488301,66.01988658699285,0.4255080315438615,3.304743775514302,18.0,34.0
leaky,60.31098753714359,72.9872615756924,76.98865374190542,10.0,0.6,18.420053967050173,0.7000000000000001,18.0,1.0,25.968510736001342,0.1,800,109,6,6,0.0075,1.0,0.0,0.4012811014654937,0.3765892517157186,0.5556933691453014,1.0,1.0,68.11286935857234,65.93402134425331,71.37651141293776,0.43018216074880716,3.1248297064094404,18.5,37.0
leaky,59.64403829927818,73.49517779901156,77.72650937845151,11.0,0.6,20.262059363755192,0.7000000000000001,18.0,1.5,22.98205525144115,0.1,800,86,6,6,0.0075,1.0,0.0,0.4669987693093548,0.4298225708917514,0.5236550394193756,1.0,1.0,65.50944414340644,63.63432898940876,71.57370423966215,0.4572865968196519,3.016433957233657,19.0,33.5
leaky,58.97371985650041,72.54516942004143,76.56317957680565,12.0,0.8,18.973585983192397,0.5,22.0,1.0,31.739290899557197,0.02,800,109,6,6,0.0075,1.0,0.0,0.42513053648074983,0.3364076996779069,0.5375625980590187,1.0,1.0,66.15385788108607,64.05251467407066,68.13614067486154,0.47342791252662486,2.8619396447783902,17.5,36.5
leaky,59.231485461353785,73.26143472496616,77.50377347434629,12.0,0.8,18.973585983192397,0.5,24.0,1.0,34.624680981335125,0.04,800,119,6,6,0.0075,1.0,0.0,0.4655877078978532,0.30357013717783704,0.49920167176514674,1.0,1.0,67.28905776111702,65.85207599799526,69.8863937530867,0.5099643073351972,2.586345375621923,19.5,35.5
leaky,58.672272779321645,73.28700893265676,77.44110916761805,12.0,0.8,18.973585983192397,0.8,16.0,2.0,19.217958540583197,0.09,800,108,6,6,0.0075,1.0,0.0,0.3836103153981467,0.3032811444157344,0.5392694967031092,1.0,1.0,65.76904470401402,64.80817208188493,66.89617582502424,0.42101222904336627,3.2781976449292056,16.0,36.5
leaky,59.64532288734805,73.48138790932171,77.48731859659308,13.0,1.0,18.755035531556526,0.6000000000000001,24.0,0.5,49.95285554413459,0.07,800,107,6,6,0.0075,1.0,0.0,0.3445307234145698,0.28190726366544355,0.38343605222261856,1.0,1.0,67.38065996742904,64.43412165073349,70.83642920939656,0.42253161488763846,3.3183186395541746,14.0,38.5
leaky,59.223932652201334,72.44461714994966,76.64319111351196,24.0,1.0,34.624680981335125,0.6000000000000001,4.0,1.0,5.7707801635558535,0.08,800,94,6,6,0.0075,1.0,0.0,0.5781334570009478,0.47869655291728064,0.7950925845115732,0.6666666666666666,0.6666666666666666,65.3187923137416,64.01036392006252,71.6661846426745,0.7335983960047985,1.1738340265964147,18.5,35.0
leaky,60.319347657384476,72.58722184643712,76.70346151506686,24.0,1.0,34.624680981335125,0.6000000000000001,4.0,2.0,4.804489635145799,0.08,800,108,6,6,0.0075,1.0,0.0,0.5719012461788,0.5474098710053006,0.7213505782088353,0.6666666666666666,0.6666666666666666,65.48705500226714,64.91025426463048,67.92421127054993,0.7977212071168898,0.8832393577911588,20.0,33.0
leaky,59.79232415537118,72.64705193811518,76.76165248521798,25.0,0.8,39.52830413165083,0.0,24.0,0.5,49.95285554413459,0.01,800,76,6,6,0.0075,1.0,0.0,0.7402687913645167,0.6083903240592357,0.8543092523523568,0.3333333333333333,0.3333333333333333,64.40014175492136,63.69274448102505,69.76811880663558,0.7919695366906657,0.8886262888781642,22.0,31.5
leaky,59.79232415537118,72.64705193811518,76.76165248521798,25.0,0.8,39.52830413165083,0.0,24.0,0.5,49.95285554413459,0.0,800,108,6,6,0.0075,1.0,0.0,0.7185113171195187,0.5131273253742477,0.8798095168848923,0.16666666666666666,0.16666666666666666,65.30887952874679,64.30562316685345,69.01540669249138,0.7453394426137527,1.1371280085946442,22.0,31.5
leaky,59.79232415537118,72.64705193811518,76.76165248521798,25.0,0.8,39.52830413165083,0.0,24.0,0.5,49.95285554413459,0.1,800,105,6,6,0.0075,1.0,0.0,0.6770493366166672,0.5839068391581642,0.7771572057466931,0.3333333333333333,0.3333333333333333,64.93949255522169,63.78439279621976,65.73405403233092,0.7728600114944264,1.0034863692091207,21.5,30.5
leaky,59.52064931934688,73.2584500216079,77.8394862763885,24.0,1.2000000000000002,32.5729198645453,0.6000000000000001,4.0,2.0,4.804489635145799,0.07,800,133,6,6,0.0075,1.0,0.0,0.5246162184567784,0.5044385872577088,0.6231348652669044,1.0,1.0,65.64463369488253,65.0907157443189,68.96079741816072,0.7650259196754895,1.024699791076855,19.0,35.0
leaky,59.60817172236212,72.56127233791871,76.72439038415206,25.0,0.8,39.52830413165083,0.1,20.0,0.5,41.62737962011216,0.1,800,100,6,6,0.0075,1.0,0.0,0.6248128659092829,0.5256327328271555,0.7869025780848107,0.6666666666666666,0.6666666666666666,66.11353919632657,63.54581044459344,71.8701615558017,0.7036880535186925,1.3346986904385183,21.5,33.0
leaky,59.171565383391425,73.47768701066919,78.06471530986158,25.0,1.0,36.06737602222409,0.1,18.0,0.5,37.464641658100945,0.0,800,110,6,6,0.0075,1.0,0.0,0.6174814537164859,0.5291789756800118,0.7350595670872762,0.5,0.5,64.99040654774211,63.2939249052277,71.09773657690526,0.7654058873158902,1.0180453053512446,21.0,33.0
leaky,58.76723715300935,72.9718362718145,77.53596859833723,25.0,1.0,36.06737602222409,0.2,14.0,0.5,29.13916573407851,0.03,800,99,6,6,0.0075,1.0,0.0,0.7111729453173875,0.5984305606632523,0.7786447917453496,0.16666666666666666,0.16666666666666666,64.84570019567613,63.585664922375145,65.85502012617553,0.7847395130414644,0.928753618209688,22.5,31.5
leaky,58.65469028938307,73.31027035331076,78.06207165506845,25.0,1.0,36.06737602222409,0.2,16.0,0.5,33.301903696089724,0.08,800,118,6,6,0.0075,1.0,0.0,0.6459666300124709,0.5601013283998316,0.8208190372083889,0.3333333333333333,0.3333333333333333,65.76619360925227,64.60274097851223,67.16785510343074,0.7480505826431366,1.1052833377533315,21.5,32.5
leaky,59.23856549913793,73.15368149976999,77.63949932204176,25.0,1.0,36.06737602222409,0.4,6.0,0.5,12.488213886033648,0.06,800,115,6,6,0.0075,1.0,0.0,0.6159825034970288,0.4695003455103789,0.7837651236991303,0.5,0.5,65.88141428237017,64.6209920709303,69.6621044814209,0.7758443404340452,1.0069123028018876,20.0,33.0
leaky,60.704808533514225,73.3543285833188,77.6416927575326,25.0,1.0,36.06737602222409,0.6000000000000001,4.0,2.0,4.804489635145799,0.1,800,110,6,6,0.0075,1.0,0.0,0.6251971109545322,0.46731952380218994,0.7010325500809784,0.5,0.5,66.61551425845298,64.05871764669004,72.24866964430869,0.7884040166081929,0.9305541707817858,21.0,32.5
leaky,60.083838779696904,72.927313896935,77.04407293373977,26.0,0.8,41.10943629691686,0.0,22.0,0.5,45.79011758212337,0.06,800,110,6,6,0.0075,1.0,0.0,0.7389486699162733,0.6985604234758238,0.8520574804813382,0.0,0.0,65.23782032016183,64.29141229271363,65.61674638659017,0.8079556276684339,0.8294502919127404,23.5,31.0
leaky,60.083838779696904,72.927313896935,77.04407293373977,26.0,0.8,41.10943629691686,0.0,22.0,0.5,45.79011758212337,0.08,800,104,6,6,0.0075,1.0,0.0,0.6894005914727706,0.5765083337572859,0.7528745560389385,0.3333333333333333,0.3333333333333333,66.5397843811899,63.5841449173121,69.15762677781694,0.755532760223877,1.0795759484941496,21.5,32.0
leaky,60.083838779696904,72.927313896935,77.04407293373977,26.0,0.8,41.10943629691686,0.0,22.0,0.5,45.79011758212337,0.07,800,101,6,6,0.0075,1.0,0.0,0.735946307162415,0.5819590875675646,0.8746545342549578,0.16666666666666666,0.16666666666666666,64.83564682796188,63.134213663001105,67.6876182255986,0.7321789430118104,1.2035244246739523,22.0,31.0
leaky,59.70543116616539,72.51383625120835,76.62938817413756,26.0,0.8,41.10943629691686,0.1,18.0,0.5,37.464641658100945,0.07,800,107,6,6,0.0075,1.0,0.0,0.7521386875178397,0.6185264691669237,0.8787164503810879,0.16666666666666666,0.16666666666666666,65.7434196772306,63.73411596497027,68.22903717030347,0.7636112933576502,1.0598500304553444,22.5,31.0
leaky,59.79433132684335,72.69007972534908,76.84808668535007,26.0,0.8,41.10943629691686,0.2,14.0,0.5,29.13916573407851,0.09,800,110,6,6,0.0075,1.0,0.0,0.6742976207301445,0.581953862668997,0.7882566411709315,0.16666666666666666,0.16666666666666666,65.13726083371711,63.7108052595592,66.2455899463295,0.6749248462534518,1.5272576005174994,21.5,31.5
leaky,58.91519046619047,72.80139824977512,77.25616817798394,26.0,1.0,37.51007106311305,0.2,12.0,0.5,24.976427772067296,0.01,800,117,6,6,0.0075,1.0,0.0,0.6395679134131536,0.6162763890567746,0.7142581735458476,0.5,0.5,66.17343500288497,64.46601974155627,68.77628686822621,0.7863448387281933,0.9076994270426604,22.5,33.0
leaky,59.07774044338511,72.61384539329288,76.69604173556135,27.0,0.8,42.690568462182895,0.5,8.0,1.0,11.541560327111707,0.09,800,96,6,6,0.0075,1.0,0.0,0.6836533951053023,0.6428663601029396,0.9239839874565172,0.0,0.0,65.41477989646279,63.7006077518393,67.4917095767326,0.7514507873724903,1.127643802535589,23.0,31.5
leaky,59.51410517915792,72.37778628316437,76.5494860664844,27.0,0.8,42.690568462182895,0.30000000000000004,10.0,0.5,20.81368981005608,0.1,800,107,6,6,0.0075,1.0,0.0,0.8036456332412915,0.5597004707762091,1.0147014830652816,0.16666666666666666,0.16666666666666666,64.1646345917238,63.15452689249276,67.48908034725973,0.8102436795333678,0.7971578128298042,23.5,31.0
leaky,59.92998691350167,72.68602252216074,76.7904332915964,28.0,0.8,44.27170062744893,0.0,20.0,0.5,41.62737962011216,0.06,800,104,6,6,0.0075,1.0,0.0,0.7346992563728693,0.6739470690306598,0.8182548519901067,0.0,0.0,66.76119756660475,64.34649921005968,68.78842350775761,0.7801736887662214,0.9596149519902124,23.5,31.0
leaky,59.03133203032892,72.87654537835135,77.06588252184181,30.0,0.6,55.26016190115052,0.30000000000000004,14.0,1.0,20.19773057244549,0.08,800,102,6,6,0.0075,1.0,0.0,0.9062759551762691,0.7175180872005336,1.0053069840379463,0.0,0.0,66.15657832073177,64.93029959580622,68.57810274094685,0.7485984207096297,1.111862512647134,26.5,27.0
leaky,59.11208583015117,73.32684032553396,77.64666427704731,30.0,0.6,55.26016190115052,0.2,16.0,1.0,23.083120654223414,0.04,800,107,6,6,0.0075,1.0,0.0,0.9478751376242853,0.7403955986924429,1.0414722995007455,0.0,0.0,64.63617431963624,63.52641156499476,66.11372743696148,0.7500474364370746,1.1124953533538597,27.0,26.0
leaky,59.75387858702929,72.72565713184491,76.89488968208374,10.0,0.6,18.420053967050173,0.6000000000000001,26.0,1.0,37.51007106311305,0.1,800,112,5,5,0.00625,1.0,0.0,0.4482847042275599,0.40439777301009394,0.49030980089185966,1.0,1.0,65.59928904301705,63.75764303635044,68.76940617390544,0.4707793586058419,2.8234654326342263,19.0,36.0
leaky,59.796521053501145,72.61492179220633,76.70337483524706,10.0,0.6,18.420053967050173,0.6000000000000001,24.0,1.0,34.624680981335125,0.09,800,114,5,5,0.00625,1.0,0.0,0.4880571729928958,0.3877891146196392,0.5678945653710215,1.0,1.0,64.44446567716714,64.26914616098452,66.49859466379087,0.4900782479683986,2.693340174649537,19.0,33.0
leaky,59.00353868961216,73.09573441841201,77.37436717867213,12.0,0.8,18.973585983192397,0.4,28.0,1.0,40.39546114489098,0.02,800,113,5,5,0.00625,1.0,0.0,0.4044995828579271,0.3555135485430481,0.45625694708899694,1.0,1.0,66.51901304121088,63.91459690458631,67.15545119361269,0.42590742359187167,3.2027403179182286,18.0,37.0
leaky,59.8977571059441,73.46291087004262,77.49111371202243,12.0,0.8,18.973585983192397,0.7000000000000001,14.0,1.0,20.19773057244549,0.07,800,104,5,5,0.00625,1.0,0.0,0.3913923300749705,0.35671311199953154,0.6265712033233799,1.0,1.0,65.5440612966622,64.53398524427318,66.98098491729881,0.4558405942306462,3.058909372864041,17.0,37.0
leaky,59.01280053988809,72.95297069616724,77.21863374471506,12.0,0.8,18.973585983192397,0.8,14.0,1.0,20.19773057244549,0.1,800,123,5,5,0.00625,1.0,0.0,0.4129451146106094,0.33089187852232954,0.494558759082414,1.0,1.0,65.47716968050119,64.26748203614318,66.14110457341587,0.4976851288726335,2.661763486682889,16.0,37.0
leaky,60.196175109154865,72.7665772499522,76.7773133875272,24.0,0.8,37.94717196638479,0.30000000000000004,10.0,0.5,20.81368981005608,0.06,800,94,5,5,0.00625,1.0,0.0,0.6285811360806627,0.5605463475558204,0.8589086404521654,0.6,0.6,66.06678132766982,63.49285643395815,69.38166104914555,0.7084982132425212,1.3611793905407457,22.0,31.0
leaky,60.454094760830245,72.92400106517832,76.93056033955469,25.0,0.8,39.52830413165083,0.4,6.0,0.5,12.488213886033648,0.08,800,129,5,5,0.00625,1.0,0.0,0.7217120121972286,0.6415742611012425,0.8302163802171371,0.0,0.0,65.67864251730538,64.29829336557121,67.36527391848647,0.7992428965735562,0.8453533477137845,22.0,32.0
leaky,58.82107385704185,73.40532434201998,78.117701773508,25.0,1.0,36.06737602222409,0.1,20.0,0.5,41.62737962011216,0.06,800,89,5,5,0.00625,1.0,0.0,0.6614208326704818,0.4192445359775041,0.8108299902643719,0.4,0.4,66.99577634243786,63.89947332750677,68.2351445738638,0.7657646756409324,1.020799056114979,22.0,31.0
leaky,58.82440428970003,72.98208209219088,77.54305142449229,25.0,1.0,36.06737602222409,0.30000000000000004,10.0,0.5,20.81368981005608,0.05,800,100,5,5,0.00625,1.0,0.0,0.6528783844353111,0.5822969801713036,0.6822874426993628,0.4,0.4,69.66345457357585,64.05682895419334,74.68287758257841,0.719430483184547,1.2396903329948463,22.0,34.0
leaky,59.97608309925955,72.75649839312328,76.79134723674261,25.0,1.0,36.06737602222409,0.4,4.0,0.5,8.325475924022431,0.02,800,100,5,5,0.00625,1.0,0.0,0.6192071129193498,0.4762723530899458,0.6568503534697193,0.8,0.8,66.51858937814592,65.93733532216375,70.81812891754788,0.7278039103701323,1.2127401095654586,21.0,33.0
leaky,58.57557496020161,73.14108850597854,77.88452800304165,25.0,1.0,36.06737602222409,0.4,8.0,0.5,16.650951848044862,0.09,800,105,5,5,0.00625,1.0,0.0,0.7447136274770777,0.6080014620094584,0.9431882120129865,0.4,0.4,65.81488836176192,64.70761939724846,69.00712815291784,0.7670185985523024,0.9967466656290067,22.0,32.0
leaky,59.06269278151325,72.49508736709703,76.72632116667404,25.0,1.0,36.06737602222409,0.6000000000000001,6.0,1.5,7.660685083813717,0.09,800,87,5,5,0.00625,1.0,0.0,0.5801974892247129,0.4915496078819286,0.6274978320453855,1.0,1.0,66.38513116580066,65.75132468473834,69.45588936316527,0.7326590557016001,1.1968182622292691,21.0,34.0
leaky,59.14954339393394,73.45071418469252,78.06626791742835,25.0,1.0,36.06737602222409,0.30000000000000004,10.0,0.5,20.81368981005608,0.06,800,123,5,5,0.00625,1.0,0.0,0.6362680934428045,0.6110671502122363,0.7721483929019431,0.4,0.4,66.90164996921851,65.74926043757311,68.87914426851873,0.7653940238632054,1.029866630094988,21.0,33.0
leaky,58.99795711009939,73.05991457261467,77.7509980616976,25.0,1.2000000000000002,33.93012485890136,0.6000000000000001,4.0,1.5,5.1071233892091445,0.08,800,104,5,5,0.00625,1.0,0.0,0.5136265790161951,0.45115071941261364,0.5671879642348481,1.0,1.0,68.76693805341709,68.54492358099141,71.90915854987594,0.7345426515096292,1.1493138951674169,20.0,36.0
leaky,60.083838779696904,72.927313896935,77.04407293373977,26.0,0.8,41.10943629691686,0.0,22.0,0.5,45.79011758212337,0.0,800,101,5,5,0.00625,1.0,0.0,0.7648877106229162,0.6728867917043846,0.8721589755440957,0.0,0.0,67.28904639535278,64.48033630684812,68.61754863515104,0.7944024502351354,0.8775892904027335,23.0,32.0
leaky,60.083838779696904,72.927313896935,77.04407293373977,26.0,0.8,41.10943629691686,0.0,22.0,0.5,45.79011758212337,0.01,800,115,5,5,0.00625,1.0,0.0,0.7037721344133142,0.545349491532441,0.7776197112256596,0.4,0.4,67.92607688259565,66.35218599824908,68.48748181499198,0.7803499045047104,0.9401767103714583,23.0,32.0
leaky,60.083838779696904,72.927313896935,77.04407293373977,26.0,0.8,41.10943629691686,0.0,22.0,0.5,45.79011758212337,0.03,800,111,5,5,0.00625,1.0,0.0,0.7772967969329936,0.5535446198401061,0.9185905113028854,0.2,0.2,64.02648667375261,63.73361218954795,65.98069566320815,0.7650150500041689,1.0360087002647251,23.0,30.0
leaky,60.083838779696904,72.927313896935,77.04407293373977,26.0,0.8,41.10943629691686,0.0,22.0,0.5,45.79011758212337,0.09,800,107,5,5,0.00625,1.0,0.0,0.7502717056848008,0.667848423826016,0.8737669739117029,0.0,0.0,65.37683159936945,63.90279414066948,68.50856908103918,0.7726119473023619,1.0115077011795217,23.0,30.0
leaky,60.12045665172704,73.05622297533051,77.2373007486284,26.0,0.8,41.10943629691686,0.30000000000000004,10.0,0.5,20.81368981005608,0.1,800,102,5,5,0.00625,1.0,0.0,0.8121297133143134,0.682179540032936,0.8299236084893362,0.0,0.0,68.984343928952,65.20218542758899,71.05594225578847,0.7617948456007565,1.0498258666037972,24.0,29.0
leaky,58.63469348249986,72.95910433370683,77.59112314836037,26.0,1.0,37.51007106311305,0.1,18.0,0.5,37.464641658100945,0.02,800,99,5,5,0.00625,1.0,0.0,0.6198174874466789,0.5526021679088439,0.7172924070131019,0.8,0.8,65.28328223014385,64.18202556347704,67.23759757484675,0.7551179211183753,1.092645988619105,19.0,34.0
leaky,58.75055767822007,73.1306515584265,77.78490156788142,26.0,1.0,37.51007106311305,0.1,18.0,0.5,37.464641658100945,0.03,800,98,5,5,0.00625,1.0,0.0,0.6959556054683125,0.6079888429201861,0.7237200262351019,0.2,0.2,65.98133133420501,64.27615406931133,68.42777724103493,0.8083618064139722,0.8333154607283111,21.0,32.0
leaky,59.68409191595423,73.29228208545902,77.38385641770535,26.0,0.8,41.10943629691686,0.5,8.0,1.0,11.541560327111707,0.09,800,112,5,5,0.00625,1.0,0.0,0.7909725578814584,0.5947623042688344,0.9066374752671175,0.4,0.4,64.83349096519379,64.24155925606482,66.49531170917244,0.7622774712549943,1.047485502086377,25.0,30.0
leaky,58.86386459670409,73.29691605916781,77.97198288662551,26.0,1.0,37.51007106311305,0.1,18.0,0.5,37.464641658100945,0.04,800,116,5,5,0.00625,1.0,0.0,0.6059372331544564,0.4476216859054314,0.8991837500556165,0.6,0.6,66.56506047872237,63.81577033018303,67.13380857221284,0.7074185919783397,1.3429972163052946,20.0,33.0
leaky,59.13883635608327,72.82248746502201,77.21537286423371,26.0,1.0,37.51007106311305,0.30000000000000004,8.0,0.5,16.650951848044862,0.03,800,107,5,5,0.00625,1.0,0.0,0.6838693009804998,0.6604580821846942,0.877634912004322,0.0,0.0,64.44992667311394,63.91873429448776,67.70539290411527,0.7967903908497933,0.8690061913975533,23.0,32.0
leaky,59.47875711153533,73.32128096724594,77.77661682046596,26.0,1.0,37.51007106311305,0.30000000000000004,8.0,0.5,16.650951848044862,0.04,800,119,5,5,0.00625,1.0,0.0,0.6249782912591817,0.5363867838748331,0.71541131405852,0.6,0.6,64.16225979172734,63.93624314934851,71.73662230348084,0.7716312765963967,0.99164136015073,23.0,32.0
leaky,58.88153441355069,72.44478600869698,76.75416122274957,26.0,1.0,37.51007106311305,0.6000000000000001,6.0,1.5,7.660685083813717,0.1,800,99,5,5,0.00625,1.0,0.0,0.6427600110832483,0.545988752935911,0.7418504610817624,0.4,0.4,68.13943548216176,65.77795829308494,68.65134561907846,0.7602838462107846,1.0717037691075777,21.0,32.0
leaky,59.7413847634949,72.47563536083197,76.75941585554946,26.0,1.0,37.51007106311305,0.6000000000000001,4.0,1.5,5.1071233892091445,0.1,800,114,5,5,0.00625,1.0,0.0,0.5829780729477329,0.49916727512841935,0.7211988386112418,0.6,0.6,67.06511304902656,65.58444653843252,70.12791277604113,0.7597011636833642,1.0865711698824796,19.0,35.0
leaky,59.14366079032436,73.36059882550606,77.5029691246405,27.0,0.8,42.690568462182895,0.30000000000000004,12.0,1.0,17.312340490667562,0.0,800,94,5,5,0.00625,1.0,0.0,0.7479341606094922,0.7114729563624111,0.9169163555519578,0.0,0.0,67.10018052874426,64.37407291876559,67.47408109534118,0.7665504000085029,0.9982043662598756,25.0,30.0
leaky,60.581166865261174,73.4165631249608,77.55174201150956,27.0,0.8,42.690568462182895,0.2,12.0,0.5,24.976427772067296,0.09,800,113,5,5,0.00625,1.0,0.0,0.7439756838570766,0.6548477033123452,0.7973909393812555,0.0,0.0,64.47588307885145,64.02517435451983,67.59929541907651,0.8032783271616161,0.8479003063338574,24.0,32.0
leaky,58.82994986264923,73.33584034367138,78.05883610225584,27.0,1.0,38.952766104002016,0.0,22.0,0.5,45.79011758212337,0.07,800,105,5,5,0.00625,1.0,0.0,0.7442084824232919,0.6438727478747199,1.0526491551405812,0.0,0.0,65.70862441397041,63.89181951358846,68.60387801934583,0.8058567180528781,0.8069617778695931,23.0,31.0
leaky,58.82994986264923,73.33584034367138,78.05883610225584,27.0,1.0,38.952766104002016,0.0,22.0,0.5,45.79011758212337,0.03,800,119,5,5,0.00625,1.0,0.0,0.7429778538143029,0.7104922795249585,0.9188848995901963,0.0,0.0,65.21139695019012,64.59534157942554,66.46056371701381,0.7784685175920513,0.9435506217868561,25.0,30.0
leaky,58.73890057939191,73.3745878545224,78.16621602031452,27.0,1.0,38.952766104002016,0.2,14.0,0.5,29.13916573407851,0.1,800,99,5,5,0.00625,1.0,0.0,0.6904541027601124,0.5861354419722321,0.8991783886231778,0.4,0.4,67.6402113091535,63.72422787192671,71.59254235347446,0.768223287245998,1.0108256097635386,21.0,32.0
leaky,58.96903295226597,73.1942960288518,77.8583386645879,27.0,1.0,38.952766104002016,0.4,6.0,0.5,12.488213886033648,0.09,800,108,5,5,0.00625,1.0,0.0,0.77082030817328,0.5884261153862216,0.9128198749083523,0.2,0.2,65.46652944062765,64.06517217459734,68.51022209504049,0.7641715918067746,1.066621264163306,21.0,31.0
leaky,58.94435199700064,73.19183867408096,77.63392821210608,10.0,0.6,18.420053967050173,0.5,24.0,1.5,30.642740335254867,0.04,800,111,4,4,0.005,1.0,0.0,0.4202278319682447,0.3792314905395533,0.5688390573750753,1.0,1.0,65.8486158311828,65.15250345223113,66.67000632120818,0.4222696258148959,3.1996985526524666,18.5,37.0
leaky,60.39189556228986,73.44286683951717,77.61347333459227,10.0,0.6,18.420053967050173,0.6000000000000001,24.0,1.0,34.624680981335125,0.1,800,111,4,4,0.005,1.0,0.0,0.4555836353160743,0.2877086652591271,0.5225571671678936,1.0,1.0,67.89155092378671,65.527045183183,70.93967523263095,0.401113928214466,3.4511246673270577,19.5,35.5
leaky,58.622896548044984,72.44608852594146,76.6330915100103,11.0,0.6,20.262059363755192,0.6000000000000001,20.0,1.5,25.53561694604572,0.06,800,102,4,4,0.005,1.0,0.0,0.4511103582344912,0.4286545789328242,0.46392835591932224,1.0,1.0,63.88249042926963,63.36406620180957,65.29531810257872,0.43748003188609397,3.084837041103959,19.5,34.0
leaky,59.539619494701526,73.45298154733067,77.70092036774496,11.0,0.8,17.392453817926363,0.6000000000000001,26.0,1.0,37.51007106311305,0.07,800,102,4,4,0.005,1.0,0.0,0.38272127231007524,0.37239297522199827,0.4272599217125975,1.0,1.0,64.46845298942452,64.35928275695309,69.31828811441484,0.4398646846855653,3.1250092013939916,16.5,37.0
leaky,59.792375432760856,73.2874712998163,77.32331756181269,11.0,0.8,17.392453817926363,0.7000000000000001,18.0,1.0,25.968510736001342,0.07,800,130,4,4,0.005,1.0,0.0,0.35176985159531143,0.32801277843740306,0.4577420216007794,1.0,1.0,64.37105115478717,63.7722005243571,65.83549013672824,0.4515424002227846,3.1067283566930355,15.5,37.5
leaky,58.98802748583204,73.1706941039536,77.5086775717334,12.0,0.8,18.973585983192397,0.5,26.0,1.0,37.51007106311305,0.05,800,96,4,4,0.005,1.0,0.0,0.4263435646597395,0.36503306250766854,0.5146087276550142,1.0,1.0,66.62753638324746,66.10923493449873,67.3753668140143,0.45691058891878467,3.018212386539548,18.5,37.0
leaky,58.529593830383895,72.3876999010779,76.57145688598206,12.0,0.8,18.973585983192397,0.4,28.0,1.0,40.39546114489098,0.01,800,116,4,4,0.005,1.0,0.0,0.390952113947425,0.37204468583284894,0.49444004960039467,1.0,1.0,64.39513384018018,63.56254025411782,65.73511024921517,0.4591392420750572,2.995329167718375,17.0,36.5
leaky,58.987376243532594,73.0883388788074,77.20974205456248,12.0,0.8,18.973585983192397,0.8,14.0,1.5,17.874931862232007,0.09,800,98,4,4,0.005,1.0,0.0,0.392204700128849,0.3058525801870693,0.46379488973679445,1.0,1.0,64.6612294451695,63.499359824904225,69.04485886327546,0.44351012690932967,3.075403815559893,17.5,35.5
leaky,58.62032477750649,73.02597767311211,77.516502878356,12.0,0.8,18.973585983192397,0.7000000000000001,24.0,1.0,34.624680981335125,0.1,800,112,4,4,0.005,1.0,0.0,0.42298823491106236,0.3229598905554113,0.4769365899384638,1.0,1.0,65.42028374206802,64.51814675875389,67.09750239263474,0.4415159390916711,3.0998499718963526,17.0,36.5
leaky,58.829655465477344,73.12396161267102,77.3321670996747,13.0,1.0,18.755035531556526,0.7000000000000001,24.0,0.5,49.95285554413459,0.09,800,99,4,4,0.005,1.0,0.0,0.32661350184688276,0.2968136535799449,0.42228489896743837,1.0,1.0,64.44333189923395,64.19477979320945,64.74659100075145,0.4150783237816697,3.324058733894355,14.5,40.0
leaky,58.576834907614355,72.85320333899735,77.05805465542596,13.0,1.0,18.755035531556526,0.7000000000000001,26.0,0.5,54.11559350614581,0.09,800,110,4,4,0.005,1.0,0.0,0.31888254334750615,0.25243196550491,0.38892771749873467,1.0,1.0,64.26621859038528,64.12930877525544,65.63978228732256,0.449245197103081,3.051870037675599,13.5,39.0
leaky,58.75697828735515,72.93389849296956,77.14490058149482,13.0,1.0,18.755035531556526,0.9,6.0,2.0,7.206734452718699,0.1,800,102,4,4,0.005,1.0,0.0,0.3382626895033367,0.28320675187111805,0.35743383458661304,1.0,1.0,64.95248201055202,63.78442161677318,69.21273622109881,0.44778439751606763,3.0816289848836655,14.0,39.0
leaky,58.72798211117248,73.02585827930753,77.24621825641385,13.0,1.0,18.755035531556526,0.8,10.0,0.5,20.81368981005608,0.09,800,120,4,4,0.005,1.0,0.0,0.31492977699267277,0.28662610541137795,0.4900512308650936,1.0,1.0,66.03359832379604,64.81822790744054,67.32232408321275,0.4364607388099067,3.176529011598838,15.5,39.0
leaky,58.82625108341238,72.93386701499037,77.14489681493738,13.0,1.0,18.755035531556526,0.9,4.0,1.5,5.1071233892091445,0.1,800,114,4,4,0.005,1.0,0.0,0.3272122036979619,0.2849617839951243,0.3511834787995979,1.0,1.0,64.60629740437324,63.86858396901326,67.22817042300628,0.4186229115149337,3.2559866194981453,15.0,39.0
leaky,58.550131070399075,73.43757533401094,77.52056300355873,14.0,1.2000000000000002,19.00086992098476,0.7000000000000001,14.0,0.5,29.13916573407851,0.06,800,113,4,4,0.005,1.0,0.0,0.30071990140679206,0.2158825793913512,0.32581288393582064,1.0,1.0,65.71607765806048,63.75308623722438,67.90675569667285,0.44664752639255834,3.1102571378751858,12.0,40.5
leaky,60.13245676411643,72.58677502966115,76.70344305635338,24.0,1.0,34.624680981335125,0.6000000000000001,4.0,1.5,5.1071233892091445,0.08,800,118,4,4,0.005,1.0,0.0,0.486439692619207,0.4182279835952733,0.5516444284437987,1.0,1.0,65.97410869458263,65.16567154677918,68.06708831215337,0.6380141110512296,1.736273939386058,18.0,36.0
leaky,60.23632823732263,73.06993280441222,77.17618649506232,25.0,0.8,39.52830413165083,0.1,18.0,0.5,37.464641658100945,0.06,800,87,4,4,0.005,1.0,0.0,0.6923428632303096,0.6163127047931031,0.7751182708869189,0.25,0.25,64.65023997891831,64.14766455865978,67.55207200991325,0.7484133193526031,1.1404762840673988,21.5,31.5
leaky,59.90382896871651,72.58630330345481,76.63407294606833,25.0,0.8,39.52830413165083,0.1,18.0,0.5,37.464641658100945,0.03,800,103,4,4,0.005,1.0,0.0,0.6955645247934057,0.6249392957091134,0.7458879543217215,0.25,0.25,64.7364417411978,64.41923782324226,75.13174335610036,0.7247060124109533,1.2230513666459777,24.5,31.0
leaky,59.43275218230487,72.44830389274534,76.64646190014149,25.0,0.8,39.52830413165083,0.2,16.0,0.5,33.301903696089724,0.1,800,86,4,4,0.005,1.0,0.0,0.8274008931104553,0.7555876877526325,0.9402202780916576,0.0,0.0,65.0670005143217,63.879601566525665,66.31720633240926,0.798826524617124,0.8739503302351379,24.5,28.0
leaky,59.449373820836456,73.31433445665598,77.72254920406175,25.0,1.0,36.06737602222409,0.2,12.0,0.5,24.976427772067296,0.0,800,107,4,4,0.005,1.0,0.0,0.6523725375774014,0.5754174322883079,0.7722870817282071,0.5,0.5,64.35191187004312,63.86899797919645,65.57291911333824,0.7939582195022343,0.8926754151633989,21.0,32.0
leaky,60.109434024725516,72.52638353600797,76.73159425818739,25.0,1.0,36.06737602222409,0.6000000000000001,4.0,2.0,4.804489635145799,0.09,800,105,4,4,0.005,1.0,0.0,0.5869815164065622,0.44352870532981853,0.6627870669230864,0.75,0.75,66.31102840250585,64.42836406580751,69.30360278420746,0.788028469404182,0.9404970441402685,21.0,34.0
leaky,59.1861481474144,73.43638128221247,77.9501926373984,25.0,1.2000000000000002,33.93012485890136,0.4,4.0,0.5,8.325475924022431,0.01,800,117,4,4,0.005,1.0,0.0,0.5469997101454427,0.4692438685090362,0.5581447894593293,1.0,1.0,66.04688595382069,63.74731298634019,70.14782642529339,0.6996814981177413,1.3592750846538526,18.0,36.0
leaky,59.18484800336744,73.06036138939064,77.75101652041107,25.0,1.2000000000000002,33.93012485890136,0.6000000000000001,4.0,2.0,4.804489635145799,0.08,800,126,4,4,0.005,1.0,0.0,0.590738975106011,0.4800799551703373,0.6847565751537462,0.75,0.75,66.12889144121876,65.71393398443033,66.68179353564467,0.7828606797813578,0.925836968997459,20.0,33.5
leaky,60.083838779696904,72.927313896935,77.04407293373977,26.0,0.8,41.10943629691686,0.0,22.0,0.5,45.79011758212337,0.04,800,95,4,4,0.005,1.0,0.0,0.7604377420603949,0.7219525736593515,0.7719456461678346,0.0,0.0,65.33045514289898,64.63251085870822,66.3465912461003,0.7492637027495606,1.1235461603230483,23.0,31.0
leaky,60.083838779696904,72.927313896935,77.04407293373977,26.0,0.8,41.10943629691686,0.0,22.0,0.5,45.79011758212337,0.05,800,107,4,4,0.005,1.0,0.0,0.7347098312918159,0.6577759238843351,0.8016374783459153,0.0,0.0,65.04762712017624,63.890484658428754,67.87468142902048,0.7880959265052424,0.9135609821268669,23.0,30.0
leaky,60.97072126028111,73.47578709015757,77.4809041884236,26.0,0.8,41.10943629691686,0.30000000000000004,8.0,0.5,16.650951848044862,0.07,800,110,4,4,0.005,1.0,0.0,0.6883818328814155,0.5981831393422252,0.785328823011644,0.25,0.25,65.83279655803815,64.07683888383903,68.49373857713564,0.7709618456937253,0.9841085389744764,22.0,32.0
leaky,60.56525760427631,73.21389618640131,77.26337150864833,26.0,0.8,41.10943629691686,0.2,12.0,0.5,24.976427772067296,0.06,800,110,4,4,0.005,1.0,0.0,0.6742650614847736,0.628460976389004,0.8763528132550424,0.25,0.25,66.6722524039605,65.4519612907451,74.18854294389033,0.7467413615619507,1.1021534882785704,23.5,31.0
leaky,58.63905286487474,73.19140019308686,77.91248110703108,26.0,1.0,37.51007106311305,0.0,24.0,0.5,49.95285554413459,0.07,800,82,4,4,0.005,1.0,0.0,0.6735352456138279,0.6438075221648674,0.7418167661704569,0.0,0.0,66.30571679144693,64.89755167543495,67.15693085395888,0.7879899523685128,0.9054949872053342,21.0,32.0
leaky,59.809122438632045,72.66063684251162,76.7920163848136,26.0,0.8,41.10943629691686,0.1,18.0,0.5,37.464641658100945,0.08,800,123,4,4,0.005,1.0,0.0,0.6775169138198116,0.5918035343388177,0.8159807908178625,0.25,0.25,65.91444673806842,63.331840521507,70.1141453375035,0.749339303813719,1.0843911637561603,23.0,32.0
leaky,58.63905286487474,73.19140019308686,77.91248110703108,26.0,1.0,37.51007106311305,0.0,24.0,0.5,49.95285554413459,0.09,800,117,4,4,0.005,1.0,0.0,0.6359757152620296,0.5946583666622877,0.7013007100119644,0.5,0.5,68.04203937705861,65.94438072004918,69.94409142040537,0.7819740514051927,0.9356699792038919,22.0,33.0
leaky,59.722450572051926,73.4397191497201,77.5973692864772,26.0,1.0,37.51007106311305,0.5,6.0,1.0,8.656170245333781,0.06,800,106,4,4,0.005,1.0,0.0,0.6597093599770136,0.613782500384199,0.7013586129672899,0.25,0.25,64.76307642833326,63.90170100385297,73.28601038193025,0.7646409085824937,1.0372379232121052,21.5,31.5
leaky,59.46429357926601,72.47576127274868,76.7594309217792,26.0,1.0,37.51007106311305,0.6000000000000001,6.0,2.0,7.206734452718699,0.1,800,124,4,4,0.005,1.0,0.0,0.6747144184682968,0.5619995480520392,0.7468235879600035,0.5,0.5,67.24091969035689,65.78556947777781,69.78608778824237,0.7429198595150213,1.15206414662314,22.0,30.5
leaky,58.699284153915485,72.87463667681733,77.66016061749085,26.0,1.2000000000000002,35.28732985325741,0.6000000000000001,4.0,1.5,5.1071233892091445,0.09,800,120,4,4,0.005,1.0,0.0,0.5911618584790548,0.48776774655320343,0.7094422231325117,0.5,0.5,64.91326241685186,64.1929357884545,68.60629515488661,0.7056647078664873,1.3260491225343118,20.0,34.0
leaky,59.948976276494975,72.58431471505283,76.63619724407937,27.0,0.8,42.690568462182895,0.1,16.0,0.5,33.301903696089724,0.04,800,88,4,4,0.005,1.0,0.0,0.8380529366023026,0.7536879688695906,1.0125649103311003,0.0,0.0,67.85741802656813,66.13159972340864,70.52185272482112,0.7242241922413812,1.251978343989197,24.5,28.5
leaky,60.507990802796485,73.33708956763236,77.45230734751715,27.0,0.8,42.690568462182895,0.0,20.0,0.5,41.62737962011216,0.08,800,103,4,4,0.005,1.0,0.0,0.7219609474154762,0.6737328799217864,0.8830749540476779,0.0,0.0,65.26113047468198,64.57719688227927,65.74485662516528,0.7858457623348205,0.9358609816988108,23.0,31.0
leaky,60.57852807819217,73.48022237185022,77.6310051500561,27.0,0.8,42.690568462182895,0.1,16.0,0.5,33.301903696089724,0.1,800,104,4,4,0.005,1.0,0.0,0.7981728369427121,0.7115676294967276,0.8971050779633816,0.0,0.0,65.45094936617735,63.82781900719901,71.73979182198269,0.8066299796553378,0.8288763296053889,23.5,29.5
leaky,60.37786633860386,73.19990827179164,77.3222664949782,27.0,0.8,42.690568462182895,0.1,16.0,0.5,33.301903696089724,0.08,800,97,4,4,0.005,1.0,0.0,0.7995158326639878,0.5808267420293878,1.128743645323545,0.25,0.25,64.809955940521,63.2237426589953,66.38120436943184,0.7366388913621982,1.2158523228883802,22.5,30.0
leaky,60.274175066137204,73.05310768048837,77.15963828430215,27.0,0.8,42.690568462182895,0.1,16.0,0.5,33.301903696089724,0.07,800,116,4,4,0.005,1.0,0.0,0.6773604095478241,0.5538723949232224,0.7876947149001917,0.5,0.5,65.79311973062491,64.324881527773,69.67154759671028,0.7664671091878075,1.014031216452975,19.5,33.0
leaky,60.013486735937015,72.65929625482315,76.76249314682465,27.0,0.8,42.690568462182895,0.4,6.0,0.5,12.488213886033648,0.1,800,101,4,4,0.005,1.0,0.0,0.682666815032968,0.6760482245912647,0.7981780532815831,0.0,0.0,65.51509039396578,64.66415005299629,67.67776349724552,0.769298859461252,1.0230550734628485,23.0,30.0
leaky,59.958906131707195,72.53545949423516,76.57555682650434,27.0,0.8,42.690568462182895,0.2,12.0,0.5,24.976427772067296,0.06,800,112,4,4,0.005,1.0,0.0,0.6337842720018186,0.5284238043233651,0.8824446205239167,0.5,0.5,69.94531611905417,65.37939079059822,73.11380534482805,0.7214990833166075,1.27256704630127,21.5,33.0
leaky,58.83260674195247,72.97380239974586,77.54924907470584,27.0,1.0,38.952766104002016,0.1,16.0,0.5,33.301903696089724,0.0,800,96,4,4,0.005,1.0,0.0,0.7535570300333976,0.627019047257603,0.8137902115799961,0.25,0.25,65.97420901073036,65.13507247308323,67.73373863364357,0.7546558355279124,1.0829283685014963,22.5,30.5
leaky,58.82994986264923,73.33584034367138,78.05883610225584,27.0,1.0,38.952766104002016,0.0,22.0,0.5,45.79011758212337,0.0,800,121,4,4,0.005,1.0,0.0,0.6479181902647901,0.6001855691194833,0.7509012727085053,0.5,0.5,69.04735221792781,64.64057567157253,71.92453159399808,0.679650525255648,1.4745956585932318,22.0,32.5
leaky,59.072267717812174,73.3334661284944,77.9579153564743,27.0,1.0,38.952766104002016,0.1,16.0,0.5,33.301903696089724,0.02,800,102,4,4,0.005,1.0,0.0,0.703802493973467,0.6330359994990458,0.8249511699580793,0.25,0.25,64.47297047103254,63.8539487928119,65.88440116635479,0.7686905931379735,1.0109680941024952,21.5,32.0
leaky,58.646370150016395,72.65516363122289,77.1939075791764,27.0,1.0,38.952766104002016,0.2,12.0,0.5,24.976427772067296,0.03,800,116,4,4,0.005,1.0,0.0,0.7668748932986691,0.540716358975125,0.7882925540823263,0.25,0.25,63.773180411833856,63.36416623308043,66.74625773326225,0.7964186237439319,0.8933534419052498,22.0,30.5
leaky,59.1168390403407,73.06474957887704,77.1137616463314,27.0,1.0,38.952766104002016,0.4,8.0,1.0,11.541560327111707,0.01,800,94,4,4,0.005,1.0,0.0,0.7173802773560013,0.6467166153287581,0.7478621609293677,0.0,0.0,66.98351218392185,64.58906045140472,70.47171475451546,0.7610588005122785,1.04833627511966,23.5,31.5
leaky,59.92998691350167,72.68602252216074,76.7904332915964,28.0,0.8,44.27170062744893,0.0,20.0,0.5,41.62737962011216,0.0,800,120,4,4,0.005,1.0,0.0,0.75259056060928,0.6627708220724874,0.7920137204358629,0.0,0.0,65.8751201222909,65.28387955657017,66.23527263965114,0.7617491202700888,1.0430200288491505,24.0,31.5
leaky,58.502461597676316,72.44516746056726,76.59866429330029,29.0,0.8,45.85283279271496,0.4,10.0,1.0,14.426950408889635,0.06,800,98,4,4,0.005,1.0,0.0,0.7750907143507775,0.6983825625780702,0.895574003369878,0.0,0.0,64.89279622105289,63.65604030418678,66.42276628614138,0.7720024032610127,1.0235349931016875,25.0,28.5
leaky,59.048291286243405,72.84925437059812,76.99225696172822,10.0,0.6,18.420053967050173,0.5,22.0,1.5,28.089178640650296,0.02,800,102,3,3,0.00375,1.0,0.0,0.49769694034791934,0.3742782664179664,0.5006758853978073,1.0,1.0,66.76331049856034,66.07742458955181,67.82000140433945,0.4260401076657798,3.147923229049125,21.0,35.0
leaky,58.55473603021934,72.96464611329914,77.69682207243565,10.0,0.6,18.420053967050173,0.6000000000000001,28.0,1.5,35.749863724464014,0.1,800,99,3,3,0.00375,1.0,0.0,0.5329194801738852,0.5102104974139043,0.5665668388284397,1.0,1.0,65.56629937058067,63.78256395791158,66.86542092415326,0.5299116505272302,2.4282767752585253,21.0,33.0
leaky,58.759058887945024,73.09238158529953,77.73089046199576,10.0,0.6,18.420053967050173,0.6000000000000001,26.0,1.5,33.19630202985944,0.09,800,115,3,3,0.00375,1.0,0.0,0.4331714990586938,0.3598707008849768,0.4922539396709584,1.0,1.0,66.04946469056455,63.69677497107854,66.26076859782312,0.4487794912076145,3.0080775176548014,19.0,36.0
leaky,58.81055224297381,73.12504411818986,77.54440936598974,12.0,0.8,18.973585983192397,0.5,28.0,1.0,40.39546114489098,0.06,800,110,3,3,0.00375,1.0,0.0,0.3491288884966574,0.34463751930925673,0.3883132647725672,1.0,1.0,66.26525336365502,65.27486092879427,66.67961687349396,0.4303714156729831,3.2271683890484244,16.0,37.0
leaky,58.59912005543361,72.8983275450625,77.12983382922702,13.0,1.0,18.755035531556526,0.9,4.0,1.0,5.7707801635558535,0.1,800,124,3,3,0.00375,1.0,0.0,0.3159037360993975,0.26035422958359256,0.5490980133015252,1.0,1.0,67.80933185838862,65.43336662487549,68.68958697060765,0.45228934798532905,2.9691594593453092,14.0,40.0
leaky,60.92794358612565,73.44116139947772,77.64579494618906,24.0,1.0,34.624680981335125,0.6000000000000001,4.0,2.0,4.804489635145799,0.09,800,101,3,3,0.00375,1.0,0.0,0.555946047458316,0.5276052655335641,0.5976575272575909,1.0,1.0,67.6670455041268,66.28658259418702,67.87139863867525,0.7188973403646519,1.2851126629968939,20.0,35.0
leaky,60.85982537999103,73.49329410053872,77.55878262696947,25.0,0.8,39.52830413165083,0.4,6.0,0.5,12.488213886033648,0.09,800,111,3,3,0.00375,1.0,0.0,0.7605587120866629,0.7230900026337421,0.851868765366874,0.0,0.0,65.39737844393153,63.866837207441876,69.16937249282161,0.7647810154889899,1.036037224772059,21.0,31.0
leaky,58.572850548749386,73.16711901988549,77.88103140280495,25.0,1.0,36.06737602222409,0.0,26.0,0.5,54.11559350614581,0.03,800,102,3,3,0.00375,1.0,0.0,0.6695501084448514,0.5139870858131682,0.8660386192306566,0.3333333333333333,0.3333333333333333,68.28172577529475,64.49361308187446,68.375149932091,0.7780763383402981,0.9902201894307731,21.0,33.0
leaky,60.43953988214039,73.44268729200195,77.56646091482679,25.0,1.0,36.06737602222409,0.4,4.0,0.5,8.325475924022431,0.03,800,109,3,3,0.00375,1.0,0.0,0.6572340545158899,0.5063892846531338,0.7137669099480731,0.3333333333333333,0.3333333333333333,67.38357228064848,65.6391534275525,67.49262998709592,0.7844619140531199,0.9298090396565117,22.0,32.0
leaky,59.992789496439585,72.96606140778601,77.15145285179847,26.0,0.8,41.10943629691686,0.2,14.0,0.5,29.13916573407851,0.1,800,91,3,3,0.00375,1.0,0.0,0.6426623718456588,0.5918682240187818,0.6604766828507495,0.3333333333333333,0.3333333333333333,66.14210050429256,65.55733304888864,66.25419145917967,0.7648517830671875,1.0212743927594135,23.0,32.0
leaky,58.63905286487474,73.19140019308686,77.91248110703108,26.0,1.0,37.51007106311305,0.0,24.0,0.5,49.95285554413459,0.04,800,97,3,3,0.00375,1.0,0.0,0.6730899871435477,0.6686660396776233,0.6867107588019524,0.0,0.0,66.23494892423071,64.29033182762524,66.67809991604308,0.72308756955319,1.2499570459159925,21.0,33.0
leaky,58.63905286487474,73.19140019308686,77.91248110703108,26.0,1.0,37.51007106311305,0.0,24.0,0.5,49.95285554413459,0.06,800,118,3,3,0.00375,1.0,0.0,0.6700703288530592,0.5422500367953326,0.8805132682269062,0.3333333333333333,0.3333333333333333,63.909567040958265,63.8153415640054,64.76827587701003,0.7727317771102011,1.0205079947321793,21.0,30.0
leaky,60.22292186931365,72.7857695821154,76.84357549607185,26.0,0.8,41.10943629691686,0.4,6.0,0.5,12.488213886033648,0.09,800,116,3,3,0.00375,1.0,0.0,0.7475872498373906,0.6145241097483072,0.7825856940266727,0.3333333333333333,0.3333333333333333,65.47565120931685,64.50375066953703,70.7769515490886,0.7940435572938793,0.8692709399033158,23.0,32.0
leaky,59.3008234703338,73.46834932015,78.08138896136778,26.0,1.0,37.51007106311305,0.4,6.0,0.5,12.488213886033648,0.08,800,88,3,3,0.00375,1.0,0.0,0.7918412087988181,0.6721050175279306,0.8180035628788069,0.0,0.0,64.93504282345388,64.06262834531367,71.16357809731568,0.7960941268147191,0.8656902730439755,22.0,30.0
leaky,60.47929899339406,73.34223153063174,77.47932206683188,27.0,0.8,42.690568462182895,0.1,16.0,0.5,33.301903696089724,0.09,800,97,3,3,0.00375,1.0,0.0,0.7452920984800807,0.6856692720312173,0.7466485923304563,0.0,0.0,65.26664358949357,64.58232717464352,65.97113686750052,0.8078806897694503,0.8044632107042198,24.0,31.0
leaky,60.168168626617074,72.90167971526893,76.99122947432929,27.0,0.8,42.690568462182895,0.1,16.0,0.5,33.301903696089724,0.06,800,95,3,3,0.00375,1.0,0.0,0.810809259411752,0.7296864284670882,0.8528454570152612,0.0,0.0,64.48994133312792,63.496197476435235,65.09051822626466,0.7874658041035476,0.9083129701780885,23.0,31.0
leaky,60.507990802796485,73.33708956763236,77.45230734751715,27.0,0.8,42.690568462182895,0.0,20.0,0.5,41.62737962011216,0.09,800,112,3,3,0.00375,1.0,0.0,0.7260069921307204,0.6652420594880137,0.7751582915547092,0.0,0.0,68.96833950355231,64.57563131829332,69.70103007773538,0.7698008213920579,0.9919803846721247,23.0,31.0
leaky,60.378301555680785,73.1319166072806,77.23763086780218,27.0,0.8,42.690568462182895,0.2,12.0,0.5,24.976427772067296,0.08,800,103,3,3,0.00375,1.0,0.0,0.759154014966068,0.7298066800055091,0.8889338185200053,0.0,0.0,68.50778877456437,65.93585202377209,72.59817617644406,0.7853200991848327,0.9473677171471961,24.0,30.0
leaky,58.82994986264923,73.33584034367138,78.05883610225584,27.0,1.0,38.952766104002016,0.0,22.0,0.5,45.79011758212337,0.02,800,95,3,3,0.00375,1.0,0.0,0.8057319725345079,0.7800723904306581,0.8412669340819016,0.0,0.0,67.17238862071281,64.7166760595237,70.67071233312136,0.7999690851687672,0.8552424839208734,24.0,29.0
leaky,58.75589526117268,73.3494773893066,78.11551820840756,27.0,1.0,38.952766104002016,0.1,18.0,0.5,37.464641658100945,0.1,800,94,3,3,0.00375,1.0,0.0,0.6827209085752719,0.5500475182803193,0.6838115409484348,0.3333333333333333,0.3333333333333333,67.90913246378858,64.97039874060468,68.4759317083133,0.7633038272333758,1.0620603354790468,23.0,31.0
leaky,59.39881302467301,73.43002964123562,77.99044092702104,27.0,1.0,38.952766104002016,0.30000000000000004,8.0,0.5,16.650951848044862,0.06,800,120,3,3,0.00375,1.0,0.0,0.6717257262137212,0.6555402149580779,0.761107816742058,0.0,0.0,65.54200891863506,65.39727967763652,66.53935770281892,0.764500072374526,1.0482095228312394,21.0,32.0
leaky,59.355682789068,72.89057180833574,77.10353170175814,27.0,1.2000000000000002,36.644534847613464,0.5,6.0,1.5,7.660685083813717,0.04,800,85,3,3,0.00375,1.0,0.0,0.5399180576491139,0.5091865427354918,0.6221151908798632,1.0,1.0,68.85988419270757,65.81378233512817,69.09975794314832,0.7953915382728552,0.8838508213129235,21.0,33.0
leaky,59.799862449309046,72.54884122632002,76.66039243905743,28.0,0.8,44.27170062744893,0.1,16.0,0.5,33.301903696089724,0.08,800,91,3,3,0.00375,1.0,0.0,0.7091538243314158,0.7044064137743604,0.7111501827013083,0.0,0.0,73.96245419824524,65.33029867315688,74.73084208405214,0.6728622985880206,1.5349994021960323,23.0,32.0
leaky,59.92998691350167,72.68602252216074,76.7904332915964,28.0,0.8,44.27170062744893,0.0,20.0,0.5,41.62737962011216,0.07,800,119,3,3,0.00375,1.0,0.0,0.8119952038827459,0.728145191107871,0.9261339822002191,0.0,0.0,65.4069406145861,64.47018189828377,66.70704949884589,0.8098385276693395,0.800152676659909,24.0,29.0
leaky,59.92998691350167,72.68602252216074,76.7904332915964,28.0,0.8,44.27170062744893,0.0,20.0,0.5,41.62737962011216,0.02,800,118,3,3,0.00375,1.0,0.0,0.7257145492217686,0.7183588845497879,0.897780614311293,0.0,0.0,66.88397227580194,65.2108970846992,68.75382087173912,0.704111683683809,1.378397738771968,22.0,31.0
leaky,58.71102511812629,73.02237153679661,77.69808302359777,28.0,1.0,40.39546114489098,0.1,16.0,0.5,33.301903696089724,0.05,800,101,3,3,0.00375,1.0,0.0,0.6239857339075983,0.5710780197813452,0.7645182635623023,0.6666666666666666,0.6666666666666666,66.77888412405835,64.44945692874421,67.93369953079599,0.7985709996753294,0.880241479557917,21.0,33.0
leaky,58.62059684595815,72.44562039737653,76.53834647517067,28.0,0.8,44.27170062744893,0.4,10.0,1.0,14.426950408889635,0.05,800,106,3,3,0.00375,1.0,0.0,0.6944341841431774,0.6474061726741103,0.9218415367274673,0.0,0.0,69.13396058834883,68.21058310964933,70.83973063041608,0.7398574435645172,1.1466181225123873,25.0,30.0
leaky,59.80029766638597,72.48084956180898,76.57575681188142,28.0,0.8,44.27170062744893,0.2,12.0,0.5,24.976427772067296,0.08,800,132,3,3,0.00375,1.0,0.0,0.7322081084306499,0.6804529510092439,0.7328207435216807,0.0,0.0,65.29504324474567,64.3197367459692,69.83930196331703,0.7295207783066932,1.2168526957294667,23.0,32.0
leaky,60.0525698427027,72.52012972967543,76.52266053983666,29.0,0.8,45.85283279271496,0.1,14.0,0.5,29.13916573407851,0.03,800,100,3,3,0.00375,1.0,0.0,0.7183293166113259,0.6037219826707663,0.8163096917634628,0.3333333333333333,0.3333333333333333,70.05925311689037,66.89804881793931,72.12461843030408,0.704071922980539,1.322236277624724,23.0,32.0
leaky,58.963556096451086,73.16327113183114,77.84095897873866,29.0,1.0,41.83815618577994,0.30000000000000004,8.0,0.5,16.650951848044862,0.09,800,108,3,3,0.00375,1.0,0.0,0.8325735076983333,0.7903129773906303,0.8712681188210739,0.0,0.0,65.59522123129015,64.33494795038571,66.19044832632126,0.7898404800335966,0.918418418717845,24.0,30.0
leaky,59.171933240155354,73.21071794438267,77.57279993900539,29.0,1.0,41.83815618577994,0.5,6.0,1.0,8.656170245333781,0.09,800,107,3,3,0.00375,1.0,0.0,0.796999923856164,0.6859447704486455,0.9588957666852698,0.0,0.0,67.51361420767537,65.14199741517228,67.52207089945871,0.7913310981612471,0.9166750533724535,25.0,30.0
leaky,60.00512102715216,72.66771967870258,76.75196104960328,30.0,0.8,47.433964957981,0.0,18.0,0.5,37.464641658100945,0.01,800,93,3,3,0.00375,1.0,0.0,0.7483539863079982,0.683076327616076,0.8815608913276163,0.0,0.0,72.32885078770352,68.54520892349005,73.00462100722743,0.7720910795491234,0.9820455534728508,25.0,30.0
leaky,58.55746022863168,72.41115966409708,76.60456745393965,9.0,0.6,16.578048570345157,0.7000000000000001,22.0,2.0,26.424692993301896,0.07,800,96,2,2,0.0025,1.0,0.0,0.45532005190825964,0.4044292053555039,0.5062108984610154,1.0,1.0,66.70004323610755,66.63280179034452,66.76728468187058,0.4224837734144091,3.2381250628102185,19.5,35.5
leaky,59.5753714021847,73.33615834676962,77.35080019062455,9.0,0.6,16.578048570345157,0.7000000000000001,20.0,2.0,24.022448175728996,0.07,800,121,2,2,0.0025,1.0,0.0,0.42829674877433926,0.40300482123237014,0.4535886763163084,1.0,1.0,70.9264670363728,70.45200104669918,71.4009330260464,0.4027726121206084,3.4807858443269626,16.5,37.5
leaky,59.04719681656331,73.38333374906881,77.5866193941855,9.0,0.6,16.578048570345157,0.6000000000000001,22.0,2.0,26.424692993301896,0.04,800,106,2,2,0.0025,1.0,0.0,0.6223596697193479,0.6042719335119924,0.6404474059267032,0.5,0.5,64.40311145393406,64.00129756689927,64.80492534096885,0.42749929307330614,3.183837531174067,23.0,30.5
leaky,59.11443167495743,72.55667553057096,76.83862877964918,9.0,0.6,16.578048570345157,0.7000000000000001,24.0,1.5,30.642740335254867,0.09,800,122,2,2,0.0025,1.0,0.0,0.404674041093281,0.3307148026071108,0.4786332795794512,1.0,1.0,65.8404218724273,64.89243171952967,66.78841202532494,0.4052728999357389,3.35300207390689,18.5,36.0
leaky,59.20264262018246,72.81741482390153,76.98891800466743,9.0,0.6,16.578048570345157,0.5,24.0,1.5,30.642740335254867,0.02,800,123,2,2,0.0025,1.0,0.0,0.4230363435178459,0.421730139884789,0.4243425471509028,1.0,1.0,64.79629303574758,64.67625309431953,64.91633297717563,0.40916592776203514,3.4406057609657847,18.0,35.0
leaky,58.786179218674484,72.54560031959122,76.79599270855799,10.0,0.6,18.420053967050173,0.6000000000000001,22.0,1.5,28.089178640650296,0.06,800,115,2,2,0.0025,1.0,0.0,0.49732731040001543,0.4865990794295186,0.5080555413705122,1.0,1.0,66.1766508055868,65.09142549473951,67.2618761164341,0.4348091375935632,3.21082459407835,19.5,34.0
leaky,59.722937780121875,73.19844802856086,77.25571635240564,11.0,0.8,17.392453817926363,0.8,14.0,1.0,20.19773057244549,0.09,800,114,2,2,0.0025,1.0,0.0,0.376397196004056,0.35562089355667,0.39717349845144206,1.0,1.0,67.64053760807016,66.84412764828566,68.43694756785466,0.4168235024994662,3.3868117021315505,16.5,38.5
leaky,59.54159783284126,73.26162346368623,77.40905116041625,11.0,0.8,17.392453817926363,0.6000000000000001,24.0,1.0,34.624680981335125,0.06,800,120,2,2,0.0025,1.0,0.0,0.3378706921401278,0.30669522822315815,0.3690461560570975,1.0,1.0,64.48843836309243,64.47325628256728,64.50362044361759,0.44588521847210416,3.1440497367536593,13.0,38.5
leaky,59.443869397305505,73.28581233673016,77.52361873573663,11.0,0.8,17.392453817926363,0.8,18.0,1.0,25.968510736001342,0.1,800,118,2,2,0.0025,1.0,0.0,0.4081942217532651,0.3822235734051425,0.43416487010138766,1.0,1.0,69.11861792359171,67.95244954984216,70.28478629734127,0.46616779797904206,2.852856899372523,17.5,37.0
leaky,59.05462009428412,73.27677776620305,77.65170510939966,12.0,0.8,18.973585983192397,0.7000000000000001,20.0,1.0,28.85390081777927,0.09,800,97,2,2,0.0025,1.0,0.0,0.3480985287342132,0.3353362454408361,0.3608608120275903,1.0,1.0,66.76856458022623,65.17027404495808,68.36685511549437,0.4111755847208515,3.448520203838763,17.0,37.5
leaky,59.014019019542374,72.38377883952052,76.6713238566325,25.0,1.0,36.06737602222409,0.6000000000000001,4.0,1.0,5.7707801635558535,0.09,800,103,2,2,0.0025,1.0,0.0,0.6695454014747639,0.6404026313570027,0.6986881715925252,0.0,0.0,66.4530265726603,65.14363112510185,67.76242202021876,0.7570559090798276,1.0631466232662468,22.5,32.5
leaky,59.91055509342223,72.80296010135173,76.9490719566673,26.0,0.8,41.10943629691686,0.1,18.0,0.5,37.464641658100945,0.09,800,90,2,2,0.0025,1.0,0.0,0.6654000118414688,0.6186572444673141,0.7121427792156235,0.5,0.5,68.6756374881748,65.45289876609768,71.89837621025193,0.7500105039828826,1.1122862983227408,22.5,31.5
leaky,58.63905286487474,73.19140019308686,77.91248110703108,26.0,1.0,37.51007106311305,0.0,24.0,0.5,49.95285554413459,0.02,800,108,2,2,0.0025,1.0,0.0,0.6403621880991432,0.6261912342616499,0.6545331419366365,0.5,0.5,65.29336997109539,64.8432932360833,65.74344670610748,0.7692335166094622,1.0377229829084895,21.5,32.0
leaky,58.51620726769279,72.7820957043733,77.39039557518785,26.0,1.0,37.51007106311305,0.1,18.0,0.5,37.464641658100945,0.01,800,116,2,2,0.0025,1.0,0.0,0.7165661305472395,0.7092535537443257,0.7238787073501534,0.0,0.0,66.77470566538886,64.99722945417754,68.55218187660017,0.7251936992314167,1.251729616936064,23.0,30.5
leaky,59.152162895804594,73.15541550844216,77.65762332432898,26.0,1.0,37.51007106311305,0.2,12.0,0.5,24.976427772067296,0.02,800,109,2,2,0.0025,1.0,0.0,0.7837438190944179,0.7422906811210707,0.8251969570677652,0.0,0.0,67.61021271937892,66.70322461466799,68.51720082408985,0.7840172156704452,0.9214307883096337,21.5,31.5
leaky,58.886058380467205,72.8811469549369,77.43087611866359,26.0,1.0,37.51007106311305,0.4,6.0,0.5,12.488213886033648,0.07,800,104,2,2,0.0025,1.0,0.0,0.673516641628578,0.6546161495873205,0.6924171336698356,0.0,0.0,65.5151080384617,65.49371819147447,65.53649788544894,0.7821048400762053,0.9363198196735913,22.5,33.0
leaky,59.092651628413726,73.07596288986556,77.1748994717534,26.0,1.2000000000000002,35.28732985325741,0.5,8.0,2.0,9.608979270291599,0.03,800,101,2,2,0.0025,1.0,0.0,0.6447922703346745,0.5953214816062641,0.6942630590630847,0.5,0.5,66.95169556744126,66.0453487591328,67.85804237574972,0.7770613222412974,0.972571771053712,21.5,33.0
leaky,60.507990802796485,73.33708956763236,77.45230734751715,27.0,0.8,42.690568462182895,0.0,20.0,0.5,41.62737962011216,0.0,800,116,2,2,0.0025,1.0,0.0,0.7196009258069008,0.630793159142669,0.8084086924711327,0.5,0.5,65.60603140826984,64.02225872377069,67.18980409276901,0.769985174872123,0.991642783973618,25.0,30.5
leaky,60.059788925205766,72.74546901776839,76.81682397668392,27.0,0.8,42.690568462182895,0.1,16.0,0.5,33.301903696089724,0.05,800,113,2,2,0.0025,1.0,0.0,0.7392834597028776,0.6124543578649633,0.8661125615407919,0.5,0.5,67.4552521274787,66.09468110270063,68.81582315225677,0.727398522458752,1.23244985089952,23.5,31.0
leaky,58.82994986264923,73.33584034367138,78.05883610225584,27.0,1.0,38.952766104002016,0.0,22.0,0.5,45.79011758212337,0.06,800,96,2,2,0.0025,1.0,0.0,0.683945942013259,0.6486522968164976,0.7192395872100202,0.0,0.0,65.59922501527426,65.55269866511622,65.64575136543229,0.782273306549785,0.9422944210120496,21.5,32.0
leaky,60.170919010747475,72.83831542467405,76.91237444645009,27.0,0.8,42.690568462182895,0.2,12.0,0.5,24.976427772067296,0.07,800,123,2,2,0.0025,1.0,0.0,0.7745522830078805,0.7174677750848364,0.8316367909309246,0.0,0.0,67.59787696259812,66.53215386012982,68.66360006506642,0.7322021724141927,1.2279194569432892,22.5,31.0
leaky,60.675443605111944,73.23775217190123,77.28097413830773,27.0,0.8,42.690568462182895,0.30000000000000004,8.0,0.5,16.650951848044862,0.08,800,118,2,2,0.0025,1.0,0.0,0.6428182537825425,0.6370389404606546,0.6485975671044305,0.0,0.0,65.40559717959489,64.46100177437626,66.35019258481353,0.7362967547798678,1.1814115536884722,22.5,32.5
leaky,58.82994986264923,73.33584034367138,78.05883610225584,27.0,1.0,38.952766104002016,0.0,22.0,0.5,45.79011758212337,0.08,800,103,2,2,0.0025,1.0,0.0,0.7316786744703937,0.6387509067116173,0.8246064422291701,0.0,0.0,66.98770648228613,65.11061651802423,68.86479644654803,0.7420568284108142,1.1546188776327284,22.5,32.0
leaky,58.55523352158436,73.06916328924802,77.80677955332968,27.0,1.0,38.952766104002016,0.1,18.0,0.5,37.464641658100945,0.08,800,108,2,2,0.0025,1.0,0.0,0.768609678169968,0.7005468510434856,0.8366725052964503,0.0,0.0,68.22295567391447,68.12878140981124,68.3171299380177,0.7306480574144132,1.2270567075159442,24.0,30.0
leaky,58.74123597430671,72.47793464058734,76.9253442362713,27.0,1.0,38.952766104002016,0.30000000000000004,8.0,0.5,16.650951848044862,0.04,800,108,2,2,0.0025,1.0,0.0,0.5389005364696683,0.45504687781171155,0.622754195127625,1.0,1.0,69.22636159143713,68.64199000288941,69.81073317998482,0.6916194543219311,1.4245004780908541,19.0,35.0
leaky,59.923694660991124,73.00407387398701,77.17248093913736,27.0,1.0,38.952766104002016,0.30000000000000004,6.0,0.5,12.488213886033648,0.01,800,114,2,2,0.0025,1.0,0.0,0.7041177971111454,0.646872033051423,0.7613635611708678,0.0,0.0,67.49517275630372,66.11933731896453,68.87100819364291,0.7901442053961032,0.9221282964225309,22.5,31.0
leaky,58.568880480285,73.0507768984115,77.79701466747187,27.0,1.0,38.952766104002016,0.30000000000000004,10.0,0.5,20.81368981005608,0.09,800,103,2,2,0.0025,1.0,0.0,0.7234595604925282,0.6110606529083968,0.8358584680766596,0.5,0.5,66.50490090910756,65.52818884730297,67.48161297091214,0.824044210337759,0.7322019357181875,23.5,30.5
leaky,59.37871354209658,72.38615256259772,76.58125516233879,27.0,1.0,38.952766104002016,0.4,4.0,0.5,8.325475924022431,0.04,800,106,2,2,0.0025,1.0,0.0,0.6086715975429426,0.6085001100563346,0.6088430850295505,1.0,1.0,66.04626509167575,65.42758085589846,66.66494932745304,0.7554628364699296,1.1032081970096612,21.0,34.0
leaky,58.799244566924685,72.90687026926793,77.10852501196821,27.0,1.2000000000000002,36.644534847613464,0.5,8.0,2.0,9.608979270291599,0.04,800,103,2,2,0.0025,1.0,0.0,0.5749271700348739,0.5129200861635991,0.6369342539061489,0.5,0.5,70.20440650915188,67.80228555531147,72.6065274629923,0.7768154476727438,0.9762482111329482,23.0,31.5
leaky,58.621607902063104,72.70261341659993,77.56849652204389,27.0,1.2000000000000002,36.644534847613464,0.6000000000000001,4.0,2.0,4.804489635145799,0.1,800,110,2,2,0.0025,1.0,0.0,0.6804852660379754,0.6663846326138096,0.6945858994621411,0.0,0.0,64.47285661594557,64.1292144287845,64.81649880310664,0.8108297084805712,0.8222930613702231,20.5,31.5
leaky,59.92998691350167,72.68602252216074,76.7904332915964,28.0,0.8,44.27170062744893,0.0,20.0,0.5,41.62737962011216,0.05,800,113,2,2,0.0025,1.0,0.0,0.6026785904322054,0.4834359636086855,0.7219212172557253,0.5,0.5,65.56006393113304,63.8485203306377,67.27160753162839,0.6645070385363625,1.6379291932920945,21.0,32.0
leaky,59.92998691350167,72.68602252216074,76.7904332915964,28.0,0.8,44.27170062744893,0.0,20.0,0.5,41.62737962011216,0.08,800,118,2,2,0.0025,1.0,0.0,0.7271444524795927,0.7124116820913492,0.7418772228678361,0.0,0.0,68.27656782834038,67.99132949953918,68.56180615714156,0.7306279780927761,1.2383210238948386,22.5,30.5
leaky,60.604223896629755,73.14542545648689,77.15996471228847,28.0,0.8,44.27170062744893,0.1,14.0,0.5,29.13916573407851,0.03,800,126,2,2,0.0025,1.0,0.0,0.627469608289905,0.6081705646693223,0.6467686519104876,0.5,0.5,67.05852584133731,66.30590489970662,67.811146782968,0.7321209913542444,1.192023240152052,21.5,34.0
leaky,58.819404819537596,73.17858223429715,77.87248852124313,28.0,1.0,40.39546114489098,0.1,16.0,0.5,33.301903696089724,0.06,800,126,2,2,0.0025,1.0,0.0,0.6845385660242801,0.6767750173841767,0.6923021146643835,0.0,0.0,66.05280037984453,63.80262823522727,68.3029725244618,0.7669980766216733,1.0154553087038187,22.0,32.0
leaky,59.59917464788314,73.48155607548138,77.98219044724726,28.0,1.0,40.39546114489098,0.2,10.0,0.5,20.81368981005608,0.03,800,108,2,2,0.0025,1.0,0.0,0.6848739738306218,0.6399157052471591,0.7298322424140844,0.0,0.0,67.01133057033235,65.12396475271214,68.89869638795255,0.7538495104106445,1.0926218082802532,21.0,32.5
leaky,60.53223948905864,73.26873026543241,77.36598665985245,29.0,0.8,45.85283279271496,0.0,18.0,0.5,37.464641658100945,0.07,800,95,2,2,0.0025,1.0,0.0,0.7865296443243961,0.7839901230749705,0.7890691655738217,0.0,0.0,64.39427051181505,64.38520081884978,64.40334020478032,0.7826286002070124,0.9616874793853454,22.0,30.5
leaky,58.92648735575687,73.05087932144505,77.27229953319178,29.0,0.8,45.85283279271496,0.4,10.0,1.0,14.426950408889635,0.07,800,94,2,2,0.0025,1.0,0.0,0.7738946612308764,0.7703373488796351,0.7774519735821176,0.0,0.0,65.78297773736325,64.6379753732806,66.92798010144591,0.750762612346497,1.1082358245946893,23.5,31.0
leaky,60.16587676118672,72.68639423041674,76.70974185858074,29.0,0.8,45.85283279271496,0.1,14.0,0.5,29.13916573407851,0.04,800,99,2,2,0.0025,1.0,0.0,0.7250168944029967,0.6566157124844845,0.7934180763215087,0.0,0.0,65.5564182316941,65.50351832101894,65.60931814236923,0.7589677368372583,1.0706331595926417,21.0,32.0
leaky,58.56234260516072,72.97877155525983,77.71982327492593,29.0,1.0,41.83815618577994,0.1,16.0,0.5,33.301903696089724,0.1,800,117,2,2,0.0025,1.0,0.0,0.7623545019416657,0.6794936305656811,0.8452153733176502,0.0,0.0,68.64759888562676,68.09878276033538,69.19641501091814,0.7846071746578223,0.9255723217900531,22.5,30.5
leaky,58.81413398371699,73.03707109992831,77.3087867656468,30.0,0.8,47.433964957981,0.4,10.0,1.0,14.426950408889635,0.08,800,106,2,2,0.0025,1.0,0.0,0.8516458193095751,0.7676962412777214,0.9355953973414287,0.0,0.0,68.17339179949128,66.82933007566587,69.5174535233167,0.8163400774278982,0.7716103542941222,27.0,30.0
leaky,58.50292024116567,72.7874413697005,77.06169241221184,30.0,1.0,43.2808512266689,0.4,8.0,1.0,11.541560327111707,0.04,800,103,2,2,0.0025,1.0,0.0,0.6809202016365863,0.5803857412589751,0.7814546620141973,0.5,0.5,69.55757901427495,66.66822624195693,72.44693178659297,0.7371041369053496,1.2017551382498883,22.5,31.0
leaky,59.08972567531191,72.51193716119843,76.94711368606397,30.0,1.0,43.2808512266689,0.4,4.0,0.5,8.325475924022431,0.08,800,124,2,2,0.0025,1.0,0.0,0.6515002107663639,0.6156186262841449,0.687381795248583,0.5,0.5,64.8157566087784,63.57626750602267,66.05524571153414,0.7272487705720223,1.2176004349706597,21.0,32.5
leaky,58.664380294808225,72.40096323823613,76.72836529124804,9.0,0.6,16.578048570345157,0.5,26.0,1.5,33.19630202985944,0.03,800,115,1,1,0.00125,1.0,0.0,0.5461152378855507,0.5461152378855507,0.5461152378855507,1.0,1.0,70.8379029388663,70.8379029388663,70.8379029388663,0.5026644533760997,2.6542729643365224,20.0,33.0
leaky,59.23091488722832,73.23228574194268,77.66377188496847,9.0,0.6,16.578048570345157,0.5,26.0,1.5,33.19630202985944,0.04,800,126,1,1,0.00125,1.0,0.0,0.33527721597277205,0.33527721597277205,0.33527721597277205,1.0,1.0,69.8378251037444,69.8378251037444,69.8378251037444,0.4270394145505067,3.254081786852805,17.0,39.0
leaky,59.15354891362461,72.6738042653592,76.77374974599073,11.0,0.8,17.392453817926363,0.8,16.0,1.0,23.083120654223414,0.09,800,89,1,1,0.00125,1.0,0.0,0.29788641825046897,0.29788641825046897,0.29788641825046897,1.0,1.0,72.8329446452805,72.8329446452805,72.8329446452805,0.42619662208790543,3.1838316295763343,14.0,40.0
leaky,59.21856041098206,72.88762317925077,77.01979548822437,11.0,0.8,17.392453817926363,0.5,28.0,1.0,40.39546114489098,0.04,800,128,1,1,0.00125,1.0,0.0,0.4665774547949202,0.4665774547949202,0.4665774547949202,1.0,1.0,63.41142471053058,63.41142471053058,63.41142471053058,0.44208614312966266,3.1229721186015,20.0,34.0
leaky,58.93736946769304,73.1951492788107,77.22134153394688,12.0,1.0,17.312340490667562,0.8,14.0,1.0,20.19773057244549,0.07,800,92,1,1,0.00125,1.0,0.0,0.3078290732823962,0.3078290732823962,0.3078290732823962,1.0,1.0,63.76952608210862,63.76952608210862,63.76952608210862,0.43059898305690764,3.240533003965455,13.0,38.0
leaky,59.06443503812476,73.07381162776394,77.1391647999699,12.0,1.0,17.312340490667562,0.8,18.0,0.5,37.464641658100945,0.09,800,103,1,1,0.00125,1.0,0.0,0.27612554442650467,0.27612554442650467,0.27612554442650467,1.0,1.0,66.07828167936583,66.07828167936583,66.07828167936583,0.4000507719458453,3.5468416100310383,15.0,39.0
leaky,58.69399858622492,73.35299158765841,77.57680493689264,12.0,1.0,17.312340490667562,0.8,18.0,1.0,25.968510736001342,0.08,800,111,1,1,0.00125,1.0,0.0,0.3332070682224089,0.3332070682224089,0.3332070682224089,1.0,1.0,63.67980617671475,63.67980617671475,63.67980617671475,0.4370993053298932,3.1890323870771606,13.0,39.0
leaky,58.51897438555187,72.95544114676093,76.9646696123169,12.0,1.0,17.312340490667562,0.9,12.0,2.0,14.413468905437398,0.09,800,111,1,1,0.00125,1.0,0.0,0.35680952213390593,0.35680952213390593,0.35680952213390593,1.0,1.0,67.62122089598485,67.62122089598485,67.62122089598485,0.4013154947864149,3.5165628395304043,16.0,38.0
leaky,58.5177762576362,72.77693322408632,77.04924462404077,25.0,1.4000000000000004,32.48150232722482,0.5,6.0,1.5,7.660685083813717,0.0,800,98,1,1,0.00125,1.0,0.0,0.42736581284777103,0.42736581284777103,0.42736581284777103,1.0,1.0,67.1068259665703,67.1068259665703,67.1068259665703,0.7705047003472729,0.9903313401215369,17.0,37.0
leaky,58.67284094408518,72.4360880509451,76.84029076079207,26.0,1.0,37.51007106311305,0.2,12.0,0.5,24.976427772067296,0.0,800,105,1,1,0.00125,1.0,0.0,0.7027958942594484,0.7027958942594484,0.7027958942594484,0.0,0.0,66.97190118242429,66.97190118242429,66.97190118242429,0.7943718303181573,0.8893384328272796,21.0,33.0
leaky,59.64908985055704,73.05966442893337,77.16990616154334,26.0,1.2000000000000002,35.28732985325741,0.5,6.0,1.5,7.660685083813717,0.03,800,108,1,1,0.00125,1.0,0.0,0.54710791262987,0.54710791262987,0.54710791262987,1.0,1.0,66.98336866503587,66.98336866503587,66.98336866503587,0.8258250354863517,0.7582380468992193,20.0,34.0
leaky,59.58824764809344,72.92052876946272,77.10115952399141,26.0,1.2000000000000002,35.28732985325741,0.5,4.0,1.0,5.7707801635558535,0.03,800,123,1,1,0.00125,1.0,0.0,0.5368850361389323,0.5368850361389323,0.5368850361389323,1.0,1.0,69.25060249483623,69.25060249483623,69.25060249483623,0.654990686973033,1.6490623950248784,19.0,34.0
leaky,58.82316963888624,72.54199835313901,76.93257557450461,26.0,1.4000000000000004,33.78076242031381,0.5,6.0,2.0,7.206734452718699,0.01,800,107,1,1,0.00125,1.0,0.0,0.4000144621559871,0.4000144621559871,0.4000144621559871,1.0,1.0,71.2875836231401,71.2875836231401,71.2875836231401,0.6194907970119,1.9126524676752383,15.0,38.0
leaky,59.995578309792734,73.42744263088068,77.93621768097185,26.0,1.4000000000000004,33.78076242031381,0.5,4.0,2.0,4.804489635145799,0.02,800,112,1,1,0.00125,1.0,0.0,0.5083990849368281,0.5083990849368281,0.5083990849368281,1.0,1.0,66.76465468774175,66.76465468774175,66.76465468774175,0.8103167248671114,0.832982304364638,17.0,36.0
leaky,58.95378150300511,73.15645749916087,77.75718778330179,27.0,1.0,38.952766104002016,0.1,16.0,0.5,33.301903696089724,0.01,800,114,1,1,0.00125,1.0,0.0,0.43877199548205587,0.43877199548205587,0.43877199548205587,1.0,1.0,64.38820579392328,64.38820579392328,64.38820579392328,0.5352176188266129,2.351727493361107,18.0,39.0
leaky,59.92998691350167,72.68602252216074,76.7904332915964,28.0,0.8,44.27170062744893,0.0,20.0,0.5,41.62737962011216,0.04,800,97,1,1,0.00125,1.0,0.0,0.5593744157998594,0.5593744157998594,0.5593744157998594,1.0,1.0,64.46055434439876,64.46055434439876,64.46055434439876,0.581915548178129,2.091473653871582,18.0,33.0
leaky,60.00316297596636,72.76549607948918,76.88986795558881,28.0,0.8,44.27170062744893,0.2,12.0,0.5,24.976427772067296,0.09,800,103,1,1,0.00125,1.0,0.0,0.6646057223696168,0.6646057223696168,0.6646057223696168,0.0,0.0,67.47729616835895,67.47729616835895,67.47729616835895,0.7958924600991888,0.8910634425029077,22.0,32.0
leaky,58.822155203668,73.11521794370228,77.79363349336393,28.0,1.0,40.39546114489098,0.2,12.0,0.5,24.976427772067296,0.07,800,98,1,1,0.00125,1.0,0.0,0.6761420340388928,0.6761420340388928,0.6761420340388928,0.0,0.0,70.26674372109301,70.26674372109301,70.26674372109301,0.8237017060550372,0.7256975921264639,24.0,31.0
leaky,58.53756245017493,72.74996527294948,77.04125186042609,28.0,1.2000000000000002,38.00173984196952,0.5,8.0,2.0,9.608979270291599,0.05,800,94,1,1,0.00125,1.0,0.0,0.5326113926481805,0.5326113926481805,0.5326113926481805,1.0,1.0,71.78937617353742,71.78937617353742,71.78937617353742,0.6421296271064405,1.7219832968647586,23.0,33.0
leaky,60.53223948905864,73.26873026543241,77.36598665985245,29.0,0.8,45.85283279271496,0.0,18.0,0.5,37.464641658100945,0.1,800,101,1,1,0.00125,1.0,0.0,0.6877117176368848,0.6877117176368848,0.6877117176368848,0.0,0.0,63.49409608124971,63.49409608124971,63.49409608124971,0.7181115215359642,1.292851664366336,22.0,31.0
leaky,60.90267447292658,73.49200689913033,77.54805431124669,29.0,0.8,45.85283279271496,0.2,10.0,0.5,20.81368981005608,0.08,800,92,1,1,0.00125,1.0,0.0,0.7570670448787705,0.7570670448787705,0.7570670448787705,0.0,0.0,64.15990339506818,64.15990339506818,64.15990339506818,0.8182046454094626,0.7563653129816337,25.0,29.0
leaky,58.93169190236584,72.94648583131493,77.5161509003855,29.0,1.0,41.83815618577994,0.1,14.0,0.5,29.13916573407851,0.01,800,116,1,1,0.00125,1.0,0.0,0.664599475178064,0.664599475178064,0.664599475178064,0.0,0.0,68.55703829416868,68.55703829416868,68.55703829416868,0.7358442199181168,1.1567810976212116,23.0,32.0
leaky,58.68559265389692,72.87055903959686,77.07802589131542,29.0,1.0,41.83815618577994,0.4,8.0,1.0,11.541560327111707,0.03,800,96,1,1,0.00125,1.0,0.0,0.8445046607514158,0.8445046607514158,0.8445046607514158,0.0,0.0,64.49286151873228,64.49286151873228,64.49286151873228,0.7865450845699777,0.9253517886555767,25.0,28.0
leaky,58.93175298193117,72.70320273986275,77.18974952520325,29.0,1.0,41.83815618577994,0.2,10.0,0.5,20.81368981005608,0.03,800,115,1,1,0.00125,1.0,0.0,0.8487789875462847,0.8487789875462847,0.8487789875462847,0.0,0.0,65.6862747179253,65.6862747179253,65.6862747179253,0.7848151898108799,0.9337449235733324,24.0,29.0
leaky,60.169861780184505,72.62770848050846,76.97556834254148,29.0,1.2000000000000002,39.35894483632557,0.5,4.0,2.0,4.804489635145799,0.06,800,123,1,1,0.00125,1.0,0.0,0.45840552002577245,0.45840552002577245,0.45840552002577245,1.0,1.0,65.1760969312455,65.1760969312455,65.1760969312455,0.78383839500563,0.9323734732305123,16.0,37.0
leaky,60.00512102715216,72.66771967870258,76.75196104960328,30.0,0.8,47.433964957981,0.0,18.0,0.5,37.464641658100945,0.08,800,107,1,1,0.00125,1.0,0.0,0.7914764219553689,0.7914764219553689,0.7914764219553689,0.0,0.0,64.22878322902325,64.22878322902325,64.22878322902325,0.7121695598489378,1.3412713224394424,23.0,29.0
leaky,59.2279914314723,73.38097603639982,77.7041319257537,30.0,1.2000000000000002,40.71614983068163,0.4,6.0,1.0,8.656170245333781,0.02,800,118,1,1,0.00125,1.0,0.0,0.48873484924668403,0.48873484924668403,0.48873484924668403,1.0,1.0,67.2140033289654,67.2140033289654,67.2140033289654,0.7916668089445708,0.8934591860202684,19.0,35.0
leaky,58.53603315348802,72.46254227152107,76.80814118492547,30.0,1.0,43.2808512266689,0.5,6.0,1.0,8.656170245333781,0.09,800,125,1,1,0.00125,1.0,0.0,0.6441523459997887,0.6441523459997887,0.6441523459997887,0.0,0.0,66.51137970791346,66.51137970791346,66.51137970791346,0.7193802796795846,1.266586226809266,19.0,32.0
