family,exp_ev_ia,exp_ev_upd,exp_ev_pr3,bat_med,bat_shape,bat_scale,cure_frac,unc_med,unc_shape,unc_scale,n_attempts,n_pass_events,n_pass_futility,n_accepted,acceptance_rate,p_reach80,p_no_readout,median_hr_final,hr_final_low,hr_final_high,p_hr_below_threshold,p_success_overall,median_t80_months,p10_t80_months,p90_t80_months,median_hr_ia,median_z_ia,median_bat_alive_upd,median_gps_alive_upd
cure,59.64756801069329,72.80475526304178,76.87148104811948,17.0,0.8,26.879246809522563,0.15000000000000002,29.0,0.6,53.418156504445506,800,121,82,82,0.1025,1.0,0.0,0.5137402362361239,0.37152929390927014,0.7436328159203432,0.8902439024390244,0.8902439024390244,65.73169620954997,63.79642597354765,69.39029566340454,0.5832850819086415,2.0821749363202633,19.0,35.0
cure,60.12254939802307,73.15909007940846,77.16215677411569,17.0,0.8,26.879246809522563,0.2,24.0,0.6,44.208129520920416,800,118,82,82,0.1025,1.0,0.0,0.5074227888437761,0.36732051839236946,0.7144821301746261,0.8414634146341463,0.8414634146341463,66.10951049622153,63.60886175881584,70.17502163556897,0.5976014696550901,2.0028108127215436,19.0,34.0
cure,58.776668086597866,72.43200742353889,76.7667780777806,18.0,0.6,33.15609714069031,0.15000000000000002,25.0,0.8999999999999999,37.56648901111381,800,123,80,80,0.1,1.0,0.0,0.6852201925577378,0.47260713260476794,0.964359512277275,0.425,0.425,66.0260438369638,63.31448537723373,69.5750006607326,0.6081664323057956,1.90662725771105,22.0,31.5
cure,60.04877362511316,73.47360900664873,77.65714796070378,18.0,0.8,28.460378974788597,0.1,29.0,0.6,53.418156504445506,800,114,78,78,0.0975,1.0,0.0,0.6052054108247513,0.37620885822690986,0.841887897398782,0.6538461538461539,0.6538461538461539,66.12724975015064,63.86121704070983,69.1552284174009,0.6590869973908122,1.5935258366918639,21.0,32.0
cure,59.78957021973967,73.03297385048836,77.14333576666155,18.0,0.8,28.460378974788597,0.15000000000000002,26.0,0.6,47.89214031433045,800,125,77,77,0.09625,1.0,0.0,0.5504427271448299,0.35730422332516365,0.7624397558523202,0.7922077922077922,0.7922077922077922,65.72731622846855,63.5634795387179,70.3760585368931,0.6194680783680394,1.8606812667321322,20.0,34.0
cure,58.62099835040402,73.26894393565398,77.7451461718107,19.0,1.0,27.411205776890306,0.25,21.0,0.6,38.682113330805365,800,123,77,77,0.09625,1.0,0.0,0.510726692362808,0.3417912534816327,0.7706693432164147,0.8311688311688312,0.8311688311688312,65.9078163356114,63.66794251884279,68.37851697009279,0.6088328545373412,1.9121338972314885,19.0,35.0
cure,59.53264896165163,73.21621466261905,77.54758061982473,17.0,0.6,31.314091743985294,0.15000000000000002,25.0,0.8999999999999999,37.56648901111381,800,110,74,74,0.0925,1.0,0.0,0.5991774080256922,0.458749447921776,0.9201271258941802,0.581081081081081,0.581081081081081,65.35218958812627,63.67557770610648,69.50414176552972,0.5710275502278213,2.1278927556116294,22.0,32.0
cure,58.89609404058467,73.49942754325836,77.91973078702718,18.0,1.0,25.968510736001342,0.25,23.0,0.6,42.366124124215396,800,116,74,74,0.0925,1.0,0.0,0.48449700726459094,0.34923450400810196,0.6397769034731842,0.972972972972973,0.972972972972973,65.24826919479207,63.63045226326472,68.71670083052643,0.6208828165108742,1.8280845160495556,18.0,36.0
cure,58.69826041829514,72.42289010938462,76.76065946491883,20.0,0.6,36.840107934100345,0.15000000000000002,23.0,0.8999999999999999,34.561169890224704,800,117,74,74,0.0925,1.0,0.0,0.6784314818445435,0.49962905691155857,0.9724314224909728,0.35135135135135137,0.35135135135135137,66.17671679543176,63.68386043518091,69.00292750091657,0.6250485735369582,1.8163772328405705,23.0,31.0
cure,58.57387629353245,73.05843554043221,77.4441387384474,17.0,0.6,31.314091743985294,0.30000000000000004,20.0,1.1999999999999997,27.144099887121083,800,107,73,73,0.09125,1.0,0.0,0.6299632956681938,0.43963757227446326,0.8984738805068608,0.5205479452054794,0.5205479452054794,65.80727371887178,63.49026615343932,68.96486967285496,0.5287085478794045,2.3814091494344525,22.0,31.0
cure,59.170261831648006,73.05243483689853,77.5013761090757,17.0,0.6,31.314091743985294,0.1,28.0,0.8999999999999999,42.07446769244746,800,117,73,73,0.09125,1.0,0.0,0.6371367682028597,0.42130750163052083,0.9205375275286201,0.4794520547945205,0.4794520547945205,65.1890392072535,63.31218948286557,70.12247113164864,0.5699555788400535,2.134818804349989,22.0,32.0
cure,59.853442043963724,72.90830991741649,76.94109175183864,16.0,0.6,29.47208634728028,0.25,21.0,0.8999999999999999,31.5558507693356,800,109,72,72,0.09,1.0,0.0,0.5892306967744227,0.4070616331348048,0.8172326084739803,0.6805555555555556,0.6805555555555556,65.96822066092065,63.64297352222927,69.41610944016509,0.5357527462269409,2.3858876437608223,21.0,33.0
cure,59.478461567993946,72.81404851459175,76.99995355203151,16.0,0.6,29.47208634728028,0.2,24.0,0.8999999999999999,36.06382945066925,800,119,72,72,0.09,1.0,0.0,0.5895621252811925,0.38748458365761207,0.8621067803719304,0.625,0.625,65.53762349511402,63.525591645549135,69.77179795444746,0.5607062931352549,2.1965372845749975,22.0,32.0
cure,58.96132338546929,73.45856557361769,77.80156500049934,17.0,1.0,24.525815695112378,0.25,26.0,0.6,47.89214031433045,800,111,72,72,0.09,1.0,0.0,0.4270732626592229,0.30841971589940176,0.6253401106192232,0.9861111111111112,0.9861111111111112,66.092192768106,63.76846968959226,68.97228618577181,0.5230611965524887,2.5389240340556354,17.0,37.0
cure,58.853834923497004,72.69041134458982,76.75585591315559,17.0,1.0,24.525815695112378,0.4,15.0,0.6,27.63008095057526,800,112,72,72,0.09,1.0,0.0,0.4337361479979519,0.3320613188136012,0.6079774570911292,0.9861111111111112,0.9861111111111112,67.26058259203222,63.82943053722314,71.42539216215205,0.5774800794889854,2.0789927456531756,17.5,37.0
cure,59.72530224711615,72.80169868949022,76.81528811870552,18.0,0.6,33.15609714069031,0.25,19.0,0.8999999999999999,28.550531648446494,800,127,72,72,0.09,1.0,0.0,0.6722288610376808,0.4752511816511873,0.937410393222345,0.3611111111111111,0.3611111111111111,66.48684990484892,63.62516795246176,70.19583265409662,0.6241618680492348,1.8119621270736719,23.0,31.0
cure,59.436146536303724,73.27936192773394,77.37339046133626,18.0,1.0,25.968510736001342,0.4,12.0,0.6,22.104064760460208,800,127,72,72,0.09,1.0,0.0,0.46317517715108864,0.30443382155960486,0.6225283067695828,1.0,1.0,66.14626713922249,63.67986456192768,70.45440619487924,0.5900074681199502,2.0169661308419267,18.0,36.0
cure,58.857671533849256,73.05537253494221,77.32843962211024,17.0,0.8,26.879246809522563,0.35000000000000003,18.0,0.8999999999999999,27.04787208800194,800,111,71,71,0.08875,1.0,0.0,0.5359828246900148,0.3539345975210853,0.8471690801074918,0.8873239436619719,0.8873239436619719,65.57975435309248,63.48029630898278,69.53347909002346,0.5683260851408506,2.1427107069890194,20.0,34.0
cure,58.931006931972945,72.5414254949703,76.8672437502691,17.0,0.6,31.314091743985294,0.15000000000000002,26.0,0.8999999999999999,39.06914857155836,800,113,70,70,0.0875,1.0,0.0,0.6311241334867047,0.41234069226283643,0.8288860366360752,0.5142857142857142,0.5142857142857142,65.34546683656457,63.54081905485747,68.37617033258412,0.5873201230088327,2.0579094424187017,22.0,32.0
cure,58.61146054402179,73.07696298765144,77.4143219551604,17.0,1.0,24.525815695112378,0.25,27.0,0.6,49.73414571103547,800,114,70,70,0.0875,1.0,0.0,0.4267014546266807,0.31316320005873893,0.6554870483878453,0.9714285714285714,0.9714285714285714,65.83007552313018,63.74142275542481,69.48130952371422,0.5231764573256059,2.5061181201639915,17.5,37.0
cure,60.20496164215139,73.48418529471591,77.60050017479674,18.0,0.8,28.460378974788597,0.15000000000000002,25.0,0.6,46.050134917625435,800,113,69,69,0.08625,1.0,0.0,0.5560568742520198,0.40000573280947266,0.8746274307665991,0.782608695652174,0.782608695652174,66.6522965925237,63.497551303203764,69.62866968123248,0.6100748405027162,1.8886859680685384,20.0,34.0
cure,58.95878842055865,73.39372791401038,77.77300045022281,19.0,1.0,27.411205776890306,0.30000000000000004,17.0,0.6,31.314091743985294,800,110,69,69,0.08625,1.0,0.0,0.49389290598900676,0.34955454660974916,0.6374893351960467,0.9710144927536232,0.9710144927536232,65.70108365676882,63.68132123411558,68.81526350281071,0.6413405731106838,1.7290804334249024,18.0,35.0
cure,58.55301190146585,73.0037685303924,77.70948357588065,20.0,0.6,36.840107934100345,0.0,30.0,0.8999999999999999,45.07978681333657,800,118,69,69,0.08625,1.0,0.0,0.7423629017256059,0.49657482276929393,0.9861362243727705,0.2318840579710145,0.2318840579710145,65.16459285244264,63.43394868615898,67.72952485176427,0.6236181548286028,1.7746864996057319,24.0,30.0
cure,59.737589265728396,73.3712618643938,77.69090720753867,16.0,0.6,29.47208634728028,0.15000000000000002,26.0,0.8999999999999999,39.06914857155836,800,105,68,68,0.085,1.0,0.0,0.6201339646769372,0.4130176524459948,0.8530215588323639,0.5735294117647058,0.5735294117647058,65.4116681238821,63.511715301758315,70.18172537641563,0.5279210145311305,2.4202851907742113,22.0,32.0
cure,59.55728582708896,72.60510759937745,76.6361122412142,18.0,0.8,28.460378974788597,0.2,23.0,0.6,42.366124124215396,800,102,68,68,0.085,1.0,0.0,0.5390490454123888,0.31304407790423355,0.7636687988716913,0.8088235294117647,0.8088235294117647,65.8976142990766,63.73219408530704,69.6936040997656,0.602953756015891,1.9300988562893484,20.0,34.0
cure,59.11223255658791,72.50318392319596,76.70362846957198,19.0,0.8,30.04151114005463,0.1,29.0,0.6,53.418156504445506,800,112,68,68,0.085,1.0,0.0,0.5712389516100513,0.4132398453738304,0.7643028525372981,0.75,0.75,66.33823620245741,63.75973464193041,69.82850994298133,0.6376870499801086,1.7431276294036273,20.0,33.0
cure,58.99066000738347,72.7986280991761,76.922554706672,19.0,1.0,27.411205776890306,0.4,11.0,0.6,20.262059363755192,800,117,68,68,0.085,1.0,0.0,0.4774554776297566,0.35717187352344437,0.6885435785375645,0.8970588235294118,0.8970588235294118,66.31894803015074,64.0013038870833,70.11447215489325,0.6443646507530639,1.7086626041114328,19.0,36.0
cure,59.4840175271876,72.9822782501892,77.27485503240914,15.0,0.6,27.63008095057526,0.15000000000000002,28.0,0.8999999999999999,42.07446769244746,800,125,67,67,0.08375,1.0,0.0,0.571292835270579,0.42877226049301076,0.7518523974908328,0.6716417910447762,0.6716417910447762,65.52747424131448,63.93059309287911,68.61719158592776,0.5029554688688486,2.6024649289827324,21.0,32.0
cure,58.90287424272058,72.64261371330775,77.05992905057235,16.0,0.6,29.47208634728028,0.1,30.0,0.8999999999999999,45.07978681333657,800,109,67,67,0.08375,1.0,0.0,0.5966861078309204,0.4243172032970351,0.8043457815313187,0.6567164179104478,0.6567164179104478,66.27542977104846,63.79529268489957,69.93036050178014,0.5365821565487536,2.3663837031228216,22.0,32.0
cure,59.30051830722474,72.67519725011923,76.86704732638964,17.0,0.6,31.314091743985294,0.2,23.0,0.8999999999999999,34.561169890224704,800,109,67,67,0.08375,1.0,0.0,0.640309797588874,0.46689765210253587,0.864617074272473,0.4925373134328358,0.4925373134328358,65.72792786539881,63.78490433546386,69.39489149132245,0.5595939786799297,2.2279697597819665,22.0,31.0
cure,60.010356056428776,73.2034484881097,77.27722700953791,17.0,0.8,26.879246809522563,0.15000000000000002,28.0,0.6,51.576151107740486,800,109,67,67,0.08375,1.0,0.0,0.5033420938842128,0.3416304397279557,0.7100511417159924,0.9701492537313433,0.9701492537313433,65.78381265381347,63.83288021813717,70.91192448626768,0.5553008059581352,2.2700098310473718,19.0,35.0
cure,59.68063927476937,73.06764055905217,77.24345546409081,18.0,0.8,28.460378974788597,0.1,30.0,0.6,55.26016190115052,800,108,67,67,0.08375,1.0,0.0,0.5397312743759239,0.3554572437984741,0.7302048117378503,0.8059701492537313,0.8059701492537313,66.35686015290854,63.75317521647879,69.99503873214391,0.6072867727387253,1.8555120564551328,20.0,34.0
cure,58.55426712293183,73.12291835905744,77.58246736247642,17.0,0.8,26.879246809522563,0.30000000000000004,21.0,0.8999999999999999,31.5558507693356,800,120,66,66,0.0825,1.0,0.0,0.5183460774009674,0.36095953710036166,0.7060306507656514,0.8484848484848485,0.8484848484848485,65.40359068386192,63.72170192540119,68.73632638756948,0.5271784618652039,2.4843770270564502,20.0,34.0
cure,59.909781950573596,73.36528165851126,77.54908685775973,18.0,0.6,33.15609714069031,0.2,21.0,0.8999999999999999,31.5558507693356,800,109,66,66,0.0825,1.0,0.0,0.6751729218698806,0.3922580085230292,0.9153665140472836,0.42424242424242425,0.42424242424242425,65.57622298934332,63.807126363992495,69.13091718897054,0.59805325000581,1.9973590001052117,23.0,31.0
cure,59.70424566483032,72.98509132660895,77.12373418270374,19.0,0.8,30.04151114005463,0.15000000000000002,24.0,0.6,44.208129520920416,800,112,66,66,0.0825,1.0,0.0,0.5877813511819625,0.3856729640697498,0.8156161869748805,0.6818181818181818,0.6818181818181818,65.40906811497433,63.59520171877682,70.53356159650544,0.650605801331624,1.6526446717375098,20.0,33.0
cure,60.05882225644412,73.0822778612511,77.11279067926239,15.0,0.6,27.63008095057526,0.25,22.0,0.8999999999999999,33.058510329780155,800,109,65,65,0.08125,1.0,0.0,0.5879616417460023,0.3898459228379607,0.7903545161656966,0.6461538461538462,0.6461538461538462,66.02630392565108,63.849802381492346,70.46176595765513,0.5417390274252133,2.341500068817167,22.0,32.0
cure,58.50448301634008,72.42921900791254,76.57932669706642,16.0,0.6,29.47208634728028,0.35000000000000003,19.0,1.1999999999999997,25.78689489276503,800,113,65,65,0.08125,1.0,0.0,0.573098445516522,0.4224573261860591,0.8466029623802309,0.7076923076923077,0.7076923076923077,65.9199681129735,63.738001640274746,69.87285740570782,0.5044938077595511,2.602673045617178,21.0,32.0
cure,59.165512910217046,72.72383647943262,77.0356759304905,16.0,0.6,29.47208634728028,0.15000000000000002,27.0,0.8999999999999999,40.571808132002914,800,112,65,65,0.08125,1.0,0.0,0.5930343104291044,0.43958117594857077,0.9652598276727825,0.6153846153846154,0.6153846153846154,66.2553879489622,63.924080453888855,70.3992407108746,0.5788172696939783,2.1002011715142754,22.0,32.0
cure,59.96417908991218,73.3964284333859,77.58458794270456,17.0,0.6,31.314091743985294,0.2,22.0,0.8999999999999999,33.058510329780155,800,122,65,65,0.08125,1.0,0.0,0.6251796399659653,0.45649907560019365,0.8642393294824916,0.5538461538461539,0.5538461538461539,65.61062404013465,63.467116230507244,69.45916300409395,0.558091989897396,2.246894550683752,22.0,32.0
cure,59.409792126057255,73.25152264272378,77.30876727217696,17.0,1.0,24.525815695112378,0.4,14.0,0.6,25.788075553870243,800,107,65,65,0.08125,1.0,0.0,0.43234429034386956,0.3037908030729709,0.6100656180417061,0.9846153846153847,0.9846153846153847,65.98120349162585,64.07165820901257,69.62565868823069,0.5596419267552727,2.175730092170814,17.0,37.0
cure,59.08140952441055,73.48898760795751,77.82180277858217,18.0,1.0,25.968510736001342,0.30000000000000004,19.0,0.6,34.998102537395326,800,107,65,65,0.08125,1.0,0.0,0.44041446095841535,0.32333825072355904,0.625134732661322,0.9846153846153847,0.9846153846153847,65.36824189112554,63.41390420947651,68.81764025248016,0.5391566873573135,2.425007576912478,17.0,37.0
cure,59.427254490552485,73.25015395919692,77.6809178302658,16.0,0.6,29.47208634728028,0.1,29.0,0.8999999999999999,43.57712725289202,800,113,64,64,0.08,1.0,0.0,0.6197684922893778,0.45075299897602267,0.8674284791349058,0.578125,0.578125,65.4959821245275,63.717916742033196,68.7641231560773,0.5411489270131852,2.343907907617222,22.0,32.0
cure,58.70611886165877,73.16795534821446,77.49987235342577,18.0,0.6,33.15609714069031,0.30000000000000004,19.0,1.1999999999999997,25.78689489276503,800,107,64,64,0.08,1.0,0.0,0.6900486395326211,0.46472453958046106,0.9850995946850452,0.375,0.375,66.13550799299115,63.835907475217105,71.1581853762369,0.5945909997673716,2.0099131705230526,24.0,30.0
cure,59.03420160335607,72.67413604088364,76.68945261523194,18.0,0.8,28.460378974788597,0.4,14.0,0.8999999999999999,21.03723384622373,800,99,64,64,0.08,1.0,0.0,0.551012728051304,0.37103965164886604,0.7164941286027834,0.828125,0.828125,65.97881738846962,63.71886018271905,70.08922261539543,0.588965581869759,2.007633832987154,20.0,33.0
cure,58.853835503393086,72.879327833112,77.35645745351798,20.0,0.6,36.840107934100345,0.1,25.0,0.8999999999999999,37.56648901111381,800,102,64,64,0.08,1.0,0.0,0.7390331029594281,0.5112697496308146,1.0413415182714476,0.234375,0.234375,65.35234297480011,63.65637838356846,69.75438777203729,0.6252823020747682,1.784063132914377,24.0,30.0
cure,59.23919842250929,72.83590613420012,77.13297577863187,20.0,0.8,31.62264330532066,0.05,30.0,0.6,55.26016190115052,800,112,64,64,0.08,1.0,0.0,0.6079583510550008,0.43612546883865694,0.8272213920530784,0.59375,0.59375,65.58362120900551,63.56581766427658,69.935336903815,0.6800592989492953,1.4852208588883662,21.0,33.0
cure,60.36182614855315,73.48957540411263,77.5178130241694,16.0,0.8,25.29811464425653,0.15000000000000002,30.0,0.6,55.26016190115052,800,104,63,63,0.07875,1.0,0.0,0.47514788991422163,0.3386129962627936,0.6746812260777457,0.9047619047619048,0.9047619047619048,65.63105636301202,63.458651637472165,71.48141438739971,0.5481274330761884,2.332942671644728,19.0,35.0
cure,59.05974675336674,73.30563014903879,77.89974604890821,19.0,0.6,34.998102537395326,0.05,28.0,0.8999999999999999,42.07446769244746,800,101,63,63,0.07875,1.0,0.0,0.6852592899748908,0.48065655900239324,0.9682341140103473,0.3968253968253968,0.3968253968253968,65.40082947699014,63.67902464309345,70.97847843227245,0.5762040944218937,2.0733742170586367,23.0,31.0
cure,59.942010443282925,73.40920737790785,77.58159621542704,19.0,0.6,34.998102537395326,0.2,20.0,0.8999999999999999,30.053191208891047,800,116,63,63,0.07875,1.0,0.0,0.7062443107076903,0.49981341411891445,0.9678846458029581,0.3492063492063492,0.3492063492063492,65.17784223521836,63.65750235738284,67.8854287015051,0.6237630770595045,1.8283800836401312,23.0,30.0
cure,59.23488706062579,73.3447042480754,77.5555294246047,19.0,0.8,30.04151114005463,0.35000000000000003,15.0,0.8999999999999999,22.539893406668284,800,97,63,63,0.07875,1.0,0.0,0.5693557090529925,0.4040092668726016,0.8140746644515416,0.6666666666666666,0.6666666666666666,65.82848179033051,63.80536805400162,69.75427530544539,0.6312158676723576,1.782284087940929,21.0,33.0
cure,59.89155594965099,73.32046412479431,77.58803676892529,14.0,0.6,25.788075553870243,0.15000000000000002,29.0,0.8999999999999999,43.57712725289202,800,119,62,62,0.0775,1.0,0.0,0.5497656016926946,0.40097273076919504,0.7377704518158624,0.7419354838709677,0.7419354838709677,65.32154730668333,63.7346561973895,68.51520577101756,0.5029218801996198,2.6543453583470082,21.0,33.0
cure,59.74532649643047,73.03172072821084,77.2053649497382,15.0,0.6,27.63008095057526,0.2,25.0,0.8999999999999999,37.56648901111381,800,111,62,62,0.0775,1.0,0.0,0.5786220864934631,0.43056197640015687,0.9111406069579715,0.6290322580645161,0.6290322580645161,65.58137010716634,63.52058205692806,69.04661387006462,0.5497842512552835,2.2799612621896683,21.0,32.0
cure,58.69934145012786,72.6670837935504,76.75781059250265,16.0,1.0,23.083120654223414,0.35000000000000003,22.0,0.6,40.524118727510384,800,108,62,62,0.0775,1.0,0.0,0.38638110105964985,0.31986525746551386,0.5395451337679136,1.0,1.0,66.00490565425052,63.756594219597154,70.19112894724643,0.4945246746545521,2.7030306718141937,16.5,37.5
cure,58.57501375332986,72.8641661096414,77.12590720225452,17.0,1.0,24.525815695112378,0.30000000000000004,23.0,0.6,42.366124124215396,800,101,62,62,0.0775,1.0,0.0,0.4273859560998477,0.3098992490506141,0.5599540064262852,0.9838709677419355,0.9838709677419355,65.57900695618982,63.55860675955462,69.0606171626996,0.5581951623535631,2.2150926584614155,16.0,37.0
cure,58.99092720714546,72.92630797716382,77.38894526983408,18.0,0.6,33.15609714069031,0.1,27.0,0.8999999999999999,40.571808132002914,800,104,62,62,0.0775,1.0,0.0,0.6761069114538809,0.4823287829669337,0.9702637541106804,0.3064516129032258,0.3064516129032258,65.2835954371128,63.49860862140555,69.6583865083557,0.6161956363560395,1.8843095196694641,23.0,30.0
cure,58.61284594589393,72.99589396541519,77.3281713888907,18.0,1.0,25.968510736001342,0.30000000000000004,20.0,0.6,36.840107934100345,800,106,62,62,0.0775,1.0,0.0,0.440428488457552,0.3204198173261114,0.6325024274894865,0.9838709677419355,0.9838709677419355,66.24038766234824,63.49512109774151,69.80684455886549,0.5484151212826557,2.2995935667590004,17.5,36.0
cure,58.565898494353604,73.22554174076299,77.44469664009242,19.0,1.2000000000000002,25.78689489276503,0.5,7.0,0.6,12.894037776935122,800,104,62,62,0.0775,1.0,0.0,0.4113307857767984,0.277201704037512,0.5866765972727146,0.9838709677419355,0.9838709677419355,65.8622796212791,63.90873906174782,70.04905977547679,0.5786996546711911,2.106540569092001,16.0,37.5
cure,60.105670511980364,73.33181053790197,77.48656682774111,14.0,0.6,25.788075553870243,0.2,26.0,0.8999999999999999,39.06914857155836,800,119,61,61,0.07625,1.0,0.0,0.565442289590586,0.3778798541290866,0.8054289918603318,0.7704918032786885,0.7704918032786885,65.61845327346676,63.35150420916163,69.54868422681477,0.5138593431352606,2.5459440668433984,21.0,33.0
cure,60.36323561027506,73.34130912382854,77.36161528316948,14.0,0.6,25.788075553870243,0.25,23.0,0.8999999999999999,34.561169890224704,800,112,61,61,0.07625,1.0,0.0,0.5484309473907143,0.3715112394780998,0.8380661741123175,0.7540983606557377,0.7540983606557377,65.98670011768743,64.10131048966124,69.53716558655051,0.518671933616858,2.5154405415214653,21.0,33.0
cure,59.22327749623892,72.93276380278655,76.97315728808337,17.0,0.8,26.879246809522563,0.4,15.0,0.8999999999999999,22.539893406668284,800,98,61,61,0.07625,1.0,0.0,0.47994159685205773,0.37574263902965305,0.6842052451513755,0.9016393442622951,0.9016393442622951,65.84665164038749,63.75278016414869,70.04596355395795,0.587429147846751,2.0401972152480354,19.0,35.0
cure,58.58336653720867,72.76506889275203,77.03518180540719,18.0,0.8,28.460378974788597,0.35000000000000003,17.0,0.8999999999999999,25.54521252755739,800,111,61,61,0.07625,1.0,0.0,0.521740239182756,0.3558764365090745,0.8007607740905703,0.7704918032786885,0.7704918032786885,65.76457603690359,63.46786385507335,70.86657605558523,0.5801846940018826,2.0821807897397444,20.0,34.0
cure,58.88617930682428,72.8692646743595,77.34128846766536,19.0,0.6,34.998102537395326,0.1,26.0,0.8999999999999999,39.06914857155836,800,114,61,61,0.07625,1.0,0.0,0.702185952510512,0.47916786223756747,0.9758563932876142,0.2459016393442623,0.2459016393442623,66.18880471781563,63.6983780085812,68.76172008133665,0.6401652238834461,1.6902931216806998,24.0,30.0
cure,58.69158285760888,73.29210300874234,77.74349280099969,19.0,0.8,30.04151114005463,0.30000000000000004,18.0,0.8999999999999999,27.04787208800194,800,110,61,61,0.07625,1.0,0.0,0.6057432196673393,0.4101219737255825,0.8581581045182655,0.6721311475409836,0.6721311475409836,64.87151040249935,63.685609494094464,69.04220299752447,0.6213685517950381,1.8276098511921404,21.0,33.0
cure,58.5428190695291,72.47929173628188,76.67296216614272,15.0,0.6,27.63008095057526,0.35000000000000003,20.0,1.1999999999999997,27.144099887121083,800,106,60,60,0.075,1.0,0.0,0.5731865647526004,0.3831103407283474,0.7605238318054677,0.6666666666666666,0.6666666666666666,65.51607789301966,63.8147561768512,70.10216117119175,0.49651025484134614,2.6675790802934434,21.5,32.0
cure,58.62067215679703,72.42031758977342,76.85725437299621,17.0,0.6,31.314091743985294,0.1,29.0,0.8999999999999999,43.57712725289202,800,106,60,60,0.075,1.0,0.0,0.599823754340846,0.49788532298802846,0.9196483185802176,0.65,0.65,65.84928040110665,63.518486843833074,70.6464228502475,0.5561568900124279,2.234547236378414,22.0,32.0
cure,58.97205837616485,73.28940004123953,77.55444840161154,17.0,1.0,24.525815695112378,0.30000000000000004,22.0,0.6,40.524118727510384,800,113,60,60,0.075,1.0,0.0,0.44945841513992857,0.3153141094008041,0.6001457730866571,1.0,1.0,65.32155781333856,63.57098904388215,69.13484929594627,0.5549017704171941,2.296732416259329,17.0,36.0
cure,59.20819821485841,72.61222119430576,76.80378540066043,18.0,0.6,33.15609714069031,0.2,22.0,0.8999999999999999,33.058510329780155,800,97,60,60,0.075,1.0,0.0,0.6406676427892117,0.41124940801923376,0.924762305873812,0.5,0.5,65.31713943980415,63.67537922333206,70.89516548450096,0.5780610500815332,2.0927850699723622,22.0,31.0
cure,58.69970794398529,72.39313792472038,76.73191760587366,19.0,0.6,34.998102537395326,0.15000000000000002,24.0,0.8999999999999999,36.06382945066925,800,115,60,60,0.075,1.0,0.0,0.6846617513579571,0.45030090299439723,0.9326843115764933,0.38333333333333336,0.38333333333333336,65.12129709352931,63.76582974836818,70.0049606041466,0.5640997649160254,2.1804662841739546,23.0,31.0
cure,59.43554143712019,72.8970986059402,77.13033263733583,20.0,0.8,31.62264330532066,0.1,26.0,0.6,47.89214031433045,800,117,60,60,0.075,1.0,0.0,0.6205596308791514,0.42688226800832285,0.8815314858533385,0.5833333333333334,0.5833333333333334,66.3980618532076,64.03083270190912,70.16755609875064,0.6661047050076563,1.550201780440789,21.0,33.0
cure,58.58716402779771,73.15016463731148,77.58453535839331,20.0,0.8,31.62264330532066,0.30000000000000004,17.0,0.8999999999999999,25.54521252755739,800,104,60,60,0.075,1.0,0.0,0.6004825326200447,0.4496314628977015,0.8322705302638795,0.55,0.55,65.57189145864422,63.68460225627641,68.0329464369816,0.657294070834517,1.6198738291415136,22.0,32.0
cure,58.60075183019262,72.7591513763179,77.03587443163568,16.0,0.8,25.29811464425653,0.35000000000000003,20.0,0.8999999999999999,30.053191208891047,800,114,59,59,0.07375,1.0,0.0,0.5077237343105637,0.35152432843787856,0.7314041341181073,0.8305084745762712,0.8305084745762712,64.75969000588151,63.436871527699985,69.03368178163775,0.5236632835900277,2.528024547335543,19.0,34.0
cure,59.098794624576854,73.20545970531809,77.3784103461949,17.0,1.0,24.525815695112378,0.35000000000000003,18.0,0.6,33.15609714069031,800,102,59,59,0.07375,1.0,0.0,0.4362114078503228,0.2844705871607411,0.5835001932752265,1.0,1.0,65.7508662611397,63.606084549566745,68.99940291352597,0.546986712370459,2.2877691021721605,17.0,36.0
cure,58.739753515594025,72.5395718490813,76.55338973422835,18.0,0.6,33.15609714069031,0.35000000000000003,17.0,1.1999999999999997,23.07248490405292,800,96,59,59,0.07375,1.0,0.0,0.6259576140019358,0.45846219990552056,0.9065339667131475,0.559322033898305,0.559322033898305,66.25564447400038,63.54098988054913,70.77144939632093,0.5524508783713891,2.2609070859000346,22.0,31.0
cure,59.89768005003786,73.36475761790999,77.57982232895012,19.0,0.8,30.04151114005463,0.1,27.0,0.6,49.73414571103547,800,107,59,59,0.07375,1.0,0.0,0.5916624063013585,0.3681829337407521,0.7753975525834502,0.711864406779661,0.711864406779661,66.02145840517163,63.628562890981904,68.69515172934507,0.6357495342553311,1.746636550005689,20.0,33.0
cure,58.90821298505756,73.06230534578101,77.32661579549753,19.0,1.0,27.411205776890306,0.35000000000000003,14.0,0.6,25.788075553870243,800,113,59,59,0.07375,1.0,0.0,0.4938213481515052,0.3533828114916169,0.7411408641866202,0.847457627118644,0.847457627118644,65.74709883997451,63.66186171047421,70.2963593888614,0.6596243921462448,1.6112241552867859,18.0,35.0
cure,59.39630793780975,72.74667611478787,77.00154736588149,14.0,0.6,25.788075553870243,0.15000000000000002,30.0,0.8999999999999999,45.07978681333657,800,116,58,58,0.0725,1.0,0.0,0.5446013124747877,0.4329395995830574,0.8369652570099642,0.7758620689655172,0.7758620689655172,66.02619547589859,63.496453004091215,70.78723705459616,0.5248100584609441,2.491182102273961,21.0,33.0
cure,59.19010012495856,73.3809478110131,77.96127086744926,18.0,0.6,33.15609714069031,0.05,29.0,0.8999999999999999,43.57712725289202,800,92,58,58,0.0725,1.0,0.0,0.687590452209712,0.48096804540182586,0.9547258645034185,0.3103448275862069,0.3103448275862069,65.26433944223916,63.36067857141801,67.24983762309441,0.6438604242496618,1.680090670563095,23.5,30.5
cure,58.63658764113599,72.73965532924117,77.3057827111062,18.0,0.6,33.15609714069031,0.05,30.0,0.8999999999999999,45.07978681333657,800,109,58,58,0.0725,1.0,0.0,0.6422048142673924,0.49889266001203847,0.9853932309884402,0.5,0.5,65.5708295418423,63.718622983686124,68.99405056008857,0.5652319870362592,2.1834523289000973,22.0,31.0
cure,59.3930589994325,72.60049091972661,76.70446031527743,18.0,0.8,28.460378974788597,0.15000000000000002,27.0,0.6,49.73414571103547,800,94,58,58,0.0725,1.0,0.0,0.5724009036792923,0.3707124247055621,0.7539498520282508,0.7586206896551724,0.7586206896551724,66.56618105080452,63.91837614659686,70.64295637406605,0.6618767557650944,1.6221606294301942,20.0,34.0
cure,58.51911495326553,73.46996669069591,78.10167119609255,18.0,0.8,28.460378974788597,0.25,22.0,0.8999999999999999,33.058510329780155,800,91,58,58,0.0725,1.0,0.0,0.539321453576991,0.3944288567799649,0.7827671650463368,0.8103448275862069,0.8103448275862069,66.4795335238151,63.67259283135166,68.64571178870611,0.5395305700983253,2.3223198300631807,20.0,34.0
cure,59.36763695903318,73.12730959873079,77.4658471644781,19.0,0.6,34.998102537395326,0.15000000000000002,23.0,0.8999999999999999,34.561169890224704,800,103,58,58,0.0725,1.0,0.0,0.6613236364859966,0.5056989422180078,1.0267344529372022,0.41379310344827586,0.41379310344827586,65.20781530425789,63.486339129507535,69.69149490196641,0.6115869933149019,1.8864107760767295,22.5,31.0
cure,59.2274280646048,73.24174595971587,77.41141660154835,20.0,0.8,31.62264330532066,0.35000000000000003,14.0,0.8999999999999999,21.03723384622373,800,116,58,58,0.0725,1.0,0.0,0.6039053910495175,0.4219899832469113,0.83879481658726,0.5517241379310345,0.5517241379310345,66.4097303478012,64.03286278222134,70.0013441083821,0.679212013784496,1.4789599318010285,22.0,32.0
cure,59.179075174379946,72.39662504101202,76.56504789603878,15.0,0.6,27.63008095057526,0.2,26.0,0.8999999999999999,39.06914857155836,800,105,57,57,0.07125,1.0,0.0,0.5710323482381664,0.40673431699377266,0.8265555821178241,0.7543859649122807,0.7543859649122807,65.45304251711138,63.46287909495386,71.3380711277132,0.5288811101094728,2.4165074321826774,21.0,33.0
cure,58.94728467333064,73.27213403409374,77.51230377928644,16.0,1.0,23.083120654223414,0.25,30.0,0.6,55.26016190115052,800,107,57,57,0.07125,1.0,0.0,0.3893452214548804,0.2893672767686793,0.5433930399906681,1.0,1.0,65.63574972078166,63.531359114039226,70.2979720395702,0.5068552822462531,2.6608794191676646,16.0,38.0
cure,59.7431449903952,72.81579691049575,76.84299746942638,17.0,0.6,31.314091743985294,0.25,20.0,0.8999999999999999,30.053191208891047,800,96,57,57,0.07125,1.0,0.0,0.6328312372597076,0.4235203674916477,0.8832507338958551,0.5263157894736842,0.5263157894736842,66.19150292172398,63.74261401889194,70.75849260563606,0.5429066628368372,2.3305517807969105,22.0,32.0
cure,58.63698535057498,72.72280055825729,76.8964801341109,17.0,1.0,24.525815695112378,0.35000000000000003,19.0,0.6,34.998102537395326,800,105,57,57,0.07125,1.0,0.0,0.43435442467054514,0.30466561866408004,0.6227099128213288,1.0,1.0,66.2633018596948,63.59140051539543,70.11954401216613,0.5957670709099736,1.9852286717721126,17.0,37.0
cure,59.41018375014202,73.13569045866006,77.4733487013875,18.0,0.6,33.15609714069031,0.15000000000000002,24.0,0.8999999999999999,36.06382945066925,800,102,57,57,0.07125,1.0,0.0,0.6793193735780333,0.4887663969391019,0.887528342880153,0.3157894736842105,0.3157894736842105,66.16557962349356,63.4817653332484,68.6344095764559,0.6054425339238666,1.8706136950520982,23.0,31.0
cure,60.01105111032896,73.09108923548959,77.12587361190793,18.0,0.8,28.460378974788597,0.2,22.0,0.6,40.524118727510384,800,105,57,57,0.07125,1.0,0.0,0.538151040776898,0.4165311932692244,0.7171256614681193,0.8947368421052632,0.8947368421052632,65.5803625402917,63.34637364348901,69.12904645564859,0.6217685155490976,1.8072762690328508,19.0,34.0
cure,58.541533439425336,73.02080675574635,77.44545766545858,16.0,0.6,29.47208634728028,0.30000000000000004,21.0,1.1999999999999997,28.50130488147714,800,93,56,56,0.07,1.0,0.0,0.5931674275769159,0.37609185549199814,0.82416488872575,0.5535714285714286,0.5535714285714286,65.77467585286455,63.78400201590472,68.99934996955878,0.5051157518681297,2.631066034740556,22.0,32.0
cure,59.088162902611494,73.08126391800504,77.174356570323,16.0,1.0,23.083120654223414,0.35000000000000003,21.0,0.6,38.682113330805365,800,102,56,56,0.07,1.0,0.0,0.3958030498925006,0.3020317828837981,0.5446608340022441,1.0,1.0,65.48991940954708,64.0151019958725,71.1190059064988,0.49008414171781817,2.7185797312948123,17.0,37.0
cure,59.49573439064779,73.32377908816144,77.33419227627247,17.0,0.6,31.314091743985294,0.35000000000000003,17.0,1.1999999999999997,23.07248490405292,800,94,56,56,0.07,1.0,0.0,0.6331211877311205,0.4145836244488532,0.9317990581115307,0.5178571428571429,0.5178571428571429,66.07741860373991,63.78830802552048,72.36771628269761,0.5906878848206847,2.0138158322004234,22.0,31.0
cure,58.89404206925285,73.04645092399585,77.27622198629562,18.0,1.0,25.968510736001342,0.35000000000000003,16.0,0.6,29.47208634728028,800,105,56,56,0.07,1.0,0.0,0.4842436171747534,0.3431486451322871,0.6264986493870929,0.9821428571428571,0.9821428571428571,65.77066056019022,63.634386097943214,70.92281242647972,0.619904068611843,1.8293743244606118,18.0,35.0
cure,59.496361075601946,72.92532969091494,77.13324184048562,19.0,0.8,30.04151114005463,0.1,28.0,0.6,51.576151107740486,800,101,56,56,0.07,1.0,0.0,0.5868055194386634,0.3961457989707259,0.7783264360859872,0.6964285714285714,0.6964285714285714,65.68271612047546,63.63839563411154,68.77902121470407,0.6731667109662223,1.5304774820336653,20.0,33.5
cure,59.567245706793216,72.722468999115,76.86987856698988,14.0,0.6,25.788075553870243,0.2,27.0,0.8999999999999999,40.571808132002914,800,99,55,55,0.06875,1.0,0.0,0.5455919766329076,0.41168754190193363,0.7667972157544541,0.8909090909090909,0.8909090909090909,65.54381235770698,64.01594259073634,68.8209997910914,0.4993822535692427,2.6602276972937013,20.0,33.0
cure,58.61204954667083,73.0608235196859,77.51045920488036,15.0,0.6,27.63008095057526,0.30000000000000004,22.0,1.1999999999999997,29.858509875833192,800,120,55,55,0.06875,1.0,0.0,0.5572997900349362,0.41949500168262605,0.8234730770622707,0.7272727272727273,0.7272727272727273,64.63487421314468,63.299577433802966,69.23002068407565,0.49799707403791343,2.6327929542896142,21.0,33.0
cure,58.819315068143325,72.57017356840095,76.64970612704072,16.0,0.8,25.29811464425653,0.4,17.0,0.8999999999999999,25.54521252755739,800,100,55,55,0.06875,1.0,0.0,0.4777678722370429,0.35397275168247916,0.6753089930944561,0.9272727272727272,0.9272727272727272,64.96311433633322,63.58967045217474,68.29085420008083,0.5185871583690257,2.4752256712544995,19.0,35.0
cure,58.793979409379155,72.94988978461825,77.11975441345754,16.0,1.0,23.083120654223414,0.30000000000000004,26.0,0.6,47.89214031433045,800,109,55,55,0.06875,1.0,0.0,0.39044824641831277,0.29894465142619275,0.5072172282274136,1.0,1.0,64.83938125063514,63.460055030150386,68.25174310550052,0.5035443308000562,2.6482730589348287,16.0,37.0
cure,59.199306144416866,72.62272912457158,76.8076557622459,19.0,0.6,34.998102537395326,0.2,21.0,0.8999999999999999,31.5558507693356,800,93,55,55,0.06875,1.0,0.0,0.6905404274028852,0.4600594329389099,0.965390355469226,0.38181818181818183,0.38181818181818183,66.3167034211885,63.61674022444605,70.12725380494231,0.6260793262561362,1.7582090092748541,23.0,31.0
cure,58.999052365988334,73.29585106011281,77.90006181341829,20.0,0.6,36.840107934100345,0.05,27.0,0.8999999999999999,40.571808132002914,800,106,55,55,0.06875,1.0,0.0,0.706773679539559,0.48251236928227703,1.037560136121012,0.2545454545454545,0.2545454545454545,65.22119702219975,63.75798579211514,68.71397257988005,0.6036873524665425,1.8968707950271626,23.0,30.0
cure,59.40339999990054,73.18919824160548,77.52304636975343,20.0,0.6,36.840107934100345,0.15000000000000002,22.0,0.8999999999999999,33.058510329780155,800,108,55,55,0.06875,1.0,0.0,0.6915702350951726,0.46757305181235065,0.9619874539923889,0.3090909090909091,0.3090909090909091,65.56249838413187,63.60532617174106,69.52634240340691,0.6224601291812535,1.8008942832479635,23.0,31.0
cure,58.530463646336706,73.47808646582352,78.14635366809046,16.0,0.6,29.47208634728028,0.25,23.0,1.1999999999999997,31.21571487018925,800,100,54,54,0.0675,1.0,0.0,0.6198963743950459,0.493652928146633,0.8209453787651068,0.5370370370370371,0.5370370370370371,65.03358282390438,63.51034971404268,68.456307591395,0.5390574949080235,2.346459900695833,23.0,31.5
cure,58.519419974454294,72.97906085036716,77.05239197633979,17.0,0.8,26.879246809522563,0.45,15.0,1.1999999999999997,20.358074915340815,800,106,54,54,0.0675,1.0,0.0,0.4941210148055173,0.38241019629142364,0.6467888200821632,0.9444444444444444,0.9444444444444444,65.83766202130548,63.30266271084043,71.64506514716345,0.5319633906868695,2.4260204871488185,19.0,34.0
cure,59.55305952178356,72.63042430521176,76.6850260934781,19.0,0.8,30.04151114005463,0.2,21.0,0.6,38.682113330805365,800,100,54,54,0.0675,1.0,0.0,0.5652544794098785,0.3746732085069141,0.7500030153203181,0.7037037037037037,0.7037037037037037,66.50258644958036,63.81664908588563,69.84021597000357,0.6487466781537787,1.6331229268177125,21.0,33.0
cure,59.268420573626145,72.51376021126315,76.64698068366494,19.0,0.8,30.04151114005463,0.15000000000000002,25.0,0.6,46.050134917625435,800,107,54,54,0.0675,1.0,0.0,0.6163244149073736,0.3820589265421718,0.7734969194355991,0.6111111111111112,0.6111111111111112,65.5789070784781,63.43490919717377,70.22224564078486,0.6742892796981601,1.5099423363491735,21.0,32.0
cure,58.59213764252881,73.24817996692764,77.78947797236764,21.0,1.0,30.296595858668233,0.25,17.0,0.6,31.314091743985294,800,114,54,54,0.0675,1.0,0.0,0.5656677500924596,0.4360960921894895,0.7413953804501066,0.7777777777777778,0.7777777777777778,65.6822824180835,63.834342986625174,70.15115095571885,0.6937943355175444,1.3934836300031734,20.5,34.0
cure,59.13140553252194,73.24125826749051,77.48774534352913,15.0,0.8,23.7169824789905,0.35000000000000003,21.0,0.8999999999999999,31.5558507693356,800,115,53,53,0.06625,1.0,0.0,0.42981651155213507,0.29587831480077786,0.6942844846498372,0.9433962264150944,0.9433962264150944,65.58490123004488,63.720837903662314,70.39821500459688,0.49335363577323593,2.652714540979878,18.0,36.0
cure,59.2726339025449,72.70478788856167,76.87640851586778,20.0,0.6,36.840107934100345,0.2,20.0,0.8999999999999999,30.053191208891047,800,105,53,53,0.06625,1.0,0.0,0.7287078471753712,0.4491785653916636,1.0134425444428123,0.18867924528301888,0.18867924528301888,65.80446611795712,63.76493544762145,70.30365753428435,0.6684983448889489,1.578677337307078,24.0,30.0
cure,59.04454094133298,73.47072365640199,77.87705188658933,20.0,1.0,28.85390081777927,0.30000000000000004,15.0,0.6,27.63008095057526,800,113,53,53,0.06625,1.0,0.0,0.5547060019870367,0.3572361794709601,0.6960497932197597,0.8679245283018868,0.8679245283018868,65.11121139798402,63.51854379685854,69.4659475385113,0.689068289736782,1.4519748446872653,19.0,34.0
cure,58.7957239841996,72.38105585603034,76.69303293513548,21.0,0.8,33.2037754705867,0.05,29.0,0.6,53.418156504445506,800,124,53,53,0.06625,1.0,0.0,0.6140969274886545,0.4397822970169403,0.8460531297797539,0.5849056603773585,0.5849056603773585,66.40354742689249,63.82316522193011,69.06100283469469,0.6775898866697151,1.4867782322580374,21.0,32.0
cure,59.28694013372117,73.01959940295347,77.08306888278844,15.0,0.8,23.7169824789905,0.4,18.0,0.8999999999999999,27.04787208800194,800,121,52,52,0.065,1.0,0.0,0.4523346043209048,0.34854921470173944,0.6731899926547618,0.9615384615384616,0.9615384615384616,65.92549460391011,63.455070108650844,69.55955610141739,0.4999418766153068,2.6614253799367575,18.0,36.0
cure,59.24047154439737,73.42657919198258,77.68855519744918,16.0,0.8,25.29811464425653,0.35000000000000003,19.0,0.8999999999999999,28.550531648446494,800,101,52,52,0.065,1.0,0.0,0.48174773811196003,0.33687365441912437,0.7034719410716797,0.9423076923076923,0.9423076923076923,65.28558699689526,63.5412494667192,70.52670452135044,0.507767624354043,2.633919772957749,19.0,35.0
cure,60.058745711265495,73.16595678178001,77.22242754561309,19.0,0.8,30.04151114005463,0.2,20.0,0.6,36.840107934100345,800,99,52,52,0.065,1.0,0.0,0.5617210760945714,0.3944765782605443,0.7825606885953825,0.7692307692307693,0.7692307692307693,66.09194874861583,63.65295429908834,70.65383925697573,0.6191353185508914,1.8265823008901618,20.0,33.5
cure,59.87536764908554,73.3748518998282,77.61438906947896,20.0,0.8,31.62264330532066,0.1,25.0,0.6,46.050134917625435,800,112,52,52,0.065,1.0,0.0,0.6154805711088773,0.4301870715773811,0.7590861070463326,0.6153846153846154,0.6153846153846154,66.22533192230844,63.66545999513207,71.68117733634409,0.695921639574296,1.3918947420617551,21.0,32.0
cure,59.00154116448684,73.09514644383707,77.56910115951908,22.0,0.6,40.524118727510384,0.1,23.0,0.8999999999999999,34.561169890224704,800,101,52,52,0.065,1.0,0.0,0.8038291944649681,0.5600635870957692,1.0054478208237982,0.1346153846153846,0.1346153846153846,65.67608833068422,63.732003490726086,69.25442684444752,0.6762047529065143,1.495599253208409,25.0,29.0
cure,59.00632408529566,73.35002854171205,77.96062730789163,21.0,0.6,38.682113330805365,0.05,26.0,0.8999999999999999,39.06914857155836,800,112,51,51,0.06375,1.0,0.0,0.7415181465631047,0.4927294159539874,1.008079523804211,0.17647058823529413,0.17647058823529413,65.41119187377036,63.658005300315025,68.67691763207132,0.6646122600786477,1.5515163317732854,24.0,30.0
cure,58.771292263048124,72.51978264589518,76.85129455458471,21.0,0.6,38.682113330805365,0.15000000000000002,22.0,0.8999999999999999,33.058510329780155,800,108,51,51,0.06375,1.0,0.0,0.7435106436249524,0.5371124091467071,0.9586034954442927,0.17647058823529413,0.17647058823529413,66.1410478209419,63.49792714376515,68.7494980638728,0.6428393114244896,1.6990200219009897,24.0,29.0
cure,58.671376838831186,73.0490065984653,77.47387338926366,21.0,1.0,30.296595858668233,0.30000000000000004,14.0,0.6,25.788075553870243,800,117,51,51,0.06375,1.0,0.0,0.5316201439076473,0.38425167682206196,0.6787227080501858,0.9215686274509803,0.9215686274509803,66.81574426261943,63.828847107259534,70.52037002943688,0.6530533249420845,1.6483694398205153,19.0,34.0
cure,58.91635946974672,72.94526552839062,77.22591601448798,21.0,1.0,30.296595858668233,0.35000000000000003,11.0,0.6,20.262059363755192,800,117,51,51,0.06375,1.0,0.0,0.5416094899168391,0.38281318939193315,0.7000215912566359,0.8823529411764706,0.8823529411764706,65.9724588788144,64.11269158878804,69.08298347829712,0.6919213023150971,1.4555906858567147,19.0,34.0
cure,58.91853813227068,72.68270919764485,77.00233738687527,22.0,0.6,40.524118727510384,0.15000000000000002,21.0,0.8999999999999999,31.5558507693356,800,108,51,51,0.06375,1.0,0.0,0.7559234036897577,0.5957222696072635,1.129797569692293,0.13725490196078433,0.13725490196078433,65.5935407164112,63.48767029258427,70.34622258853886,0.7038159641321515,1.3706465424277214,24.0,30.0
cure,59.17584820247489,73.2814165854385,77.55533346735413,20.0,1.0,28.85390081777927,0.35000000000000003,12.0,0.6,22.104064760460208,800,102,50,50,0.0625,1.0,0.0,0.5108989555419847,0.389487049196804,0.7117364835414878,0.84,0.84,65.8633191625147,63.99359709455019,70.61349913918487,0.6561454326082656,1.621188107946732,19.0,35.0
cure,59.08056068025584,73.46700447879199,78.08016384328224,22.0,0.6,40.524118727510384,0.05,25.0,0.8999999999999999,37.56648901111381,800,116,50,50,0.0625,1.0,0.0,0.8064401904368337,0.5390615190997495,1.0546867852123398,0.1,0.1,65.33884200449972,63.45977609083784,68.15603751107369,0.7001953166040547,1.3518370260785488,25.0,29.0
cure,58.936137379146345,73.3433454975322,77.60552218447754,19.0,0.6,34.998102537395326,0.30000000000000004,18.0,1.1999999999999997,24.429689898408977,800,99,49,49,0.06125,1.0,0.0,0.664246394307133,0.44456225551360395,0.9058456009361231,0.40816326530612246,0.40816326530612246,66.06911918940702,63.471271223887705,70.1788466725886,0.5856420770325881,2.0263386289340866,23.0,31.0
cure,58.630287386594986,72.90861005963474,77.0814560901577,21.0,0.6,38.682113330805365,0.30000000000000004,17.0,1.1999999999999997,23.07248490405292,800,93,49,49,0.06125,1.0,0.0,0.7032890933205297,0.49498316661137487,1.0071292582229554,0.22448979591836735,0.22448979591836735,66.31049363409468,63.60339378945431,70.63356382093255,0.6547429587762015,1.6416938042873614,24.0,30.0
cure,59.04330695207962,72.4914793714176,76.73777081289109,21.0,0.8,33.2037754705867,0.1,25.0,0.6,46.050134917625435,800,109,49,49,0.06125,1.0,0.0,0.6415031750602915,0.4719725737176317,0.874242550402808,0.4489795918367347,0.4489795918367347,65.68027811984737,63.88469206961376,69.36492642361566,0.6722042694649758,1.5166899180269227,21.0,33.0
cure,59.77388647935045,72.69351058793697,76.71403037851852,14.0,0.6,25.788075553870243,0.25,24.0,0.8999999999999999,36.06382945066925,800,89,48,48,0.06,1.0,0.0,0.5353376131198913,0.41106442466402815,0.7204867235643164,0.8333333333333334,0.8333333333333334,65.8330593992348,63.80486519726762,70.09088339046438,0.4902279715877833,2.7131429500840234,20.0,33.0
cure,58.78833601760253,72.64110206155647,76.75014782573265,18.0,1.0,25.968510736001342,0.4,13.0,0.6,23.946070157165224,800,88,48,48,0.06,1.0,0.0,0.43644095394158655,0.3470664986583014,0.6242848355329182,0.9791666666666666,0.9791666666666666,66.08123981454159,63.58735172054866,71.60661133358086,0.5807794330182425,2.0570869786524026,17.0,37.0
cure,60.162243686868514,73.47808107639126,77.62150759430824,19.0,0.8,30.04151114005463,0.15000000000000002,23.0,0.6,42.366124124215396,800,102,48,48,0.06,1.0,0.0,0.5743437637501735,0.4152246789952668,0.766496253064227,0.6458333333333334,0.6458333333333334,65.87946374752343,63.6804548020656,69.55602939316073,0.6562405845132535,1.5892896879663767,20.5,33.0
cure,58.964960612050575,72.38527862790437,76.66651783722295,15.0,0.6,27.63008095057526,0.15000000000000002,29.0,0.8999999999999999,43.57712725289202,800,95,47,47,0.05875,1.0,0.0,0.5840496568029195,0.4483239495063343,0.8471354513951049,0.7021276595744681,0.7021276595744681,66.07439453310383,63.360299828554865,69.25679411535634,0.5077610718144677,2.5981588593897955,21.0,33.0
cure,58.89250905735212,72.95498839223588,77.43283923981537,21.0,0.6,38.682113330805365,0.1,24.0,0.8999999999999999,36.06382945066925,800,101,47,47,0.05875,1.0,0.0,0.7813939984606899,0.5413387701968587,1.0087324177798844,0.14893617021276595,0.14893617021276595,65.38612128543868,63.908442148727296,68.9548196818907,0.6915237086536726,1.4355226778179624,25.0,29.0
cure,58.838500650362555,72.4468067425176,76.77704441248727,22.0,0.8,34.784907635852726,0.05,27.0,0.6,49.73414571103547,800,107,47,47,0.05875,1.0,0.0,0.6228761316425875,0.4511017166061817,0.80489065614534,0.5531914893617021,0.5531914893617021,66.08800225803219,63.69888151165852,70.76588656410782,0.6806394717737487,1.4786396367219174,21.0,32.0
cure,59.236024770470365,73.21638408697524,77.27316102033905,15.0,1.0,21.64042561333445,0.30000000000000004,29.0,0.6,53.418156504445506,800,102,46,46,0.0575,1.0,0.0,0.3612216566337768,0.30014154530479836,0.5062257841022085,1.0,1.0,65.33718371237256,63.400304371621566,69.69827969482543,0.4583817925248336,2.981510002252829,15.0,38.0
cure,58.706656872942574,73.28769571302165,77.42575347184015,16.0,0.8,25.29811464425653,0.45,16.0,1.1999999999999997,21.715279909696868,800,94,46,46,0.0575,1.0,0.0,0.5100072307020211,0.36603595080882323,0.6103261263814492,0.9782608695652174,0.9782608695652174,65.7270709701959,63.29725117624655,70.87883743627988,0.5081069735364445,2.5870985440846734,20.0,34.0
cure,58.59826423018541,73.0271964011967,77.10257029671696,17.0,1.0,24.525815695112378,0.5,12.0,0.8999999999999999,18.031914725334627,800,83,46,46,0.0575,1.0,0.0,0.4026404503955367,0.28350424919293504,0.5801290174519813,1.0,1.0,66.13384403627485,63.64980593868301,70.715840253566,0.5240031719515924,2.5332997924072043,17.0,37.0
cure,59.01570602738319,72.4391755027807,76.66564098292909,20.0,0.8,31.62264330532066,0.1,27.0,0.6,49.73414571103547,800,107,46,46,0.0575,1.0,0.0,0.6121872472473031,0.4694379184638612,0.8600864562667633,0.5434782608695652,0.5434782608695652,66.9636370168119,63.874626049665196,70.38198008184784,0.6813449548250707,1.465060367303047,21.5,32.0
cure,59.42787350625217,72.85682191213098,77.00795610477721,21.0,0.6,38.682113330805365,0.2,19.0,0.8999999999999999,28.550531648446494,800,108,46,46,0.0575,1.0,0.0,0.7751378145749278,0.5025437336793314,0.9524340683599473,0.2826086956521739,0.2826086956521739,65.66023424592925,63.44511445347614,69.46998407621362,0.6614809277307486,1.5906231981174948,24.0,30.0
cure,59.201192976492194,72.82665416640036,77.1465137155443,21.0,0.8,33.2037754705867,0.05,28.0,0.6,51.576151107740486,800,109,46,46,0.0575,1.0,0.0,0.6250848820134958,0.3950931062589997,0.7839549190686049,0.5434782608695652,0.5434782608695652,65.67317511093034,63.30734224884502,69.77084456110086,0.658351891134112,1.611756197816411,21.0,33.0
cure,58.516017228730696,73.07454995767375,77.80257014569327,22.0,0.6,40.524118727510384,0.0,28.0,0.8999999999999999,42.07446769244746,800,99,46,46,0.0575,1.0,0.0,0.7873429081042506,0.5327363052975616,0.9905438690208326,0.15217391304347827,0.15217391304347827,65.47499363462168,63.76499560209278,68.28273226091827,0.6444895441444196,1.6781286988225617,24.0,29.0
cure,58.51335407620584,72.85952743365182,77.4679621299151,23.0,0.6,42.366124124215396,0.05,25.0,0.8999999999999999,37.56648901111381,800,110,46,46,0.0575,1.0,0.0,0.7810670994422606,0.5387590988385331,1.0296313779618271,0.13043478260869565,0.13043478260869565,66.34334293014824,63.548786185592476,68.58287562841399,0.6893520030312215,1.4189393201816078,25.0,28.5
cure,59.46941440712952,73.41447723317182,77.59448109784506,14.0,0.6,25.788075553870243,0.35000000000000003,20.0,1.1999999999999997,27.144099887121083,800,107,45,45,0.05625,1.0,0.0,0.544198503836146,0.4306891878518206,0.7397931004770971,0.7555555555555555,0.7555555555555555,65.38414175485238,63.66360838153957,70.51704253606033,0.5016633780570453,2.6668592885532423,22.0,32.0
cure,59.367597981053464,73.3091811369398,77.44974574052077,15.0,0.6,27.63008095057526,0.35000000000000003,19.0,1.1999999999999997,25.78689489276503,800,86,45,45,0.05625,1.0,0.0,0.5652267706905717,0.4444081482131431,0.8327902462625268,0.7111111111111111,0.7111111111111111,65.68063444134626,63.50930291668995,70.01274887504121,0.5126680179601155,2.528966514675834,21.0,33.0
cure,59.76239527765633,73.06885444963112,77.2276977046493,20.0,0.8,31.62264330532066,0.15000000000000002,22.0,0.6,40.524118727510384,800,105,45,45,0.05625,1.0,0.0,0.6163617436475799,0.42511513620316815,0.8318718631344104,0.5777777777777777,0.5777777777777777,66.05028872948878,63.871479945090755,69.8564494669205,0.7211563886856193,1.24969803956522,21.0,32.0
cure,59.71227292120125,72.80391025812766,76.87239635923947,20.0,0.8,31.62264330532066,0.2,19.0,0.6,34.998102537395326,800,99,45,45,0.05625,1.0,0.0,0.5823871312570059,0.4385630072982266,0.769278557245099,0.6444444444444445,0.6444444444444445,66.93287596930982,64.2803300600706,70.84091360653385,0.6578927882606972,1.5860695788214614,21.0,33.0
cure,59.28026966421384,72.55249896126197,76.70732624828722,20.0,0.8,31.62264330532066,0.15000000000000002,23.0,0.6,42.366124124215396,800,108,45,45,0.05625,1.0,0.0,0.5780503095167734,0.396377420635101,0.7668181498144584,0.6666666666666666,0.6666666666666666,66.68962999126761,63.95876227470399,69.5721595466105,0.6651086758912133,1.587040027204074,20.0,33.0
cure,58.67556410316659,72.4120214293345,76.54834422849446,20.0,1.0,28.85390081777927,0.4,10.0,0.6,18.420053967050173,800,97,44,44,0.055,1.0,0.0,0.5133609493933879,0.3519774211894926,0.6551992841396947,0.9090909090909091,0.9090909090909091,64.84469541242424,63.84399366764236,68.51485958176089,0.65447503477849,1.6506350203065403,18.0,35.0
cure,59.51805181968838,73.20080229560978,77.30391731882665,20.0,1.0,28.85390081777927,0.4,9.0,0.6,16.578048570345157,800,115,44,44,0.055,1.0,0.0,0.5028865004998319,0.3655819603542983,0.6698246357633285,0.9545454545454546,0.9545454545454546,66.43894631760028,64.01591129095877,70.98133545670773,0.673818564673145,1.5107627332191096,19.0,35.0
cure,58.69041244697142,72.60897387578456,76.83087546260512,14.0,0.6,25.788075553870243,0.35000000000000003,21.0,1.1999999999999997,28.50130488147714,800,104,43,43,0.05375,1.0,0.0,0.5317110264320316,0.4214230601569683,0.6857582476709438,0.8604651162790697,0.8604651162790697,66.23545397630673,63.891373264512936,72.17838140855189,0.47647430500434057,2.834477899002202,21.0,33.0
cure,58.789469393073205,73.18423363891519,77.64547974359553,14.0,0.6,25.788075553870243,0.30000000000000004,23.0,1.1999999999999997,31.21571487018925,800,106,43,43,0.05375,1.0,0.0,0.5409193605291462,0.4293878242034991,0.6992035671719078,0.813953488372093,0.813953488372093,65.5110438178806,63.46382240646284,68.4579379133222,0.46842470114289037,2.861608755204386,21.0,33.0
cure,59.377799174009795,73.2815943566516,77.36590184316304,16.0,0.6,29.47208634728028,0.35000000000000003,18.0,1.1999999999999997,24.429689898408977,800,88,43,43,0.05375,1.0,0.0,0.6101604192682036,0.40910232106107897,0.7657522115617017,0.5116279069767442,0.5116279069767442,66.23624764648815,64.33003819403048,69.26765434640404,0.5473088526732627,2.272589441142656,22.0,31.0
cure,59.52884986929511,73.27088725805756,77.31924784766701,16.0,0.8,25.29811464425653,0.4,16.0,0.8999999999999999,24.042552967112837,800,89,43,43,0.05375,1.0,0.0,0.47590843284094897,0.35154123686504374,0.6668975438786978,0.9069767441860465,0.9069767441860465,66.35989211651666,63.751813088380445,68.61772130082693,0.5091591370303579,2.586953288012953,18.0,35.0
cure,59.13606646312998,73.32147567986448,77.49624274956886,16.0,1.0,23.083120654223414,0.30000000000000004,25.0,0.6,46.050134917625435,800,105,43,43,0.05375,1.0,0.0,0.38660569303683073,0.30494787145313584,0.5323006765742552,1.0,1.0,66.9124105230644,63.973175466035215,70.24545923767391,0.5044890435492455,2.64961624657382,16.0,38.0
cure,58.58289393213553,73.08429141350027,77.4890491092028,21.0,0.8,33.2037754705867,0.30000000000000004,16.0,0.8999999999999999,24.042552967112837,800,104,43,43,0.05375,1.0,0.0,0.6408771075451845,0.4719697008573268,0.7728147220386222,0.46511627906976744,0.46511627906976744,65.70542006610191,64.0935467747906,68.89944324574164,0.6792053862026218,1.496509812870692,21.0,32.0
cure,58.99558280518959,73.46033139561641,77.4750026734451,21.0,0.8,33.2037754705867,0.4,13.0,1.1999999999999997,17.643664926628706,800,88,43,43,0.05375,1.0,0.0,0.6105627405349799,0.4723562389140286,0.8407181894078086,0.5813953488372093,0.5813953488372093,67.10002366563427,63.710806673960825,71.7305576198634,0.6756416089026696,1.5023729610124836,23.0,32.0
cure,59.541926501940566,73.24945607094452,77.28620800891305,22.0,0.8,34.784907635852726,0.35000000000000003,12.0,0.8999999999999999,18.031914725334627,800,116,43,43,0.05375,1.0,0.0,0.6403932930596677,0.4633604181272397,0.8307161676239407,0.4883720930232558,0.4883720930232558,67.11595949687165,63.65428963834089,70.72948015726809,0.6961553689586805,1.4073615948400255,22.0,32.0
cure,58.571216840254344,72.45175798722809,76.54223838589346,17.0,0.6,31.314091743985294,0.35000000000000003,18.0,1.1999999999999997,24.429689898408977,800,101,42,42,0.0525,1.0,0.0,0.5914937331369878,0.43369029649167684,0.7806080598282584,0.6428571428571429,0.6428571428571429,67.00609757851987,63.678467283371454,70.98886178721537,0.5225270600214112,2.4827644657858507,22.0,32.0
cure,59.005660505475774,73.41765645871865,77.81580705685225,15.0,0.8,23.7169824789905,0.30000000000000004,24.0,0.8999999999999999,36.06382945066925,800,100,41,41,0.05125,1.0,0.0,0.47452212392237836,0.3791071038117314,0.6452161101261479,0.9512195121951219,0.9512195121951219,65.23471017761298,63.53770043368486,69.85289301110608,0.49514963719652716,2.6492379964487,19.0,35.0
cure,59.62778468120552,73.26442838444092,77.56965119172334,20.0,0.8,31.62264330532066,0.05,29.0,0.6,53.418156504445506,800,113,41,41,0.05125,1.0,0.0,0.6304873776111982,0.44805282127285107,0.7516213184061823,0.5121951219512195,0.5121951219512195,64.71402599219377,63.346280838442816,68.19370002613888,0.6877385278065082,1.410687378076345,21.0,32.0
cure,58.514075970443024,73.1794570429224,77.69604449371646,20.0,1.0,28.85390081777927,0.25,19.0,0.6,34.998102537395326,800,98,41,41,0.05125,1.0,0.0,0.5359313429432755,0.3943111403736801,0.7045719874843737,0.8048780487804879,0.8048780487804879,65.77338395445395,63.82989486401823,69.83285399168591,0.6925884800186697,1.4407675932127646,20.0,34.0
cure,58.561368747253354,72.62939664032353,76.88218790963595,15.0,0.8,23.7169824789905,0.35000000000000003,22.0,0.8999999999999999,33.058510329780155,800,97,40,40,0.05,1.0,0.0,0.4446569778931261,0.32360247112843943,0.7634360582886118,0.925,0.925,65.66004683606008,63.86198069636316,68.49692611016525,0.48649068602176926,2.7995085295445397,18.0,35.0
cure,60.28065356612663,73.3979522852794,77.46554123565053,20.0,0.8,31.62264330532066,0.2,18.0,0.6,33.15609714069031,800,98,40,40,0.05,1.0,0.0,0.6448328374955808,0.47682209053620733,0.9065918196317356,0.475,0.475,65.55756981672766,63.818478833429296,70.61641079456922,0.6920125961478709,1.4077046154385995,21.5,32.0
cure,59.50476881335463,72.99053584648964,77.24256863540276,21.0,0.8,33.2037754705867,0.1,24.0,0.6,44.208129520920416,800,95,40,40,0.05,1.0,0.0,0.6424872205384815,0.4796451067161481,0.8889523847758561,0.425,0.425,66.42467984077518,63.85204286584151,71.05446878362378,0.7010418805531597,1.3663970398617815,22.0,32.5
cure,59.44859286912071,72.51457975686881,76.58892297906269,21.0,0.8,33.2037754705867,0.2,18.0,0.6,33.15609714069031,800,107,40,40,0.05,1.0,0.0,0.6521665964030432,0.5003149516433463,0.8818859230981474,0.425,0.425,65.99772286644065,63.74382420409825,70.24633600858199,0.737862990633514,1.180256915432898,22.0,32.0
cure,59.66555197234268,73.07750249479496,77.2002558076326,22.0,0.6,40.524118727510384,0.2,18.0,0.8999999999999999,27.04787208800194,800,101,40,40,0.05,1.0,0.0,0.7888265167845374,0.5770514538588584,1.1320645895482744,0.075,0.075,66.10762449671478,63.4866560085466,70.67966342546758,0.7224763210285203,1.28076735535002,25.0,29.0
cure,58.518278475584815,72.619844343192,76.68100600911029,23.0,0.6,42.366124124215396,0.30000000000000004,16.0,1.1999999999999997,21.715279909696868,800,107,40,40,0.05,1.0,0.0,0.7825585102849695,0.600723327118059,1.0123229357890653,0.125,0.125,66.70615372056334,64.08406692070223,70.9209115165068,0.6999580244573791,1.3632168421863828,24.0,29.0
cure,59.32960050823563,73.21161549457833,77.3236583857997,21.0,0.8,33.2037754705867,0.35000000000000003,13.0,0.8999999999999999,19.53457428577918,800,94,39,39,0.04875,1.0,0.0,0.6220910829763349,0.4913227652158969,0.8066764809926118,0.5641025641025641,0.5641025641025641,66.08927977755523,63.66589350453232,71.32107266475747,0.6639952972781228,1.5928678070883617,21.0,32.0
cure,59.97608497945357,73.29610534032267,77.46678246195069,21.0,0.8,33.2037754705867,0.15000000000000002,20.0,0.6,36.840107934100345,800,118,39,39,0.04875,1.0,0.0,0.6212086420870881,0.4754592189445506,0.8242013081871137,0.5384615384615384,0.5384615384615384,65.1754762320747,63.658694662277455,67.78846696103999,0.7034254237319634,1.3452196847143678,22.0,32.0
cure,59.713887040012395,73.21556632045548,77.47974455929716,22.0,0.8,34.784907635852726,0.1,22.0,0.6,40.524118727510384,800,116,39,39,0.04875,1.0,0.0,0.6902350589426756,0.421073188671635,0.8894160901080309,0.3333333333333333,0.3333333333333333,66.26781429241964,63.40023876322799,71.44804217721234,0.7270753331648679,1.2326796920805405,23.0,32.0
cure,58.503548884426664,73.00939765233676,77.72771929370462,21.0,0.6,38.682113330805365,0.0,29.0,0.8999999999999999,43.57712725289202,800,92,38,38,0.0475,1.0,0.0,0.7566071429305947,0.5092109372116078,1.148482969695292,0.13157894736842105,0.13157894736842105,64.52672127208129,63.432714500452825,68.93497441587425,0.6328559202988022,1.7430523772269506,24.0,30.0
cure,59.516724982245506,73.31990938911352,77.64317735275273,21.0,0.6,38.682113330805365,0.15000000000000002,21.0,0.8999999999999999,31.5558507693356,800,112,38,38,0.0475,1.0,0.0,0.7892052093088204,0.5054334502064131,1.0699763598571712,0.07894736842105263,0.07894736842105263,66.36890647536347,63.6756659702275,69.63372397268074,0.6826523982008476,1.4654693646323902,25.0,29.0
cure,59.624807449507884,73.29049475600624,77.61790423114573,21.0,0.8,33.2037754705867,0.05,27.0,0.6,49.73414571103547,800,100,38,38,0.0475,1.0,0.0,0.6233055311618183,0.4253113974657724,0.791452475809933,0.5789473684210527,0.5789473684210527,65.78715433696763,63.896080139582324,70.3811125223617,0.6945872031418082,1.4092142341087202,21.0,32.0
cure,58.54119428051696,73.37851597652684,77.64989901203894,21.0,1.6000000000000005,26.406046369767672,0.6000000000000001,4.0,1.7999999999999998,4.903320606192587,800,105,38,38,0.0475,1.0,0.0,0.3777444186240477,0.27028818263326665,0.46120536309501686,1.0,1.0,67.2280255038908,63.92545186054211,70.62663293424035,0.6947193557654804,1.4118997144051852,14.0,39.0
cure,59.08548507963481,73.22732138833217,77.29320772247743,22.0,0.6,40.524118727510384,0.30000000000000004,16.0,1.1999999999999997,21.715279909696868,800,93,38,38,0.0475,1.0,0.0,0.7868454854372601,0.6051596073873432,1.1864785778168674,0.10526315789473684,0.10526315789473684,66.50286952192542,63.65022421750272,70.03100636628368,0.701606100785801,1.3330809340969254,25.0,29.0
cure,59.0983453682927,72.47002544965478,76.58805409426546,23.0,0.6,42.366124124215396,0.2,18.0,0.8999999999999999,27.04787208800194,800,106,38,38,0.0475,1.0,0.0,0.8370060081246761,0.5459623899397342,1.2636352634070716,0.10526315789473684,0.10526315789473684,65.07734936141276,63.80597634522545,68.39517048211253,0.7398464211540041,1.144090439021185,25.0,29.0
cure,58.87652589716121,73.17190263892041,77.47671187934938,23.0,0.8,36.36603980111876,0.30000000000000004,14.0,0.8999999999999999,21.03723384622373,800,108,38,38,0.0475,1.0,0.0,0.6730868527647509,0.4117344538502523,0.9039247277476263,0.42105263157894735,0.42105263157894735,66.1726073492538,63.5780660653696,72.07034538958047,0.708447021599079,1.3368919825822836,23.0,31.0
cure,58.73365240773741,73.40131524802416,77.40851040592572,16.0,1.2000000000000002,21.715279909696868,0.5,13.0,0.6,23.946070157165224,800,94,37,37,0.04625,1.0,0.0,0.31369115406737963,0.23641909694922517,0.5075244792325911,1.0,1.0,65.6860710805434,63.498707865899924,73.43624110176302,0.47539358495443995,2.8383576604749967,14.0,40.0
cure,60.177986416079236,73.09555157678375,77.16741845372137,12.0,0.6,22.104064760460208,0.2,30.0,0.8999999999999999,45.07978681333657,800,115,36,36,0.045,1.0,0.0,0.49180621601931274,0.387067016145951,0.7722456923486383,0.9722222222222222,0.9722222222222222,65.7894101764434,63.71230738657981,68.87794990190113,0.4633366634219842,2.937914064868484,20.0,34.5
cure,59.235713139666466,73.2197783946089,77.42414838127239,14.0,0.8,22.135850313724465,0.35000000000000003,23.0,0.8999999999999999,34.561169890224704,800,121,36,36,0.045,1.0,0.0,0.44836554324860456,0.33573057061378603,0.6078267106606766,1.0,1.0,65.07137393165243,63.32448585688917,69.25693449393431,0.4871885872006483,2.7151727102985492,18.0,36.5
cure,59.28309941959905,72.93648369858383,76.98070180057249,14.0,0.8,22.135850313724465,0.4,20.0,0.8999999999999999,30.053191208891047,800,115,36,36,0.045,1.0,0.0,0.42218602564189955,0.3201406236314519,0.5399411662886957,1.0,1.0,65.85203747087525,63.400037116411816,68.01179629262862,0.45751544844973735,2.9871434615476318,17.0,36.0
cure,59.43879340312901,72.7271020839689,76.89579341905727,21.0,0.8,33.2037754705867,0.15000000000000002,21.0,0.6,38.682113330805365,800,118,36,36,0.045,1.0,0.0,0.638946857598272,0.4283420017462123,0.9000876339422798,0.4722222222222222,0.4722222222222222,66.55071377447075,63.38297138838134,71.35773947966238,0.7127461618040514,1.312922682247391,21.0,33.0
cure,60.05337756916372,73.14194554813294,77.21356501269798,21.0,0.8,33.2037754705867,0.2,17.0,0.6,31.314091743985294,800,118,36,36,0.045,1.0,0.0,0.6467773713244019,0.47071914776491963,0.7887812703500461,0.4722222222222222,0.4722222222222222,65.67467120427276,63.75177090144574,68.18823642145009,0.7375557040507177,1.1726326946848098,21.0,32.0
cure,59.18095294096021,73.29905447987191,77.76413263950619,23.0,0.6,42.366124124215396,0.1,22.0,0.8999999999999999,33.058510329780155,800,103,36,36,0.045,1.0,0.0,0.8114535732640782,0.5017667382917369,1.1537057936488975,0.08333333333333333,0.08333333333333333,65.34120694203419,63.3822576202046,68.08933125904827,0.7056627960811646,1.3218360784314467,25.0,28.0
cure,59.986979874399566,73.36561829959585,77.45116712673934,23.0,0.6,42.366124124215396,0.2,17.0,0.8999999999999999,25.54521252755739,800,104,36,36,0.045,1.0,0.0,0.8054596631941067,0.5659564286057517,0.972455001179978,0.05555555555555555,0.05555555555555555,65.84570440078241,63.68291401839548,70.42135659692602,0.693605223710529,1.3738395101435175,25.5,29.0
cure,59.448158672001696,72.78563035867549,76.8655513483811,24.0,0.6,44.208129520920416,0.2,17.0,0.8999999999999999,25.54521252755739,800,90,36,36,0.045,1.0,0.0,0.7930893422220606,0.5947043738290146,1.2582825775750788,0.08333333333333333,0.08333333333333333,65.96891667429406,63.77947900065029,68.78860978557537,0.7442935703029694,1.1388517677184873,25.0,29.0
cure,59.180748258156534,73.38965712000297,77.47312601459802,21.0,1.0,30.296595858668233,0.45,9.0,0.8999999999999999,13.52393604400097,800,96,35,35,0.04375,1.0,0.0,0.5436638447241452,0.36269800480002423,0.7188320007577705,0.8285714285714286,0.8285714285714286,64.97753021703788,63.30752523068192,70.92498403550907,0.6656719253526238,1.5667177394549279,20.0,34.0
cure,59.40694333232655,73.22419441891594,77.63237718464939,22.0,0.8,34.784907635852726,0.0,29.0,0.6,53.418156504445506,800,113,35,35,0.04375,1.0,0.0,0.6535320181409148,0.4325070452956674,0.9595862463493929,0.42857142857142855,0.42857142857142855,66.1292001928346,63.49307384069743,68.55266226487937,0.7097301756837838,1.3252541532051472,22.0,32.0
cure,58.58952868084873,73.19827333402853,77.93300365766223,23.0,0.6,42.366124124215396,0.0,27.0,0.8999999999999999,40.571808132002914,800,99,35,35,0.04375,1.0,0.0,0.7916519938846482,0.5692460262701913,1.1821394194768113,0.08571428571428572,0.08571428571428572,65.09544079968953,63.65607592106903,67.95369920584645,0.6879978903616716,1.4345159332695534,25.0,29.0
cure,60.05294214951758,73.1337029047229,77.25322340840242,13.0,0.6,23.946070157165224,0.2,28.0,0.8999999999999999,42.07446769244746,800,95,34,34,0.0425,1.0,0.0,0.49076194587412336,0.39339495452565093,0.8360078574745563,0.9117647058823529,0.9117647058823529,66.22318769676339,64.26687935961785,69.67799776075887,0.4686724679278359,2.902269503548073,20.0,34.0
cure,59.56441799409449,72.57182090727835,76.68067075410954,13.0,0.6,23.946070157165224,0.2,29.0,0.8999999999999999,43.57712725289202,800,107,34,34,0.0425,1.0,0.0,0.50029400935924,0.3325106592731113,0.6606941554428983,0.9411764705882353,0.9411764705882353,66.48034682806258,63.638428636776595,69.15584889949864,0.46388845022514436,2.886778986999545,20.0,34.0
cure,58.679016707584395,73.09239995255581,77.45429878657855,22.0,0.8,34.784907635852726,0.30000000000000004,15.0,0.8999999999999999,22.539893406668284,800,80,34,34,0.0425,1.0,0.0,0.6413084404214795,0.462669427098023,0.9354585528483887,0.4411764705882353,0.4411764705882353,65.36642814223728,63.578971681203654,69.36471176412574,0.7310425861559188,1.2216256281956879,22.0,32.0
cure,59.74592125104837,73.43446516162331,77.77850072606768,22.0,0.8,34.784907635852726,0.05,25.0,0.6,46.050134917625435,800,117,34,34,0.0425,1.0,0.0,0.6668265626948437,0.4214574407081596,0.8941397324818773,0.35294117647058826,0.35294117647058826,66.53914412201743,63.60160775799014,69.63868326185991,0.7160117085643649,1.2807290885119964,22.5,32.0
cure,59.14045484576589,72.91086529667447,77.21244740501307,23.0,0.6,42.366124124215396,0.15000000000000002,20.0,0.8999999999999999,30.053191208891047,800,97,34,34,0.0425,1.0,0.0,0.7809912899402597,0.4836637251988727,0.9368507740797944,0.11764705882352941,0.11764705882352941,65.16014718093368,63.42768521773466,68.77512811084344,0.670367641486955,1.5636495631304663,25.0,29.5
cure,58.7237384849348,73.37996231659189,78.11824820524302,24.0,0.6,44.208129520920416,0.0,26.0,0.8999999999999999,39.06914857155836,800,99,33,33,0.04125,1.0,0.0,0.8408787915737764,0.5474331942420954,1.0982507095127372,0.12121212121212122,0.12121212121212122,64.83972294557654,63.373616802672565,67.73682887713967,0.7125368457636801,1.2760201763900783,25.0,29.0
cure,58.783258530621204,72.70577372158229,76.97818346182468,22.0,1.0,31.739290899557197,0.35000000000000003,10.0,0.6,18.420053967050173,800,117,32,32,0.04,1.0,0.0,0.5690526474570873,0.35316813290061094,0.7161534804749216,0.875,0.875,66.43813793267859,63.83435011017924,69.4070007218624,0.7340168384947819,1.161235649362725,19.0,34.0
cure,59.43819019271269,73.20366757623869,77.48033724348788,24.0,0.6,44.208129520920416,0.15000000000000002,19.0,0.8999999999999999,28.550531648446494,800,95,32,32,0.04,1.0,0.0,0.8196791377198043,0.4540767442713192,1.0799900782341556,0.125,0.125,65.17941526385954,63.693765020697604,68.4791146496963,0.7002794262335068,1.3651143171441782,25.0,28.0
cure,58.60163364336802,72.33087735575411,76.62683162665483,24.0,0.6,44.208129520920416,0.15000000000000002,20.0,0.8999999999999999,30.053191208891047,800,98,32,32,0.04,1.0,0.0,0.7879635896274539,0.6410175290452587,1.0509507169532248,0.0,0.0,65.73218147847598,63.938624654663535,70.13364624261611,0.7321305151444084,1.2267051333137857,24.0,29.0
cure,59.42586055144099,72.97466693913837,77.0629747431648,21.0,1.0,30.296595858668233,0.4,8.0,0.6,14.73604317364014,800,107,31,31,0.03875,1.0,0.0,0.5610254843609671,0.3655261937660477,0.6781025251509827,0.9354838709677419,0.9354838709677419,65.46198142714246,63.704526159891024,69.9565488260844,0.6651387160882505,1.545334425959321,19.0,34.0
cure,59.36161885655287,73.36023589236282,77.48404410742194,21.0,1.2000000000000002,28.50130488147714,0.5,4.0,0.6,7.36802158682007,800,102,31,31,0.03875,1.0,0.0,0.45849856267414096,0.3549753200154459,0.5992050390835942,1.0,1.0,67.28776170940188,63.818941636599874,71.55515649161379,0.7074454381807721,1.3258690006344536,17.0,36.0
cure,58.99790516527789,72.77311836603087,77.17271885507942,22.0,0.8,34.784907635852726,0.0,30.0,0.6,55.26016190115052,800,118,31,31,0.03875,1.0,0.0,0.6210869956349697,0.48129333934846213,0.8117530887071488,0.5806451612903226,0.5806451612903226,65.95323666137642,63.495717722457556,68.8230151513439,0.6732925267286578,1.4902685058470144,22.0,32.0
cure,58.64213173856234,72.71906653895155,77.17851686114795,24.0,0.6,44.208129520920416,0.1,22.0,0.8999999999999999,33.058510329780155,800,105,31,31,0.03875,1.0,0.0,0.7869029034498075,0.5198958660541951,1.146443693917532,0.12903225806451613,0.12903225806451613,65.88596719663272,63.77425591001882,68.65954635045038,0.6624454349721978,1.5713073940706461,25.0,29.0
cure,58.74338291878976,73.16071917995687,77.60550809558214,14.0,0.8,22.135850313724465,0.25,30.0,0.8999999999999999,45.07978681333657,800,96,30,30,0.0375,1.0,0.0,0.4191891573043597,0.3341720983751742,0.5462683886963535,1.0,1.0,65.11140677726168,64.16989277615926,68.03643048138862,0.4508670487472446,3.0144695144179927,18.0,36.5
cure,59.2034010963674,72.66883697982931,76.92876301726672,22.0,0.8,34.784907635852726,0.1,23.0,0.6,42.366124124215396,800,104,30,30,0.0375,1.0,0.0,0.6499655905486277,0.43692961736358904,0.8974723170386697,0.4,0.4,65.85018629676581,64.16907943862705,71.4514000118337,0.7125831984223703,1.3125967935619371,22.0,31.5
cure,58.84301488938186,73.44303949675322,77.53412852274992,22.0,1.4000000000000004,28.58372204795784,0.55,7.0,1.7999999999999998,8.580811060837027,800,108,30,30,0.0375,1.0,0.0,0.4233121489418834,0.27937019350427905,0.5757753579839561,1.0,1.0,67.6144514679558,64.3651163067684,74.02729590199932,0.6991936417918667,1.3762440660487287,17.0,37.0
cure,58.66266710860553,72.41779452260542,76.82548571422748,23.0,0.8,36.36603980111876,0.0,29.0,0.6,53.418156504445506,800,113,30,30,0.0375,1.0,0.0,0.7313053644897465,0.5097556211634378,0.9449384850782533,0.26666666666666666,0.26666666666666666,65.97396410488116,63.69968500022889,68.3772358325346,0.6931411478615703,1.401954446219382,22.0,31.0
cure,58.96961081629138,72.40916642414496,76.67285308887526,23.0,0.8,36.36603980111876,0.1,22.0,0.6,40.524118727510384,800,108,30,30,0.0375,1.0,0.0,0.6901550753682384,0.5054807263401223,0.9340353170772248,0.3333333333333333,0.3333333333333333,67.06139380176145,64.29598357936722,69.91723300535232,0.7465456160790979,1.1370414723530464,21.5,31.0
cure,58.91635328964122,73.33204638488345,77.93143067398269,25.0,0.6,46.050134917625435,0.05,23.0,0.8999999999999999,34.561169890224704,800,99,30,30,0.0375,1.0,0.0,0.9188836505559634,0.6843605829234698,1.108541177227481,0.0,0.0,65.45529394369356,63.54954806018644,68.53392247647227,0.7049463796842727,1.3452200751203087,26.0,27.5
cure,58.952698681267165,72.82521885100695,77.0604408019706,13.0,0.6,23.946070157165224,0.35000000000000003,22.0,1.1999999999999997,29.858509875833192,800,110,29,29,0.03625,1.0,0.0,0.5210433349463783,0.40893736277126363,0.7709543149987165,0.9310344827586207,0.9310344827586207,65.11564419948368,63.77856424008447,67.4638513725772,0.4544587780077429,3.043083770491295,20.0,33.0
cure,59.18977818030824,72.45241732683402,76.62592264329223,22.0,0.8,34.784907635852726,0.15000000000000002,20.0,0.6,36.840107934100345,800,97,29,29,0.03625,1.0,0.0,0.5835501362753325,0.4228490267265826,0.805300778561973,0.5862068965517241,0.5862068965517241,67.46818591508622,63.44190418640851,70.33277135644141,0.7106802141300513,1.3310851891443536,21.0,33.0
cure,59.33671992299003,73.13519387252259,77.36885859163135,12.0,0.6,22.104064760460208,0.35000000000000003,23.0,1.1999999999999997,31.21571487018925,800,124,28,28,0.035,1.0,0.0,0.46273417594302935,0.36029042614178175,0.6679674149698274,0.8928571428571429,0.8928571428571429,65.29056855318836,63.69224887196997,68.11188043775256,0.44348409256253324,3.0583764000850655,19.0,35.0
cure,59.912336637022754,72.96212663018309,77.03163595985518,22.0,0.8,34.784907635852726,0.2,16.0,0.6,29.47208634728028,800,111,28,28,0.035,1.0,0.0,0.637804801788749,0.37580872757931033,0.8555791542497243,0.5,0.5,65.32758033833721,63.59640939156466,68.85162881727112,0.7006744088700149,1.3566960722222623,22.0,33.0
cure,59.160909801953174,73.45712602408749,77.87091220435532,22.0,1.0,31.739290899557197,0.30000000000000004,12.0,0.6,22.104064760460208,800,114,28,28,0.035,1.0,0.0,0.5951930394981249,0.34945089174167676,0.6928473815066384,0.6428571428571429,0.6428571428571429,65.65825378541118,63.38773393715046,68.68435584636828,0.701542260937414,1.3683818643996122,20.5,33.0
cure,58.6618626052453,73.20540881260821,77.75645630993554,23.0,1.0,33.18198594044616,0.25,14.0,0.6,25.788075553870243,800,105,28,28,0.035,1.0,0.0,0.6296747082104743,0.36244355828877617,0.7777845937600183,0.5357142857142857,0.5357142857142857,67.21181236709799,64.17906604167038,70.4881049915467,0.7334082662309636,1.2012845651712039,21.0,33.0
cure,58.73091889074721,72.92565230068845,77.25900793907104,14.0,0.8,22.135850313724465,0.30000000000000004,27.0,0.8999999999999999,40.571808132002914,800,92,27,27,0.03375,1.0,0.0,0.4386139937168402,0.3171683496380449,0.5598252721695085,1.0,1.0,65.06815647155892,63.58827331872909,69.45861974481156,0.4481894996867897,3.0391152282775717,17.0,36.0
cure,58.87782639585515,73.36230473702817,77.50487645808482,22.0,1.4000000000000004,28.58372204795784,0.55,5.0,1.1999999999999997,6.786024971780271,800,107,26,26,0.0325,1.0,0.0,0.41910787420074436,0.32224961430051746,0.5242007598827944,1.0,1.0,67.32329765528368,63.94161729464594,73.02569066279844,0.7011307137030163,1.3576322736902733,16.0,37.5
cure,59.08947657417669,72.8868453756265,77.30283390413152,23.0,0.8,36.36603980111876,0.0,28.0,0.6,51.576151107740486,800,100,26,26,0.0325,1.0,0.0,0.7009897369179343,0.5066369587643916,0.9515091739726986,0.3076923076923077,0.3076923076923077,65.9594929843154,63.658687896199794,69.27393649135524,0.7626770214551224,1.0549747359892145,23.0,32.0
cure,58.68257979188673,73.06600876727865,77.67204293088221,24.0,0.6,44.208129520920416,0.05,24.0,0.8999999999999999,36.06382945066925,800,100,26,26,0.0325,1.0,0.0,0.8034101304041159,0.5643598841021811,1.096047288666884,0.07692307692307693,0.07692307692307693,66.13100940774724,63.342576429996775,72.09523747922579,0.7269412993649882,1.2389616411038236,24.0,29.0
cure,58.783159028612076,72.38347709605446,76.72978172242028,24.0,0.8,37.94717196638479,0.05,24.0,0.6,44.208129520920416,800,118,26,26,0.0325,1.0,0.0,0.6879320930442971,0.47606692710916726,0.9464592062747109,0.2692307692307692,0.2692307692307692,65.98935703092198,63.76070311240939,69.34521484781712,0.7193811218741393,1.2648327233673688,23.0,31.0
cure,58.72494389286514,72.65835299683621,76.86290813057488,14.0,0.8,22.135850313724465,0.35000000000000003,24.0,0.8999999999999999,36.06382945066925,800,103,25,25,0.03125,1.0,0.0,0.4294580115543262,0.33492578008710755,0.5642995630268252,1.0,1.0,65.66571420551746,63.63481591622455,69.61709446309263,0.4891134711395698,2.7381265442546825,17.0,37.0
cure,58.87937501965654,73.49667578588482,78.04574513962103,22.0,1.0,31.739290899557197,0.25,15.0,0.6,27.63008095057526,800,106,25,25,0.03125,1.0,0.0,0.5700010920016841,0.39868804179945305,0.8302578789187517,0.76,0.76,66.63597128716596,63.56885458462456,69.19579079550634,0.6790161617511018,1.497667067540467,21.0,33.0
cure,58.51542189246993,73.1111576114752,77.77043589464151,13.0,0.6,23.946070157165224,0.25,27.0,1.1999999999999997,36.644534847613464,800,113,24,24,0.03,1.0,0.0,0.5103129399329693,0.42841784543433625,0.6975899092979516,0.8333333333333334,0.8333333333333334,64.77956813153088,63.373929958511226,67.49470692535915,0.44951927579249085,3.0719126881267744,20.5,33.0
cure,59.20204059528598,73.45882614712707,77.79861016722836,14.0,0.8,22.135850313724465,0.30000000000000004,26.0,0.8999999999999999,39.06914857155836,800,103,24,24,0.03,1.0,0.0,0.4260974317025197,0.3480273476048321,0.5927023498372282,1.0,1.0,65.17048652454159,63.6733909049744,68.99403738024685,0.46502039582475907,2.872508814769825,18.0,36.0
cure,58.9496980535363,72.9006308499557,76.95140018964008,15.0,1.0,21.64042561333445,0.30000000000000004,30.0,0.6,55.26016190115052,800,90,24,24,0.03,1.0,0.0,0.36363377010306175,0.27360906813972585,0.5398793807444858,1.0,1.0,67.18017871883104,63.61901176119374,70.18527552085567,0.46664666485111994,2.880093086532845,15.0,39.0
cure,59.043387504907045,73.45651238155314,77.58761166242569,22.0,1.2000000000000002,29.858509875833192,0.5,6.0,0.8999999999999999,9.015957362667313,800,91,24,24,0.03,1.0,0.0,0.49021590714511126,0.37967687052142557,0.6664032932784504,0.9166666666666666,0.9166666666666666,66.42820666354831,63.50262625108182,69.4863564238535,0.7041252335338462,1.3324176686599074,19.0,36.0
cure,59.00164502732736,72.62806526531278,76.97160925564577,23.0,0.8,36.36603980111876,0.05,25.0,0.6,46.050134917625435,800,102,24,24,0.03,1.0,0.0,0.6609230265152166,0.5584731021305954,0.9125685339437263,0.4166666666666667,0.4166666666666667,65.30763725634388,63.63294382807849,71.01757192306837,0.7175359976016318,1.2815310718545976,23.0,31.0
cure,59.507978981268714,72.98264659646676,77.24960905816496,23.0,0.8,36.36603980111876,0.1,21.0,0.6,38.682113330805365,800,112,24,24,0.03,1.0,0.0,0.6786774667235006,0.52455717885494,0.8515981815844249,0.25,0.25,65.72221104271222,63.588098824885144,70.06978063977955,0.7246306146467207,1.2525186154292576,22.0,32.0
cure,58.92545479129601,72.64916038171421,76.91945077403047,25.0,0.6,46.050134917625435,0.15000000000000002,19.0,0.8999999999999999,28.550531648446494,800,99,24,24,0.03,1.0,0.0,0.8508078800425904,0.5571726334345795,1.0651058780050568,0.041666666666666664,0.041666666666666664,65.80814165403788,63.592460759898415,69.57716509054245,0.7388687886699464,1.155009493568973,26.0,29.0
cure,58.91867803982524,73.01175236665824,77.45609453092727,25.0,0.6,46.050134917625435,0.1,21.0,0.8999999999999999,31.5558507693356,800,101,24,24,0.03,1.0,0.0,0.8699227504438424,0.6898756747794407,1.2069902323166302,0.0,0.0,64.62496177034177,63.840763051941884,70.36352593788878,0.7573434592787889,1.0676698874289796,26.0,27.5
cure,59.07919717587809,73.39700920074628,77.85674491055018,13.0,0.6,23.946070157165224,0.30000000000000004,24.0,1.1999999999999997,32.5729198645453,800,84,23,23,0.02875,1.0,0.0,0.5590354279270439,0.3574974569060652,0.6735181472305404,0.9130434782608695,0.9130434782608695,66.07005181433017,64.05983718933679,70.0017775162081,0.44542811479743316,3.07913267272963,20.0,33.0
cure,59.49291820576809,72.85832575161622,76.91065570900017,22.0,1.0,31.739290899557197,0.4,7.0,0.6,12.894037776935122,800,107,23,23,0.02875,1.0,0.0,0.5943109486518625,0.4976213131069416,0.7726108558035516,0.6521739130434783,0.6521739130434783,65.70114090034393,63.82464979460241,69.48175520019814,0.7773306133257072,1.0054418473860012,20.0,33.0
cure,59.419901611475574,73.45739810588786,77.53550527559284,22.0,1.4000000000000004,28.58372204795784,0.55,6.0,1.7999999999999998,7.354980909288881,800,123,23,23,0.02875,1.0,0.0,0.4327279681812736,0.2704301103789182,0.5234048355387375,1.0,1.0,66.63558729734174,64.4881749748923,72.12107878931096,0.7406748756951691,1.1542395750390333,17.0,37.0
cure,59.535386545772155,73.37509862784322,77.79903444686985,23.0,0.8,36.36603980111876,0.0,27.0,0.6,49.73414571103547,800,115,23,23,0.02875,1.0,0.0,0.6894554179696037,0.5064606606076167,0.8474037165085152,0.21739130434782608,0.21739130434782608,65.95327482991433,64.2104286389943,68.9406904699942,0.7206898143430357,1.2563351804605267,23.0,31.0
cure,58.60518493933818,73.31433385543707,77.64046023755677,23.0,1.0,33.18198594044616,0.4,10.0,0.8999999999999999,15.026595604445523,800,100,23,23,0.02875,1.0,0.0,0.5521950703450798,0.5007205125069026,0.7883694051429079,0.6086956521739131,0.6086956521739131,65.53599032808361,63.60618335662725,71.03516045899707,0.741142295409192,1.1832234916891284,20.0,34.0
cure,59.32486589854282,73.02982171102127,77.2668211919001,26.0,0.6,47.89214031433045,0.15000000000000002,18.0,0.8999999999999999,27.04787208800194,800,107,23,23,0.02875,1.0,0.0,0.833392414608874,0.46331698992086257,1.0791120059916113,0.08695652173913043,0.08695652173913043,65.7921320198197,64.56122093704319,70.3087566367586,0.7196350849753828,1.287404056611645,25.0,29.0
cure,58.749270889413275,73.14886797384875,77.72934561524569,27.0,0.6,49.73414571103547,0.05,22.0,0.8999999999999999,33.058510329780155,800,114,23,23,0.02875,1.0,0.0,0.8783795449191728,0.5445244853159528,1.1928090634762736,0.08695652173913043,0.08695652173913043,66.00141049019663,63.89097407592679,69.94734604153979,0.7449898089087165,1.0878532728021786,26.0,28.0
cure,58.5870908009838,73.49722651739233,78.3257878430543,13.0,0.6,23.946070157165224,0.2,29.0,1.1999999999999997,39.35894483632557,800,99,22,22,0.0275,1.0,0.0,0.5472721261607816,0.3630427970987804,0.758905072641902,0.8636363636363636,0.8636363636363636,65.60524992811477,63.55656284240753,67.5342861187505,0.44660197205829166,3.030168336194237,20.0,34.0
cure,58.53050348037367,73.48743127574181,77.77172862537446,15.0,1.0,21.64042561333445,0.45,19.0,0.8999999999999999,28.550531648446494,800,113,22,22,0.0275,1.0,0.0,0.3967789067328306,0.2735129376046363,0.5791094754713145,1.0,1.0,64.85171439126978,63.57370196028611,68.5117587389134,0.48217865916908387,2.806551080556989,16.5,37.0
cure,59.75874823993557,73.05117389277825,77.2253321879176,22.0,0.8,34.784907635852726,0.15000000000000002,19.0,0.6,34.998102537395326,800,104,22,22,0.0275,1.0,0.0,0.6544531233485598,0.5142390420713645,0.906085433365654,0.4090909090909091,0.4090909090909091,67.06356092225798,63.677607075798235,71.01077454217935,0.6607424422639774,1.5876624831128812,22.0,32.0
cure,59.069380844750455,73.26160391906379,77.66460264920971,23.0,1.0,33.18198594044616,0.30000000000000004,11.0,0.6,20.262059363755192,800,111,22,22,0.0275,1.0,0.0,0.5920119967254058,0.43199505397537485,0.8376826023816117,0.8181818181818182,0.8181818181818182,65.65884525248588,64.52529729347143,69.65066899482488,0.7450590231878147,1.1061735674397664,20.5,34.0
cure,59.265524584976944,73.36570340845267,77.78893706059702,26.0,0.6,47.89214031433045,0.1,20.0,0.8999999999999999,30.053191208891047,800,121,22,22,0.0275,1.0,0.0,0.8967478285091188,0.6020217586168588,1.1301788532477788,0.045454545454545456,0.045454545454545456,65.01031530701741,63.299854273468306,69.24680209055893,0.7350254091573694,1.1748117324801868,26.0,28.0
cure,58.85322888872031,72.97809890416299,77.42729570980231,12.0,0.6,22.104064760460208,0.30000000000000004,26.0,1.1999999999999997,35.28732985325741,800,99,21,21,0.02625,1.0,0.0,0.48222941677045483,0.4190331155089941,0.7376672505801052,0.9047619047619048,0.9047619047619048,65.37452593316371,63.83958527239606,69.19556878348018,0.43888022779361524,3.11379164801106,19.0,35.0
cure,58.70542340582733,73.3750202502618,77.6258414102727,14.0,0.8,22.135850313724465,0.45,19.0,1.1999999999999997,25.78689489276503,800,87,21,21,0.02625,1.0,0.0,0.42319859174439634,0.3275787040964449,0.55563232516091,1.0,1.0,66.02224789076453,63.78626415605999,69.26892017807154,0.45805478029753943,2.9915277206439126,18.0,35.0
cure,59.555375565182345,72.77114979947805,76.93766963020994,24.0,0.8,37.94717196638479,0.15000000000000002,17.0,0.6,31.314091743985294,800,137,21,21,0.02625,1.0,0.0,0.6920725853106732,0.48796562930669235,1.1425645187197262,0.38095238095238093,0.38095238095238093,66.59523009451186,63.4968620146443,69.61918230980912,0.6902044440613964,1.409175448012965,23.0,32.0
cure,59.4887436586732,73.15484710011103,77.5044514016303,23.0,0.8,36.36603980111876,0.05,24.0,0.6,44.208129520920416,800,98,20,20,0.025,1.0,0.0,0.6604846172008088,0.5565482167598182,0.8913507987768138,0.45,0.45,65.78979294074966,63.493775224283354,69.74251827952072,0.7120958910977951,1.3070070683720583,23.0,31.5
cure,58.86326866998975,73.21943647773338,77.42974279412623,24.0,1.0,34.624680981335125,0.4,9.0,0.8999999999999999,13.52393604400097,800,95,20,20,0.025,1.0,0.0,0.5939867944074824,0.4550227912095116,0.6675360549388967,0.75,0.75,66.39795351634208,63.88793293418464,68.44257513205339,0.7668669434374278,1.0521872950454028,21.0,33.0
cure,58.958497166349375,73.42506281938418,77.52969374672367,22.0,1.4000000000000004,28.58372204795784,0.55,6.0,1.4999999999999998,7.660685083813718,800,99,19,19,0.02375,1.0,0.0,0.4205916922763716,0.38023889304616465,0.5758760305125659,1.0,1.0,66.74278625816254,64.41641077708226,69.58063016760775,0.7218489838075521,1.2342879122910366,17.0,37.0
cure,59.85855238507246,72.85969643709439,76.92107972419677,23.0,0.8,36.36603980111876,0.2,15.0,0.6,27.63008095057526,800,106,19,19,0.02375,1.0,0.0,0.7117346703856411,0.5266044052150876,0.878855939132393,0.21052631578947367,0.21052631578947367,65.68665341165635,63.91480719822303,68.89489401514031,0.7537630273328647,1.0865769876619766,22.0,31.0
cure,58.983297070077455,73.45291667268219,78.08136850972382,12.0,0.6,22.104064760460208,0.25,28.0,1.1999999999999997,38.00173984196952,800,110,18,18,0.0225,1.0,0.0,0.5124949513251386,0.3991665112524268,0.5936315315883146,1.0,1.0,65.18105733863172,63.664846444076915,70.66650305436686,0.4426013206943844,3.1062514971829813,20.5,34.0
cure,59.281660249529395,72.93017001807485,77.2675522699166,22.0,0.8,34.784907635852726,0.05,26.0,0.6,47.89214031433045,800,100,17,17,0.02125,1.0,0.0,0.6490129300974652,0.4816314365390447,0.8965143174322403,0.4117647058823529,0.4117647058823529,66.53712782740126,64.71647210986747,71.76463571784426,0.7301747337741242,1.2107745467124544,22.0,32.0
cure,59.52771363675207,73.45347150409405,77.53495171205233,22.0,1.4000000000000004,28.58372204795784,0.55,5.0,1.4999999999999998,6.383904236511431,800,118,17,17,0.02125,1.0,0.0,0.41175693630305343,0.2632878855135655,0.49293811093277645,1.0,1.0,67.98325212825743,64.40766678916032,74.69564614400164,0.7388169638898893,1.176200343766172,16.0,38.0
cure,58.82980191571102,72.60372862378665,77.02436476765983,24.0,0.8,37.94717196638479,0.0,27.0,0.6,49.73414571103547,800,99,17,17,0.02125,1.0,0.0,0.7278509659817052,0.5189713789631751,0.934639002022077,0.11764705882352941,0.11764705882352941,65.13136330730572,63.47796777715817,66.28242123871695,0.7163293993750312,1.2858186545361594,23.0,31.0
cure,59.29503917089006,72.9344656399288,77.28611671186061,24.0,0.8,37.94717196638479,0.05,23.0,0.6,42.366124124215396,800,118,17,17,0.02125,1.0,0.0,0.7050835095426772,0.5795179604460575,0.8644516651809825,0.11764705882352941,0.11764705882352941,64.97655403553227,64.05579420601802,70.12629962331566,0.7448269470771735,1.1259407096247462,23.0,31.0
cure,59.73226965073786,73.37845128876495,77.73237377196138,25.0,0.8,39.52830413165083,0.05,21.0,0.6,38.682113330805365,800,111,17,17,0.02125,1.0,0.0,0.7146838423119138,0.5704121283391632,0.9331789310099063,0.17647058823529413,0.17647058823529413,65.46055710685359,63.743199048759294,68.63549717015886,0.7698267484942363,1.0282815055001373,22.0,31.0
cure,58.799040796380275,72.85689996049769,77.2726130001451,27.0,0.6,49.73414571103547,0.1,20.0,0.8999999999999999,30.053191208891047,800,96,17,17,0.02125,1.0,0.0,0.8142672992146238,0.5563276929261292,1.0271015897454312,0.11764705882352941,0.11764705882352941,64.85658262387189,63.323008763685245,69.3256566762772,0.6594754707222358,1.6276823693200737,24.0,29.0
cure,58.70895020175806,73.40754668416224,78.13485306948353,27.0,0.6,49.73414571103547,0.0,24.0,0.8999999999999999,36.06382945066925,800,110,17,17,0.02125,1.0,0.0,0.8521138587838417,0.6132597656135704,1.1288895239353434,0.11764705882352941,0.11764705882352941,65.88352092533114,63.71409396425818,70.50158549855988,0.6637030154628866,1.555954149202517,26.0,28.0
cure,58.52865486568487,72.53081856875048,76.57144144206458,12.0,0.6,22.104064760460208,0.45,20.0,1.4999999999999998,25.535616946045725,800,104,16,16,0.02,1.0,0.0,0.5016343401863606,0.36162845873510596,0.5903776160619225,1.0,1.0,66.04512715230945,63.84511869022559,69.88503421093318,0.4616542354551214,3.0007840805793453,20.5,34.0
cure,60.08753719197292,73.46026919888413,77.53562597153017,22.0,1.4000000000000004,28.58372204795784,0.55,4.0,1.7999999999999998,4.903320606192587,800,119,16,16,0.02,1.0,0.0,0.4081017578199273,0.3048148086229101,0.4990232537773243,1.0,1.0,66.64343570528058,63.74659759410525,72.97424499878551,0.7722110164466411,1.007683735509182,15.5,38.0
cure,59.97373020103899,73.44772816896102,77.71418494221012,24.0,0.8,37.94717196638479,0.1,19.0,0.6,34.998102537395326,800,95,16,16,0.02,1.0,0.0,0.7118002814855592,0.49580989864870484,0.8664211780421511,0.25,0.25,64.6582381782857,63.41562018881165,69.0043261608868,0.6825510481087571,1.46510181888862,22.0,31.0
cure,59.37129131437476,72.81375062854946,77.0795160126068,24.0,0.8,37.94717196638479,0.1,20.0,0.6,36.840107934100345,800,98,16,16,0.02,1.0,0.0,0.7072646971888612,0.5106576617491766,0.8711483798975349,0.3125,0.3125,65.21243761054689,63.44856315074806,70.63723896183288,0.7617397449100511,1.0529260698912206,22.0,31.5
cure,59.177038495478115,73.31940870300404,77.55158378258157,24.0,0.8,37.94717196638479,0.30000000000000004,13.0,0.8999999999999999,19.53457428577918,800,105,16,16,0.02,1.0,0.0,0.7291437345514895,0.562182567227261,0.9114314560787934,0.1875,0.1875,66.30333025942241,65.0548993867989,69.16039502971347,0.7502450767025872,1.1304755287074097,23.5,30.5
cure,59.101589461286245,73.16413932971028,77.5431495653917,24.0,1.0,34.624680981335125,0.30000000000000004,10.0,0.6,18.420053967050173,800,118,16,16,0.02,1.0,0.0,0.6276100965401775,0.44373111868038184,0.8624549457973089,0.5625,0.5625,65.27754002793881,63.9581542556308,70.1862224511662,0.7632441019480072,1.020178517307839,22.0,32.0
cure,59.881469672120716,73.16540808369314,77.1973871730921,25.0,0.6,46.050134917625435,0.2,16.0,0.8999999999999999,24.042552967112837,800,103,16,16,0.02,1.0,0.0,0.791445077467377,0.6146343729740659,1.1598302859120153,0.0625,0.0625,64.88573735148694,64.00034095081949,68.86040842091407,0.7099939275816274,1.3227727152350848,24.0,29.0
cure,58.62202960582425,73.31397396011317,78.02475087637578,29.0,0.6,53.418156504445506,0.0,23.0,0.8999999999999999,34.561169890224704,800,110,16,16,0.02,1.0,0.0,0.9333841774185527,0.7779718828013441,1.1974042287001287,0.0,0.0,65.72474017264801,64.32290190912238,68.14276993761038,0.7489564171787901,1.0934136080787884,26.0,28.0
cure,59.15611979108468,73.15569247990283,77.40716989980851,13.0,0.8,20.55471814845843,0.30000000000000004,29.0,0.8999999999999999,43.57712725289202,800,104,15,15,0.01875,1.0,0.0,0.3983724459544145,0.3180471377404114,0.5978493917268142,1.0,1.0,65.44901765906167,64.58069051373025,70.49753417942044,0.42331713487853895,3.302722462273576,16.0,37.0
cure,59.54165291404048,73.35376966259187,77.49157960938393,13.0,0.8,20.55471814845843,0.35000000000000003,25.0,0.8999999999999999,37.56648901111381,800,107,15,15,0.01875,1.0,0.0,0.4074474250704686,0.35454828352570855,0.6221104453243658,1.0,1.0,65.64081540685852,64.26227252367414,69.57905191491942,0.45035500638149467,3.039177617207592,18.0,36.0
cure,59.08157371487443,72.83775441674283,76.97132200325315,13.0,0.8,20.55471814845843,0.35000000000000003,26.0,0.8999999999999999,39.06914857155836,800,107,15,15,0.01875,1.0,0.0,0.4031582753195319,0.33745692843386316,0.6458952115026486,0.9333333333333333,0.9333333333333333,65.09559392101389,64.00568745463565,68.72133930165734,0.46428955011764333,2.8789833429184095,17.0,36.0
cure,59.51263724315835,73.43673588550797,77.53039844367166,22.0,1.4000000000000004,28.58372204795784,0.55,4.0,1.1999999999999997,5.428819977424217,800,122,15,15,0.01875,1.0,0.0,0.4332985860396009,0.3167814262156236,0.4980344698505546,1.0,1.0,66.43597354913129,63.57976537000182,71.55959153578814,0.7615041585284011,1.0482312370856328,16.0,37.0
cure,58.62639240283193,72.3740743457994,76.79655629293015,25.0,0.8,39.52830413165083,0.0,26.0,0.6,47.89214031433045,800,116,15,15,0.01875,1.0,0.0,0.6695308312302131,0.5451242546753287,0.9499436997772903,0.4,0.4,64.82800229613696,63.770794172367,69.57698776007854,0.7274628372395033,1.20375138513037,23.0,31.0
cure,59.3927738810481,72.63457109048426,76.65954669293306,26.0,0.6,47.89214031433045,0.2,16.0,0.8999999999999999,24.042552967112837,800,90,15,15,0.01875,1.0,0.0,0.7949353181688396,0.5190121012306802,0.9966459114928515,0.06666666666666667,0.06666666666666667,64.25775455326743,63.68747521706108,67.15678153816468,0.7314703754797425,1.222589500537943,25.0,29.0
cure,58.678787039911406,72.40773366876218,76.65739844081364,12.0,0.6,22.104064760460208,0.35000000000000003,24.0,1.1999999999999997,32.5729198645453,800,94,14,14,0.0175,1.0,0.0,0.4880569063809001,0.4184907328124054,0.7378865875815933,0.9285714285714286,0.9285714285714286,65.38607432403413,63.22682626316189,68.61112332243675,0.4704466445714592,2.854732258932533,19.0,34.5
cure,59.84193970864692,73.46008567792008,77.53562352576381,22.0,1.4000000000000004,28.58372204795784,0.55,5.0,1.7999999999999998,6.129150757740734,800,108,14,14,0.0175,1.0,0.0,0.42259291545637945,0.36346854383136723,0.4885817583745895,1.0,1.0,66.50943980969274,64.29633384168723,73.59965823657946,0.7962661571320595,0.8751810586567267,16.0,37.5
cure,58.926828992640196,72.53576219368243,76.74388549379124,24.0,1.0,34.624680981335125,0.35000000000000003,8.0,0.6,14.73604317364014,800,109,14,14,0.0175,1.0,0.0,0.5805964500602787,0.4856407999987966,0.798535807001844,0.7142857142857143,0.7142857142857143,67.01294762676187,64.79832289275232,70.16324424851582,0.7428065005267199,1.1249391808516367,20.0,33.0
cure,58.99092008464385,72.75189401510946,77.18007611164894,26.0,0.8,41.10943629691686,0.0,24.0,0.6,44.208129520920416,800,115,14,14,0.0175,1.0,0.0,0.7541177525376519,0.5713166984056102,0.9165678399915297,0.14285714285714285,0.14285714285714285,65.84991451273524,64.43505572670635,66.54250970446677,0.740775647622048,1.144774863884492,24.0,30.5
cure,58.78349463924158,72.56763023076977,76.816292947889,23.0,1.0,33.18198594044616,0.35000000000000003,9.0,0.6,16.578048570345157,800,90,13,13,0.01625,1.0,0.0,0.599605617670212,0.49902547018172805,0.8166666821461296,0.6153846153846154,0.6153846153846154,66.28874329557512,63.970846985542984,69.64648735188308,0.7853934308620869,0.9043745812901486,21.0,33.0
cure,59.89424402509165,72.83647483054978,76.8836251903486,24.0,0.8,37.94717196638479,0.2,14.0,0.6,25.788075553870243,800,114,13,13,0.01625,1.0,0.0,0.6926288737457035,0.5249308357505844,0.8500792150902339,0.23076923076923078,0.23076923076923078,66.45161635357574,64.02116346345025,69.95411396188959,0.7206445701314772,1.2393010576868573,23.0,31.0
cure,60.02296743374291,72.89497249885059,76.92145507251213,25.0,0.8,39.52830413165083,0.2,13.0,0.6,23.946070157165224,800,92,13,13,0.01625,1.0,0.0,0.6926355988522481,0.5646125194373147,0.7842197727317433,0.15384615384615385,0.15384615384615385,64.71834358792506,63.74490675123517,69.06724416560792,0.7096885536985263,1.3157445467661688,22.0,31.0
cure,58.507145194002355,72.58095097706179,76.80745124739995,25.0,0.8,39.52830413165083,0.30000000000000004,13.0,0.8999999999999999,19.53457428577918,800,90,13,13,0.01625,1.0,0.0,0.7082342250474709,0.5047721283170313,0.8071943512854656,0.3076923076923077,0.3076923076923077,66.90535495649378,65.23622099480961,70.52592473601602,0.7483268484878457,1.130869579104514,23.0,31.0
cure,59.02328834581299,73.22893164926766,77.80125497930764,11.0,0.6,20.262059363755192,0.25,30.0,1.1999999999999997,40.71614983068163,800,127,12,12,0.015,1.0,0.0,0.4728875775793783,0.389942493747717,0.6362975761590322,0.9166666666666666,0.9166666666666666,65.69077474612976,63.656071003582355,68.34152348694552,0.42299871151362467,3.2563010791412053,19.0,34.0
cure,58.58928367680487,73.28445678869744,77.68399797233428,12.0,0.6,22.104064760460208,0.4,22.0,1.4999999999999998,28.0891786406503,800,106,12,12,0.015,1.0,0.0,0.4735843716337532,0.4388419390650184,0.6614256359888478,0.9166666666666666,0.9166666666666666,64.99486400823108,63.38842921107891,68.5956172823767,0.44451527051429995,3.105204290858362,20.0,33.5
cure,59.22887730820317,72.84521659591014,77.0715266111012,11.0,0.6,20.262059363755192,0.35000000000000003,25.0,1.1999999999999997,33.93012485890136,800,104,12,12,0.015,1.0,0.0,0.49266525429485075,0.3725503092145042,0.7079065116737632,0.9166666666666666,0.9166666666666666,64.02811954934653,63.227063431258976,68.80608910256574,0.45119812154464367,3.065990785813624,19.0,35.0
cure,59.92582881003662,73.45976834053603,77.53560520862351,22.0,1.4000000000000004,28.58372204795784,0.55,4.0,1.4999999999999998,5.107123389209145,800,117,12,12,0.015,1.0,0.0,0.40140243800687647,0.25101359090889575,0.48533321200224294,1.0,1.0,67.02057458358924,65.3847149603435,72.92611146387189,0.7633948761399616,1.042466287878229,16.0,38.0
cure,59.61837645144777,72.87594365031649,77.04865714868247,23.0,0.8,36.36603980111876,0.15000000000000002,18.0,0.6,33.15609714069031,800,95,12,12,0.015,1.0,0.0,0.6774523452390593,0.5251097166455091,0.8914223121711097,0.3333333333333333,0.3333333333333333,64.94429742398525,63.793654189955184,70.62639623909355,0.7299699868529665,1.2204496597153014,22.5,31.0
cure,59.073192083501134,72.84804748317488,76.86052110992526,23.0,1.2000000000000002,31.21571487018925,0.5,5.0,0.8999999999999999,7.513297802222762,800,98,12,12,0.015,1.0,0.0,0.482003493476003,0.4079462966010411,0.7159161002478113,0.9166666666666666,0.9166666666666666,68.38074044646129,63.782555459451224,73.47139846866894,0.773338257358595,0.9880449408010248,18.5,35.0
cure,59.29628570430769,73.11253207174165,77.54068882811177,24.0,0.8,37.94717196638479,0.0,26.0,0.6,47.89214031433045,800,110,12,12,0.015,1.0,0.0,0.7487160372025398,0.5216028062836572,0.8719875130902514,0.25,0.25,66.80813515037843,63.620002961823054,71.48989136789713,0.7555262148809365,1.064330373950062,23.5,30.0
cure,58.6251458694143,72.19600791398655,76.541984176679,25.0,0.8,39.52830413165083,0.05,23.0,0.6,42.366124124215396,800,102,12,12,0.015,1.0,0.0,0.7315652101659006,0.575877978182611,0.8658050519897685,0.25,0.25,65.70675307146078,64.28780629023163,68.51403393732556,0.7726769790352884,0.989280401527248,22.5,32.0
cure,59.11508819390455,72.9049113390083,77.33439677308917,25.0,0.8,39.52830413165083,0.0,25.0,0.6,46.050134917625435,800,127,12,12,0.015,1.0,0.0,0.7194117914531883,0.559448198538647,0.819001357801259,0.16666666666666666,0.16666666666666666,64.901557463355,64.13745283818449,70.01008220328619,0.7831916205186547,0.9493120967120701,22.5,31.0
cure,58.53809834324174,72.88267091514695,77.40741712359164,25.0,1.0,36.06737602222409,0.25,12.0,0.6,22.104064760460208,800,111,12,12,0.015,1.0,0.0,0.6866767614848404,0.5498568568952206,0.8832353729192213,0.3333333333333333,0.3333333333333333,66.7506377366992,63.862287818087765,69.43534889874724,0.7635392176452368,1.029883828991006,22.0,32.5
cure,58.8758860073756,73.41816750791256,77.83236735752934,26.0,0.8,41.10943629691686,0.25,14.0,0.8999999999999999,21.03723384622373,800,111,12,12,0.015,1.0,0.0,0.83826512815337,0.634053095378899,0.948930208230112,0.08333333333333333,0.08333333333333333,66.0523394983638,64.10780203154529,70.17261280345589,0.7908577843463632,0.8978265128209644,26.0,28.5
cure,58.85838210994615,72.52101826306625,76.75049713144817,27.0,0.6,49.73414571103547,0.15000000000000002,18.0,0.8999999999999999,27.04787208800194,800,110,12,12,0.015,1.0,0.0,0.8512129982964723,0.6373661628928369,1.0700138989555474,0.0,0.0,65.85008447396487,64.54782370769645,70.78309769578883,0.7593398848368725,1.0665423530535771,26.0,27.5
cure,58.92983683551808,72.51528156089083,76.69400599580929,29.0,0.6,53.418156504445506,0.15000000000000002,17.0,0.8999999999999999,25.54521252755739,800,94,12,12,0.015,1.0,0.0,0.849615058813844,0.6401058236639712,1.1687274792672446,0.0,0.0,65.19218451055929,63.55305639582555,69.27169348727261,0.698723401973946,1.401713348394079,25.5,29.0
cure,58.74826848721542,72.68316117754458,76.92417862671363,13.0,0.8,20.55471814845843,0.30000000000000004,30.0,0.8999999999999999,45.07978681333657,800,101,11,11,0.01375,1.0,0.0,0.4318866532978356,0.32608036137151913,0.5387000801829984,1.0,1.0,64.7902630599085,63.698866280459576,69.53755656672863,0.443026638899822,3.061751602245915,18.0,38.0
cure,58.91279535413925,72.89153040993307,76.97965945289548,11.0,0.6,20.262059363755192,0.45,21.0,1.4999999999999998,26.812397793348012,800,94,11,11,0.01375,1.0,0.0,0.4682844731296299,0.36827512722752265,0.5583384236388229,1.0,1.0,65.88394353838325,64.89038345046991,73.55166642306904,0.4378839388012985,3.1302818343413508,19.0,34.0
cure,59.42402681728225,73.41657116132201,77.83193250565785,11.0,0.6,20.262059363755192,0.30000000000000004,27.0,1.1999999999999997,36.644534847613464,800,117,11,11,0.01375,1.0,0.0,0.48595077948472165,0.42329461661972656,0.5607244797115287,1.0,1.0,66.08205232396003,63.626283432574986,68.7493371633024,0.4184844174014255,3.241183357520437,20.0,34.0
cure,58.805844673392116,73.18254514435415,77.19491779204611,14.0,1.0,20.19773057244549,0.5,18.0,0.8999999999999999,27.04787208800194,800,115,11,11,0.01375,1.0,0.0,0.37277475509204416,0.3189077525017929,0.4597597161815952,1.0,1.0,66.38041396018534,64.37650742649464,67.33478414666507,0.43858074995094254,3.0383461822144198,16.0,38.0
cure,58.50373371809103,73.17651068775538,77.65903388500618,25.0,0.8,39.52830413165083,0.25,15.0,0.8999999999999999,22.539893406668284,800,97,11,11,0.01375,1.0,0.0,0.8589905213797628,0.557014665150835,0.9893689876523858,0.09090909090909091,0.09090909090909091,66.5053091274282,64.71830425043211,67.87603121690057,0.7873554264863332,0.9408166745536891,25.0,29.0
cure,58.70968213840844,73.08582316985499,77.64084236290876,29.0,0.6,53.418156504445506,0.05,21.0,0.8999999999999999,31.5558507693356,800,112,11,11,0.01375,1.0,0.0,0.9112006360124518,0.8032394214441969,1.0156498765792654,0.0,0.0,66.00118680893142,63.34524674743416,70.20345817845845,0.7376242872187164,1.1472671176017828,26.0,28.0
cure,58.649540228515534,73.22475360009449,77.4914253469596,13.0,0.8,20.55471814845843,0.45,21.0,1.1999999999999997,28.50130488147714,800,83,10,10,0.0125,1.0,0.0,0.4432308574278898,0.31278252414340435,0.5530610464029191,1.0,1.0,64.87238001192118,63.17663859712419,65.83354336353277,0.4305302055939019,3.21470598703939,17.5,35.0
cure,58.54684475626539,72.99962394589485,77.5425645170888,24.0,1.0,34.624680981335125,0.25,13.0,0.6,23.946070157165224,800,90,10,10,0.0125,1.0,0.0,0.6483975083520865,0.4675292617803593,0.8113817152609064,0.4,0.4,67.11160760237252,63.88687376731592,69.05108025579543,0.7681638559662736,1.0031054569013684,21.5,31.5
cure,58.693586286326294,73.45438190878028,78.01250541955969,24.0,1.2000000000000002,32.5729198645453,0.4,6.0,0.6,11.052032380230104,800,98,10,10,0.0125,1.0,0.0,0.5938706992691619,0.4960393172951826,0.7444078932948509,0.9,0.9,66.97510327976609,65.01653509488686,69.72584244096957,0.7960208061091271,0.8715259530269077,20.0,33.0
cure,58.80137893335868,72.76352786452517,77.05068851679167,24.0,1.2000000000000002,32.5729198645453,0.45,4.0,0.6,7.36802158682007,800,112,10,10,0.0125,1.0,0.0,0.49754600949502475,0.40943949226183457,0.5518070543316981,1.0,1.0,66.15387178969871,63.565841570665896,71.75143203695123,0.7380839071539682,1.1833531370638202,17.5,35.5
cure,59.09536614006049,72.67092677034164,77.01716664106374,26.0,0.8,41.10943629691686,0.05,21.0,0.6,38.682113330805365,800,116,10,10,0.0125,1.0,0.0,0.7720927413014806,0.6956038904399213,0.8462473266970231,0.0,0.0,64.71295509985619,63.983411440429414,67.49017693979935,0.7499595520094943,1.10717222302301,22.5,30.0
cure,59.8025562726847,73.47258566612864,77.66755472845166,27.0,0.6,49.73414571103547,0.15000000000000002,17.0,0.8999999999999999,25.54521252755739,800,92,10,10,0.0125,1.0,0.0,0.8140359747503785,0.6356607245918925,1.0807759644064183,0.1,0.1,66.80513992712653,63.4378696784253,70.97026765209397,0.7124349100182592,1.3058053310166056,25.0,27.5
cure,59.343397430868166,73.33776649496359,77.68039989484515,30.0,0.6,55.26016190115052,0.1,18.0,0.8999999999999999,27.04787208800194,800,107,10,10,0.0125,1.0,0.0,0.8843982011636551,0.791338562848883,1.1107250839095575,0.0,0.0,66.05897578209868,63.8847072620524,68.7190104967094,0.7442661783757012,1.129050612415348,26.5,27.5
cure,59.919052006230125,73.39181948196938,77.57929193540852,10.0,0.6,18.420053967050173,0.35000000000000003,26.0,1.1999999999999997,35.28732985325741,800,114,9,9,0.01125,1.0,0.0,0.4584126988802685,0.3743089005983105,0.6162120490631083,1.0,1.0,66.3015316964297,64.19230464394305,68.47053820099867,0.4356487612142899,3.0833749147664173,20.0,34.0
cure,59.79055000736418,73.48869274249867,77.69086705289905,23.0,1.0,33.18198594044616,0.35000000000000003,8.0,0.6,14.73604317364014,800,96,9,9,0.01125,1.0,0.0,0.566356314119294,0.45942772322044656,0.6978474871119412,0.7777777777777778,0.7777777777777778,65.82075312489499,64.28388961271384,68.12337795182796,0.7492270071183328,1.0958985404381394,20.0,35.0
cure,60.24097054887447,73.47651071348801,77.63778356888909,24.0,0.8,37.94717196638479,0.15000000000000002,16.0,0.6,29.47208634728028,800,96,9,9,0.01125,1.0,0.0,0.6976937951048938,0.5140584817263185,0.8319485154569054,0.2222222222222222,0.2222222222222222,64.97935780623438,63.28830777952599,70.9609802845456,0.7628940818609014,1.0700956030505178,21.0,31.0
cure,58.50334915070853,73.49242051949253,77.89609114616145,24.0,1.2000000000000002,32.5729198645453,0.45,7.0,0.8999999999999999,10.518616923111866,800,95,9,9,0.01125,1.0,0.0,0.5099170534640749,0.45788928970352727,0.6881873825540419,0.8888888888888888,0.8888888888888888,64.71022721673828,63.60360671960664,67.21627262410068,0.713477623082413,1.2948476635306565,18.0,35.0
cure,59.94326512510429,73.37756772356448,77.63734039299096,25.0,0.8,39.52830413165083,0.1,18.0,0.6,33.15609714069031,800,109,9,9,0.01125,1.0,0.0,0.7209948003608773,0.6349382087488197,0.7876561452419099,0.1111111111111111,0.1111111111111111,66.44976031638302,64.28754250215746,68.58579370772163,0.7384665338240373,1.1788173149324181,23.0,31.0
cure,59.66782145672771,72.77849627879561,76.91830008974603,26.0,0.8,41.10943629691686,0.15000000000000002,15.0,0.6,27.63008095057526,800,101,9,9,0.01125,1.0,0.0,0.7303438136525929,0.47088638340277156,0.9258706343518819,0.1111111111111111,0.1111111111111111,65.07832005805703,64.3974456590873,68.53612025458011,0.7735811889734112,1.0012639100721605,22.0,31.0
cure,58.94569238331755,72.82276494002059,76.95745428456426,26.0,0.8,41.10943629691686,0.30000000000000004,12.0,0.8999999999999999,18.031914725334627,800,99,9,9,0.01125,1.0,0.0,0.7220162905279361,0.5918785104123859,0.8449510230126147,0.2222222222222222,0.2222222222222222,66.9272118169848,64.68175839305235,68.68234443031429,0.7336943330736331,1.1871791770973723,23.0,30.0
cure,59.9867444019753,73.3758297203133,77.62485554993303,26.0,0.8,41.10943629691686,0.1,17.0,0.6,31.314091743985294,800,118,9,9,0.01125,1.0,0.0,0.7456632323106611,0.6829580594121942,0.8304279518523054,0.0,0.0,65.70151633998435,64.55976865162584,67.70160082111772,0.7396667707254736,1.1660082696021252,23.0,31.0
cure,59.48898448113505,73.11962204857174,77.143762058877,27.0,0.8,42.690568462182895,0.30000000000000004,11.0,0.8999999999999999,16.529255164890078,800,100,9,9,0.01125,1.0,0.0,0.7059455771945733,0.6279951020647473,0.8666411762052327,0.1111111111111111,0.1111111111111111,67.69002395893781,63.55644797516836,70.03726464117189,0.747112867333077,1.1283087121973805,23.0,30.0
cure,59.23889658291447,73.29277752997052,77.68012428699468,28.0,0.6,51.576151107740486,0.1,19.0,0.8999999999999999,28.550531648446494,800,93,9,9,0.01125,1.0,0.0,0.8988986329373787,0.6002006112395836,1.004077625911962,0.2222222222222222,0.2222222222222222,65.35529829564608,63.248918948755176,66.48029715931996,0.7548880930051916,1.0851396693327697,25.0,28.0
cure,59.35664630108924,72.98433241391191,77.17135418571333,28.0,0.6,51.576151107740486,0.15000000000000002,17.0,0.8999999999999999,25.54521252755739,800,106,9,9,0.01125,1.0,0.0,0.8987697285093481,0.6341091215821708,1.054716136458938,0.1111111111111111,0.1111111111111111,65.10781083754897,64.6239189873571,65.81491713887256,0.7131587651751351,1.2737371119322751,26.0,28.0
cure,58.81208711734331,72.82372667694943,77.20277609709065,29.0,0.6,53.418156504445506,0.1,19.0,0.8999999999999999,28.550531648446494,800,106,9,9,0.01125,1.0,0.0,0.8693690965416924,0.5732031425399178,1.095835355289955,0.1111111111111111,0.1111111111111111,66.76024890163593,63.819473755691845,70.76227487795657,0.7272436739772589,1.215106402806875,26.0,27.0
cure,59.228421283193846,72.70254054343931,76.7338459039053,12.0,0.8,18.973585983192397,0.35000000000000003,29.0,0.8999999999999999,43.57712725289202,800,105,8,8,0.01,1.0,0.0,0.40743347593312407,0.3177678818256001,0.5056750054555297,1.0,1.0,65.23671631205781,63.55246529348752,68.96160976234268,0.40945564349555097,3.46238219402989,16.5,38.0
cure,59.627823595321225,73.45941853353277,77.89528324254658,25.0,0.8,39.52830413165083,0.0,24.0,0.6,44.208129520920416,800,96,8,8,0.01,1.0,0.0,0.7932625306611671,0.6370799202126484,0.9178666099412854,0.0,0.0,64.05082341129176,63.731929971889485,72.17711058921589,0.7911091986121848,0.9079642366318438,24.0,29.5
cure,59.30383689956323,72.70927044301877,76.9700524070285,25.0,0.8,39.52830413165083,0.1,19.0,0.6,34.998102537395326,800,99,8,8,0.01,1.0,0.0,0.7238836373407932,0.5742333052337355,0.9224948458560364,0.25,0.25,64.70115353336806,63.87915824297188,66.67093814534068,0.7175883876720035,1.2997447095603292,22.5,30.5
cure,59.16399214326179,72.77311110686972,77.1235758043778,25.0,0.8,39.52830413165083,0.05,22.0,0.6,40.524118727510384,800,111,8,8,0.01,1.0,0.0,0.7850260328762487,0.6577879508420218,0.8853041804596228,0.0,0.0,64.34801267300247,63.516656507885806,66.83958939375408,0.7522483114229208,1.092670617812114,23.0,30.0
cure,58.86969614324647,73.43932075382227,78.07228369432522,26.0,1.0,37.51007106311305,0.2,13.0,0.6,23.946070157165224,800,104,8,8,0.01,1.0,0.0,0.6986570568264708,0.629537604081343,0.7720399198443576,0.125,0.125,67.21488505946462,65.43083546856688,69.6725358068135,0.8094991345071683,0.8099874778325673,23.0,32.5
cure,58.64113328121422,72.85849664256503,77.35457133030408,26.0,1.0,37.51007106311305,0.25,11.0,0.6,20.262059363755192,800,113,8,8,0.01,1.0,0.0,0.6557282731228103,0.5309484071895403,0.7948644144398845,0.25,0.25,64.94969890775596,63.70551724277602,67.08622431168375,0.7219282491327432,1.2566002880271503,21.5,33.0
cure,58.9233898144726,72.65344526386366,77.07787720786317,27.0,0.8,42.690568462182895,0.0,23.0,0.6,42.366124124215396,800,111,8,8,0.01,1.0,0.0,0.709386542514175,0.5411935278785005,0.8168363797397831,0.375,0.375,64.83022836353226,63.390815651066276,67.55991694837245,0.7537540937760947,1.1047086312492906,22.5,30.5
cure,59.52597297010111,73.05688323501928,77.18286510379326,30.0,0.6,55.26016190115052,0.15000000000000002,16.0,0.8999999999999999,24.042552967112837,800,107,8,8,0.01,1.0,0.0,0.9664882039744787,0.7896769915695159,1.0858485318834232,0.0,0.0,66.24411536449846,64.37452646178807,68.77528396802371,0.7984864471257961,0.8465774445972948,27.0,27.0
cure,59.26598223582819,73.16960581022835,77.51045081611095,25.0,1.0,36.06737602222409,0.30000000000000004,9.0,0.6,16.578048570345157,800,113,7,7,0.00875,1.0,0.0,0.6833848826512531,0.4490496585327717,0.7556404100638027,0.42857142857142855,0.42857142857142855,66.08317803973151,64.76533681200942,68.5751780119421,0.7205335817999527,1.2622229649914207,22.0,32.0
cure,59.69586849007029,73.30687158626642,77.65533086547403,26.0,0.8,41.10943629691686,0.05,20.0,0.6,36.840107934100345,800,104,7,7,0.00875,1.0,0.0,0.7075003127970314,0.549989798652525,0.7534983332156543,0.2857142857142857,0.2857142857142857,64.41044065291689,63.17684334885346,68.67045292639348,0.762395888073289,1.046481152790059,22.0,32.0
cure,59.84907602111895,72.89496725898591,77.01377649954901,27.0,0.8,42.690568462182895,0.15000000000000002,14.0,0.6,25.788075553870243,800,107,7,7,0.00875,1.0,0.0,0.7395984733467982,0.5511142054320662,0.8723527917548963,0.14285714285714285,0.14285714285714285,65.41557309508286,63.678407405105084,69.05116154417472,0.739846252259493,1.1790770737643401,23.0,31.0
cure,58.85300506506964,72.74269760439468,77.15264773546241,11.0,0.6,20.262059363755192,0.30000000000000004,28.0,1.1999999999999997,38.00173984196952,800,123,6,6,0.0075,1.0,0.0,0.4936797507075539,0.405065633366486,0.5437906605974401,1.0,1.0,65.06347145959589,63.53633735826381,68.55516018298151,0.4421511684326712,3.090681264822302,20.0,34.0
cure,59.22642045321196,72.61495551985132,76.76349178609158,25.0,1.0,36.06737602222409,0.35000000000000003,7.0,0.6,12.894037776935122,800,94,6,6,0.0075,1.0,0.0,0.5762680791005239,0.5046947504156838,0.659756894614824,0.8333333333333334,0.8333333333333334,66.53046870577055,63.62051205010283,70.69560851153726,0.7892970719318715,0.912320914340562,20.5,33.5
cure,59.380392929406185,72.69739302814715,76.93704086778902,27.0,0.8,42.690568462182895,0.1,17.0,0.6,31.314091743985294,800,97,6,6,0.0075,1.0,0.0,0.7650334177619577,0.6115047698847872,0.849570892051949,0.16666666666666666,0.16666666666666666,66.99309918334723,64.00744581378972,69.06506224895155,0.79821808121212,0.874217918086697,24.5,30.0
cure,58.80933631006806,73.07792796251354,77.11914511865288,29.0,0.6,53.418156504445506,0.25,15.0,1.1999999999999997,20.358074915340815,800,104,6,6,0.0075,1.0,0.0,0.8813061140195264,0.5690032268255071,0.940529203588798,0.16666666666666666,0.16666666666666666,66.4872914738324,63.92236431767038,71.59418751838568,0.7316355331971541,1.176551653774327,26.5,27.5
cure,60.30472496740509,73.48602079721894,77.63350722064366,25.0,0.8,39.52830413165083,0.15000000000000002,15.0,0.6,27.63008095057526,800,97,5,5,0.00625,1.0,0.0,0.7019998256380247,0.5608601908317526,0.7741744499180051,0.2,0.2,64.05142135064105,63.988649929084794,66.5403027188252,0.7337597634299355,1.1976055970579171,21.0,32.0
cure,59.235247373711104,73.1541767561814,77.22358496230041,25.0,1.0,36.06737602222409,0.4,8.0,0.8999999999999999,12.021276483556418,800,102,5,5,0.00625,1.0,0.0,0.579316217116965,0.5545909186549794,0.6491495074052793,0.8,0.8,67.03692401995785,65.1889058647007,71.61561038766405,0.7392002204658857,1.1368924748845184,22.0,32.0
cure,59.032721069553084,73.43847274279838,77.9170533209084,25.0,1.2000000000000002,33.93012485890136,0.4,5.0,0.6,9.210026983525086,800,120,5,5,0.00625,1.0,0.0,0.5330944175384652,0.44203530932482654,0.5367885675914632,1.0,1.0,65.77886282033758,63.37310521805843,66.96615780303279,0.7536644036964281,1.0974994079112501,18.0,35.0
cure,59.499379082411245,72.81584751134844,77.0558332674187,25.0,1.4000000000000004,32.48150232722482,0.5,5.0,1.7999999999999998,6.129150757740734,800,113,5,5,0.00625,1.0,0.0,0.4565532989167876,0.39906204358635655,0.5232958454993428,1.0,1.0,66.30470605681856,64.31423559928099,71.44345846294969,0.7827426015083266,0.9622356189263422,17.0,37.0
cure,59.529741287041716,73.33188195602982,77.76569189000718,26.0,0.8,41.10943629691686,0.0,23.0,0.6,42.366124124215396,800,104,5,5,0.00625,1.0,0.0,0.7622889185787115,0.6333736623352548,0.9012601857815851,0.2,0.2,65.13144846107298,64.11748768646271,66.38431694919748,0.7735139307806692,0.9932369871263206,24.0,30.0
cure,60.106317029786084,73.44424576062829,77.67833797933164,27.0,0.8,42.690568462182895,0.1,16.0,0.6,29.47208634728028,800,113,5,5,0.00625,1.0,0.0,0.6993436898697407,0.5388125751707373,0.9144120828867606,0.2,0.2,65.87717004682636,63.724700354990205,69.96992520597516,0.7368924381594276,1.1898460822567147,24.0,31.0
cure,60.1196023863341,73.09066531989757,77.18273751205746,28.0,0.8,44.27170062744893,0.15000000000000002,13.0,0.6,23.946070157165224,800,94,5,5,0.00625,1.0,0.0,0.6994480217228828,0.6043188451249406,0.74182238887712,0.2,0.2,66.03357634879279,63.78053383173145,69.9465841679874,0.7375591762160938,1.1855339319769747,22.0,32.0
cure,59.625347159475105,73.15906966636301,77.19904493551826,12.0,0.8,18.973585983192397,0.35000000000000003,28.0,0.8999999999999999,42.07446769244746,800,108,4,4,0.005,1.0,0.0,0.3887064979995959,0.32229589141147147,0.5032492382263425,1.0,1.0,65.07442363309059,63.17598761037659,68.8957767595376,0.47006001669376707,2.85824538115042,18.0,36.0
cure,58.64010762559661,73.38529148931535,77.82976284113482,12.0,0.8,18.973585983192397,0.4,26.0,1.1999999999999997,35.28732985325741,800,84,4,4,0.005,1.0,0.0,0.33294809278030646,0.29021663108719864,0.4052869853045092,1.0,1.0,65.06956991994107,63.688082747254214,66.76616590247194,0.4159339847516983,3.364157390283399,14.5,39.0
cure,58.5177762576362,72.77693322408632,77.04924462404077,25.0,1.4000000000000004,32.48150232722482,0.5,6.0,1.4999999999999998,7.660685083813718,800,116,4,4,0.005,1.0,0.0,0.5184280820900605,0.4453976813647601,0.5752567660545727,1.0,1.0,67.0191596670068,63.719346404322536,72.42285425002318,0.752915411326085,1.091286487164889,18.5,35.0
cure,58.86353674890681,72.93172098675936,77.38779354106278,27.0,1.0,38.952766104002016,0.25,10.0,0.6,18.420053967050173,800,85,4,4,0.005,1.0,0.0,0.6663918775121127,0.5407453900388908,0.7538612745573364,0.25,0.25,63.62803766999167,63.07706367535112,65.91391447975744,0.789526498056641,0.9089426533498275,21.5,32.0
cure,58.91259252922778,72.60985526353221,77.02820486530956,28.0,0.8,44.27170062744893,0.0,22.0,0.6,40.524118727510384,800,116,4,4,0.005,1.0,0.0,0.7718059753025095,0.5624587067378288,0.8098054787882769,0.25,0.25,65.30933944485591,63.78290024709621,68.1797228287582,0.7118227390213415,1.2813443785682108,23.5,31.0
cure,59.0756564484393,72.69289382245123,77.03837686925628,10.0,0.6,18.420053967050173,0.30000000000000004,30.0,1.1999999999999997,40.71614983068163,800,115,3,3,0.00375,1.0,0.0,0.4766335682879725,0.40486162161142086,0.48994759416579375,1.0,1.0,65.20662994813321,64.03186109226064,69.08603739736486,0.4071809918656031,3.314946427739437,20.0,33.0
cure,58.83585643274533,73.21865854036278,77.45212932560949,12.0,0.8,18.973585983192397,0.45,23.0,1.1999999999999997,31.21571487018925,800,119,3,3,0.00375,1.0,0.0,0.37218800580038697,0.370436794185019,0.3939865216973589,1.0,1.0,64.54619733193049,63.42055033614459,64.9654354704368,0.47634217305113585,2.8351238382464428,16.0,36.0
cure,58.60378055819519,73.23158024609182,77.4037245334892,13.0,1.0,18.755035531556526,0.4,29.0,0.8999999999999999,43.57712725289202,800,118,3,3,0.00375,1.0,0.0,0.3124722955944369,0.3028259987266583,0.37369189326143654,1.0,1.0,66.60593683583619,66.14361253132346,69.4126947964285,0.41201029076192464,3.3495061312187038,13.0,41.0
cure,58.73888798607561,73.11045396773547,77.36602988502756,25.0,1.2000000000000002,33.93012485890136,0.45,6.0,0.8999999999999999,9.015957362667313,800,101,3,3,0.00375,1.0,0.0,0.6346710885923204,0.40047009254538735,0.7354110619826231,0.6666666666666666,0.6666666666666666,65.28382935426782,63.681459447530855,70.30467898944943,0.7675922671524985,1.049582111741951,22.0,33.0
cure,59.03044786333198,72.81286132020153,77.05570187833985,25.0,1.4000000000000004,32.48150232722482,0.5,6.0,1.7999999999999998,7.354980909288881,800,89,3,3,0.00375,1.0,0.0,0.43275841598789344,0.42557750960235163,0.4615960597672164,1.0,1.0,68.09182199629271,66.65802109857856,70.4628591803918,0.8117746735284138,0.7995441878827136,17.0,37.0
cure,59.592589195066466,72.81549491425505,77.0558129150406,25.0,1.4000000000000004,32.48150232722482,0.5,4.0,1.4999999999999998,5.107123389209145,800,116,3,3,0.00375,1.0,0.0,0.4175723011887025,0.39756461189301917,0.4371038260862501,1.0,1.0,70.49304718265083,64.71391491883801,73.10594116302354,0.8130393453013318,0.7830609660720107,16.0,38.0
cure,59.57397052474741,73.28327287868707,77.57004140900595,26.0,1.0,37.51007106311305,0.30000000000000004,8.0,0.6,14.73604317364014,800,101,3,3,0.00375,1.0,0.0,0.625051164965449,0.567555416392008,0.7759568533590255,0.6666666666666666,0.6666666666666666,66.30859725572746,64.53200030290718,67.65170465523575,0.7361134752042915,1.1686770292947584,21.0,32.0
cure,59.4905964185226,73.26092230900383,77.69007892123032,27.0,0.8,42.690568462182895,0.0,22.0,0.6,40.524118727510384,800,105,3,3,0.00375,1.0,0.0,0.8000393805597018,0.7060399202034534,0.8575230318441998,0.0,0.0,64.98013347756695,64.21340868426849,66.15406157762382,0.8177305642747629,0.7937621511309627,22.0,30.0
cure,59.822372857756385,73.35199127075022,77.67992998272871,28.0,0.8,44.27170062744893,0.05,18.0,0.6,33.15609714069031,800,101,3,3,0.00375,1.0,0.0,0.8167223922433228,0.7474746652446294,0.8336189403569855,0.0,0.0,68.0921226874091,66.6913874353405,73.55415551806064,0.7292275051941114,1.2154923896023329,22.0,30.0
cure,59.5107793792026,73.24705545500089,77.66904483118702,28.0,0.8,44.27170062744893,0.0,21.0,0.6,38.682113330805365,800,107,3,3,0.00375,1.0,0.0,0.7549008000370021,0.7510073729073108,0.8141766489032553,0.0,0.0,66.89931418718498,66.76379020323756,67.77291666084594,0.7357246943388465,1.1573840591284137,24.0,30.0
cure,59.14742084190749,72.64656636350752,76.97557044199057,28.0,0.8,44.27170062744893,0.05,19.0,0.6,34.998102537395326,800,108,3,3,0.00375,1.0,0.0,0.782718579665209,0.7408024209567451,0.7857180048266402,0.0,0.0,64.00573247646383,63.884671989888176,67.10863113786075,0.8049024795639391,0.8461453918931578,24.0,30.0
cure,58.769491961631005,73.07317384328213,77.39290174350981,28.0,0.8,44.27170062744893,0.25,13.0,0.8999999999999999,19.53457428577918,800,103,3,3,0.00375,1.0,0.0,0.8142224034023666,0.7785308463450917,0.8449352387996754,0.0,0.0,68.08364762345613,65.44654179923693,69.62276669634296,0.7783492514485542,0.9513352485647734,24.0,30.0
cure,59.52831314049127,72.79317871515667,77.0164639234109,28.0,0.8,44.27170062744893,0.1,16.0,0.6,29.47208634728028,800,123,3,3,0.00375,1.0,0.0,0.6845848935799173,0.6432257630857675,0.9010450529002173,0.0,0.0,65.19499926213099,63.906751529239244,69.68523164770812,0.7281304308842015,1.1921843603800526,22.0,31.0
cure,59.27071880382933,72.72669554393877,77.04262581027692,29.0,0.8,45.85283279271496,0.05,18.0,0.6,33.15609714069031,800,114,3,3,0.00375,1.0,0.0,0.8275355774588632,0.72061144927787,0.850605509512632,0.0,0.0,64.14455676834817,63.62468017700664,67.54307641216354,0.7925982287958087,0.9035977114196639,24.0,29.0
cure,58.84298805293238,72.86401590265027,77.06858285516093,30.0,0.8,47.433964957981,0.25,12.0,0.8999999999999999,18.031914725334627,800,110,3,3,0.00375,1.0,0.0,0.7617703061444479,0.7532200543993695,0.7909719561180166,0.0,0.0,64.50146145502305,63.44186727254292,65.85006427715133,0.7182293072913818,1.2725058189641438,24.0,29.0
cure,59.44596332163816,73.34812479376438,77.45906672590044,10.0,0.6,18.420053967050173,0.45,22.0,1.4999999999999998,28.0891786406503,800,99,2,2,0.0025,1.0,0.0,0.40789739336309216,0.3679960277316379,0.4477987589945464,1.0,1.0,64.74868206217796,63.88154732472362,65.6158167996323,0.42247435775963593,3.3045366605575035,18.5,33.5
cure,59.36008993118919,72.74154965117165,76.92813425062988,10.0,0.6,18.420053967050173,0.35000000000000003,27.0,1.1999999999999997,36.644534847613464,800,110,2,2,0.0025,1.0,0.0,0.4923765387453204,0.4690726491075605,0.5156804283830803,1.0,1.0,65.08224800916395,63.88788561177352,66.27661040655438,0.4115415143092719,3.4334461964171283,19.5,33.5
cure,58.576665926762885,73.46855026150409,77.51100099658065,13.0,1.0,18.755035531556526,0.55,19.0,1.1999999999999997,25.78689489276503,800,99,2,2,0.0025,1.0,0.0,0.3538026165565803,0.3395512199657227,0.3680540131474379,1.0,1.0,66.35770830025218,65.22631159348491,67.48910500701946,0.5508293042610715,2.2647354293146527,15.0,38.0
cure,60.23400164119474,73.4304446968646,77.55665830504968,9.0,0.6,16.578048570345157,0.35000000000000003,28.0,1.1999999999999997,38.00173984196952,800,139,2,2,0.0025,1.0,0.0,0.505839273995659,0.5001717794621938,0.511506768529124,1.0,1.0,64.90838516073873,64.72530956841791,65.09146075305956,0.4377426945135938,3.1675489929386353,19.5,35.0
cure,58.85288016613646,73.25345523156167,77.70998368366101,10.0,0.6,18.420053967050173,0.4,25.0,1.4999999999999998,31.91952118255716,800,119,2,2,0.0025,1.0,0.0,0.47942656628647917,0.3991853205776964,0.5596678119952619,1.0,1.0,63.93268565929191,63.53039234668088,64.33497897190294,0.44550601999646866,3.1674481124927327,19.5,34.0
cure,58.50874384996142,73.45528673421836,78.22662416011107,25.0,1.0,36.06737602222409,0.15000000000000002,17.0,0.6,31.314091743985294,800,110,2,2,0.0025,1.0,0.0,0.69302877158487,0.6807944136815386,0.7052631294882012,0.0,0.0,66.8505679587759,65.26131697519807,68.43981894235372,0.8212638398941412,0.7798481012810603,20.0,33.0
cure,59.15023900252808,72.80849842931951,77.0550868077393,25.0,1.4000000000000004,32.48150232722482,0.5,5.0,1.4999999999999998,6.383904236511431,800,113,2,2,0.0025,1.0,0.0,0.4968967419162618,0.4830115580566068,0.5107819257759169,1.0,1.0,69.80556052823508,66.24061340821375,73.37050764825642,0.8203232017521565,0.7793002530109452,18.5,35.5
cure,59.13348745409063,72.7899032975572,77.05002762064966,25.0,1.4000000000000004,32.48150232722482,0.5,4.0,1.1999999999999997,5.428819977424217,800,121,2,2,0.0025,1.0,0.0,0.3393318854822926,0.27015278323351294,0.40851098773107225,1.0,1.0,76.52284026881037,71.45962662510809,81.58605391251265,0.6649037876480073,1.5910972980783464,14.5,40.5
cure,59.699402852269735,72.80878778298555,76.87515405496951,26.0,1.0,37.51007106311305,0.35000000000000003,6.0,0.6,11.052032380230104,800,102,2,2,0.0025,1.0,0.0,0.6835138495937024,0.6508862433688065,0.7161414558185983,0.0,0.0,67.59070582507707,66.3039872579618,68.87742439219232,0.8018255465495621,0.8391631546701128,22.5,32.0
cure,59.7254247312023,73.29763340897914,77.63744449791133,27.0,0.8,42.690568462182895,0.05,19.0,0.6,34.998102537395326,800,121,2,2,0.0025,1.0,0.0,0.6524036660140418,0.5939302763933091,0.7108770556347744,0.5,0.5,65.62395110273751,65.621478350935,65.62642385454001,0.6224563164178314,1.8571652380078165,22.0,31.5
cure,58.99592236428611,73.44698758206697,78.05200129093535,27.0,1.0,38.952766104002016,0.2,12.0,0.6,22.104064760460208,800,111,2,2,0.0025,1.0,0.0,0.6845003006110744,0.6352311353655614,0.7337694658565874,0.5,0.5,63.98785507713238,63.57999779605184,64.39571235821292,0.783251235257989,0.9652506142650858,20.0,32.0
cure,58.67081644092724,73.49919982393467,77.8760812777797,27.0,1.4000000000000004,35.0800225134028,0.45,7.0,1.4999999999999998,8.937465931116003,800,104,2,2,0.0025,1.0,0.0,0.538780556432341,0.517221061415138,0.560340051449544,1.0,1.0,66.46494938025987,65.63512522688598,67.29477353363377,0.7733183267178753,1.02304141280333,19.5,33.5
cure,59.21542003195813,73.10763644972913,77.5109411002318,28.0,1.0,40.39546114489098,0.25,9.0,0.6,16.578048570345157,800,105,2,2,0.0025,1.0,0.0,0.7471456857126153,0.6625486716936575,0.8317426997315732,0.0,0.0,64.91132224301074,63.56828512138929,66.25435936463221,0.801924226836207,0.8678018600125577,22.5,30.0
cure,59.06411460022149,72.69016473716991,77.08946686365478,30.0,0.8,47.433964957981,0.0,20.0,0.6,36.840107934100345,800,111,2,2,0.0025,1.0,0.0,0.8362231000451286,0.7777479282337852,0.894698271856472,0.0,0.0,70.55272363863637,67.96329031601496,73.14215696125777,0.7494748056206244,1.0868448456338462,24.0,30.5
cure,58.88067475596481,72.46292580059018,76.82121405007202,8.0,0.6,14.73604317364014,0.4,30.0,1.4999999999999998,38.30342541906859,800,117,1,1,0.00125,1.0,0.0,0.4944013199588763,0.4944013199588763,0.4944013199588763,1.0,1.0,64.70629094428233,64.70629094428233,64.70629094428233,0.4895403727911994,2.7527327446558916,17.0,34.0
cure,58.75724410219857,72.78755905728727,76.94709641364462,11.0,0.8,17.392453817926363,0.45,26.0,1.1999999999999997,35.28732985325741,800,113,1,1,0.00125,1.0,0.0,0.3821292001359283,0.3821292001359283,0.3821292001359283,1.0,1.0,68.90341574877372,68.90341574877372,68.90341574877372,0.4420202676043476,3.1050345236682007,14.0,38.0
cure,59.25624198890736,73.35912865414815,77.51534039507553,11.0,0.8,17.392453817926363,0.45,25.0,1.1999999999999997,33.93012485890136,800,122,1,1,0.00125,1.0,0.0,0.3293211123234221,0.3293211123234221,0.3293211123234221,1.0,1.0,70.14969523757266,70.14969523757266,70.14969523757266,0.43930396122787896,3.098966521942821,16.0,40.0
cure,58.954441035502356,73.39228493926576,77.68033215404802,27.0,1.0,38.952766104002016,0.35000000000000003,9.0,0.8999999999999999,13.52393604400097,800,94,1,1,0.00125,1.0,0.0,0.5936903493847882,0.5936903493847882,0.5936903493847882,1.0,1.0,66.37571420609868,66.37571420609868,66.37571420609868,0.7135143010101694,1.3275146852640098,21.0,32.0
cure,58.5654800047719,72.76958390191159,77.32294839179269,29.0,1.0,41.83815618577994,0.2,11.0,0.6,20.262059363755192,800,99,1,1,0.00125,1.0,0.0,0.7430574063888475,0.7430574063888475,0.7430574063888475,0.0,0.0,65.2738615080043,65.2738615080043,65.2738615080043,0.8295835398660066,0.7144167465251983,22.0,31.0
cure,59.70998532922454,73.3920475507208,77.7276241455071,29.0,1.0,41.83815618577994,0.25,8.0,0.6,14.73604317364014,800,100,1,1,0.00125,1.0,0.0,0.6791222455083883,0.6791222455083883,0.6791222455083883,0.0,0.0,69.73890623869988,69.73890623869988,69.73890623869988,0.7793138229206878,0.9471032365777858,24.0,30.0
cure,59.98890063513041,73.47169242106492,77.78438822521882,29.0,0.8,45.85283279271496,0.05,17.0,0.6,31.314091743985294,800,107,1,1,0.00125,1.0,0.0,0.8522474070858005,0.8522474070858005,0.8522474070858005,0.0,0.0,64.04222621113293,64.04222621113293,64.04222621113293,0.7115668899360826,1.3273753279577347,23.0,28.0
cure,58.706901245738095,73.49087319185861,78.00293497618087,30.0,1.2000000000000002,40.71614983068163,0.35000000000000003,7.0,0.8999999999999999,10.518616923111866,800,94,1,1,0.00125,1.0,0.0,0.7508297388276685,0.7508297388276685,0.7508297388276685,0.0,0.0,68.46433249658394,68.46433249658394,68.46433249658394,0.7969668802978691,0.8832971055438831,25.0,29.0
cure,59.46178217322393,72.87068183433509,77.17036261496965,30.0,0.8,47.433964957981,0.05,17.0,0.6,31.314091743985294,800,104,1,1,0.00125,1.0,0.0,0.9029501822976561,0.9029501822976561,0.9029501822976561,0.0,0.0,63.869306228602554,63.869306228602554,63.869306228602554,0.8190240321460179,0.7785023319870719,25.0,30.0
cure,59.73349114095952,73.39458422651607,77.79465456321404,30.0,0.8,47.433964957981,0.0,19.0,0.6,34.998102537395326,800,112,1,1,0.00125,1.0,0.0,0.7663403706580413,0.7663403706580413,0.7663403706580413,0.0,0.0,67.9169148201197,67.9169148201197,67.9169148201197,0.820720201692819,0.7533162018394463,24.0,29.0
