family,exp_ev_ia,exp_ev_upd,bat_med,bat_shape,bat_scale,gps_med,gps_shape,gps_scale,n_attempts,n_pass_events,n_pass_futility,n_accepted,acceptance_rate,p_reach80,p_no_readout,median_hr_final,p_hr_below_threshold,p_success_overall,median_t80_months,p10_t80_months,p90_t80_months,median_hr_ia,median_z_ia,median_bat_alive_upd,median_gps_alive_upd
weibull,60.982481695298716,71.65608977453667,14.0,0.5,29.13916573407851,38.587798044080735,0.6,71.07893224416003,1000,465,373,373,0.373,1.0,0.0,0.5950058959075609,0.6219839142091153,0.6219839142091153,71.04891994227287,64.93873300343007,80.23419727841247,0.5636716629246935,2.19288381133282,22.0,33.0
weibull,60.18205326801142,71.85493889913445,16.0,0.6,29.47208634728028,38.587798044080735,0.6,71.07893224416003,1000,460,360,360,0.36,1.0,0.0,0.5917050619466403,0.6944444444444444,0.6944444444444444,69.30611569327576,63.998148536315526,77.13006948473326,0.5747173155406495,2.093316906240479,21.0,33.0
weibull,59.44145385273082,71.01113982064683,16.5,0.5,34.34258818659253,34.97357243180279,0.7,59.03807586780019,1000,486,358,358,0.358,1.0,0.0,0.6510656606021231,0.43575418994413406,0.43575418994413406,69.711030629873,64.41639858622366,77.08759451436983,0.5846604477245926,2.0656981542224853,23.0,32.0
weibull,59.516583433647185,71.05202891709635,15.5,0.6,28.55108364892777,42.5755235841089,0.6,78.42434420947033,1000,456,356,356,0.356,1.0,0.0,0.5514208030458756,0.7837078651685393,0.7837078651685393,70.20519296826794,64.31218853663927,77.98136200453848,0.5549917752374658,2.274725652288839,21.0,34.0
weibull,60.268860574844624,71.04782140434492,16.0,0.6,29.47208634728028,42.5755235841089,0.5,88.61537413803697,1000,459,356,356,0.356,1.0,0.0,0.5572229337639961,0.7162921348314607,0.7162921348314607,71.65498654959838,64.4870301984221,82.09902448796419,0.5959439995214697,2.0112375939761264,20.0,34.0
weibull,60.21573695147279,70.90789927077253,15.0,0.6,27.63008095057526,46.975347139277204,0.5,97.77303040766209,1000,442,355,355,0.355,1.0,0.0,0.5426912158788785,0.8084507042253521,0.8084507042253521,71.1875076679477,64.81527466401293,79.62270251980031,0.586661147007438,2.0385840992092272,20.0,34.0
weibull,60.02649238157711,71.79303184310221,17.0,0.7,28.697305421391516,42.5755235841089,0.5,88.61537413803697,1000,466,354,354,0.354,1.0,0.0,0.5513497729664487,0.7740112994350282,0.7740112994350282,69.91999027932818,64.16052723830772,77.37451638910623,0.6001743918059375,1.9770206210740842,20.0,34.0
weibull,60.04652393736781,71.72784844451616,16.0,0.7,27.009228631897898,46.975347139277204,0.5,97.77303040766209,1000,476,353,353,0.353,1.0,0.0,0.5292749462025318,0.8498583569405099,0.8498583569405099,69.5272679112436,64.17941266292105,78.20555239689419,0.5900239189237186,2.037924453389304,20.0,35.0
weibull,59.152997956233776,70.72780813232853,16.0,0.7,27.009228631897898,51.82985558583315,0.5,107.87705370635337,1000,468,352,352,0.352,1.0,0.0,0.49646647773148567,0.9204545454545454,0.9204545454545454,69.73935618619632,64.43465868400989,78.05740310047513,0.5638455925864749,2.204171843035735,19.0,35.0
weibull,60.06977785703979,72.67421119733321,16.5,0.6,30.393089045632784,34.97357243180279,0.7,59.03807586780019,1000,468,351,351,0.351,1.0,0.0,0.6102915339358659,0.5726495726495726,0.5726495726495726,67.96726994681909,63.495444295033415,75.11242426904015,0.5704943923138964,2.1439346490246387,22.0,32.0
weibull,60.82178570460749,73.41667475681254,15.5,0.5,32.261219205586926,31.697863849222255,0.7999999999999999,50.1185121022287,1000,455,350,350,0.35,1.0,0.0,0.6523727961607146,0.4514285714285714,0.4514285714285714,66.913945715811,63.24422157879215,73.56118869448832,0.5706938615838059,2.171365543492981,23.0,31.0
weibull,59.772087707941466,71.43404915153738,16.5,0.6,30.393089045632784,38.587798044080735,0.6,71.07893224416003,1000,454,350,350,0.35,1.0,0.0,0.5825391029720158,0.6314285714285715,0.6314285714285715,69.71199256545485,64.37061590750217,76.72623591680463,0.594015213882569,2.0123999104732264,21.0,33.0
weibull,60.15416067722829,71.7356376756986,15.0,0.7,25.32115184240428,51.82985558583315,0.5,107.87705370635337,1000,464,349,349,0.349,1.0,0.0,0.4793408122950447,0.9484240687679083,0.9484240687679083,69.90177756645765,64.17178319118857,77.7244664495513,0.5449800133189852,2.350191422838408,19.0,35.0
weibull,59.31057657315095,71.83478766557214,16.5,0.7,27.85326702664471,42.5755235841089,0.6,78.42434420947033,1000,487,349,349,0.349,1.0,0.0,0.523259625575077,0.836676217765043,0.836676217765043,68.86987325511826,63.46644272794303,75.80790079397472,0.5626100355262331,2.1912620365974536,20.0,34.0
weibull,61.045168232724805,72.73490102816172,15.0,0.6,27.63008095057526,38.587798044080735,0.6,71.07893224416003,1000,458,348,348,0.348,1.0,0.0,0.5609222970910284,0.7557471264367817,0.7557471264367817,68.60444045825378,63.73260097526085,75.51324704862343,0.560498501660541,2.205318680022418,21.0,33.0
weibull,60.48693664298268,72.26399196656297,16.5,0.7,27.85326702664471,42.5755235841089,0.5,88.61537413803697,1000,469,348,348,0.348,1.0,0.0,0.5335871983545922,0.8333333333333334,0.8333333333333334,69.91999924244007,64.27401963263095,78.00441784800063,0.5713036999522154,2.1384404103611176,19.5,34.0
weibull,59.11025379349189,70.77314758050257,17.0,0.7,28.697305421391516,46.975347139277204,0.5,97.77303040766209,1000,458,348,348,0.348,1.0,0.0,0.525861849415493,0.8591954022988506,0.8591954022988506,69.97012413504558,64.06363153193969,78.98577210350777,0.5912166315832315,2.0294746446486203,20.0,35.0
weibull,60.58792684956505,71.25419390666917,14.5,0.5,30.179850224581315,38.587798044080735,0.6,71.07893224416003,1000,459,346,346,0.346,1.0,0.0,0.5898169922306533,0.6705202312138728,0.6705202312138728,70.90872895381766,64.70333254007119,80.69188991503205,0.5626663404262727,2.227549606329214,21.0,33.0
weibull,60.88561699866337,72.494355952465,14.5,0.5,30.179850224581315,34.97357243180279,0.7,59.03807586780019,1000,451,345,345,0.345,1.0,0.0,0.6198994382679943,0.5594202898550724,0.5594202898550724,68.91611166903729,64.36727618023787,76.4618110559634,0.5553979780218241,2.261553375515982,22.0,32.0
weibull,60.1383691760555,71.72926199874149,15.5,0.5,32.261219205586926,34.97357243180279,0.7,59.03807586780019,1000,461,345,345,0.345,1.0,0.0,0.6361330138489781,0.4985507246376812,0.4985507246376812,69.24784421933566,63.453314020171945,77.78365239417317,0.5700524884603126,2.184521770523506,22.0,32.0
weibull,60.96165268945322,71.75062397536914,15.5,0.5,32.261219205586926,34.97357243180279,0.6,64.42150916143456,1000,449,344,344,0.344,1.0,0.0,0.6244740671598343,0.5377906976744186,0.5377906976744186,70.74017812324001,64.88554462900836,80.93233752808779,0.5871069236149622,2.0404931582198094,22.0,32.0
weibull,60.20761865211391,70.86544265677622,15.0,0.5,31.22053471508412,38.587798044080735,0.6,71.07893224416003,1000,448,343,343,0.343,1.0,0.0,0.6014009672633213,0.6180758017492711,0.6180758017492711,71.26249407905838,65.07847333266757,80.52447964754258,0.5689970153652426,2.1758457700841936,22.0,33.0
weibull,59.09250050501291,70.6186171033541,16.0,0.6,29.47208634728028,42.5755235841089,0.6,78.42434420947033,1000,466,343,343,0.343,1.0,0.0,0.5598884798723348,0.7638483965014577,0.7638483965014577,71.4546110980861,64.92527552808338,78.53850376955712,0.5662379617572075,2.193261284117315,21.0,34.0
weibull,61.14233228907321,71.84308476766249,14.0,0.6,25.788075553870243,46.975347139277204,0.5,97.77303040766209,1000,445,342,342,0.342,1.0,0.0,0.512285261273165,0.8830409356725146,0.8830409356725146,71.36525870811197,64.7142043257545,79.81379943992495,0.5526347891360399,2.281848066428295,20.0,35.0
weibull,60.30269388694924,70.83560847921126,13.5,0.5,28.09848124357571,42.5755235841089,0.6,78.42434420947033,1000,463,341,341,0.341,1.0,0.0,0.5498111620446627,0.7800586510263929,0.7800586510263929,72.68832176761806,65.93458929036245,81.33316231976772,0.5297361550268894,2.432183560150821,21.0,34.0
weibull,60.73429076099783,73.38179571900781,16.0,0.7999999999999999,25.29811464425653,46.975347139277204,0.5,97.77303040766209,1000,485,341,341,0.341,1.0,0.0,0.4860471007387846,0.9325513196480938,0.9325513196480938,67.89284931485696,63.80483248707393,75.75112571881496,0.5815128434146667,2.091281107187716,19.0,35.0
weibull,60.26473736612853,71.03250179727448,16.5,0.5,34.34258818659253,34.97357243180279,0.6,64.42150916143456,1000,454,341,341,0.341,1.0,0.0,0.654864768665115,0.44281524926686217,0.44281524926686217,70.95017796851987,65.62826828865022,79.71596435320431,0.6133786860000336,1.8835371082895798,23.0,32.0
weibull,60.988850446499185,70.675584926414,13.0,0.5,27.057796753072903,46.975347139277204,0.5,97.77303040766209,1000,434,340,340,0.34,1.0,0.0,0.5376183395769385,0.7823529411764706,0.7823529411764706,74.04313361801485,65.65550191660155,85.5242163509863,0.5494030382290707,2.317641749042642,21.0,34.0
weibull,60.67061971372653,71.36824469034187,14.5,0.6,26.709078252222753,46.975347139277204,0.5,97.77303040766209,1000,433,340,340,0.34,1.0,0.0,0.5198121109124711,0.8647058823529412,0.8647058823529412,71.51127319226576,65.18852562644355,82.76001150787135,0.5605340402838688,2.2346005924464385,20.0,35.0
weibull,60.89306137043751,72.69557317396087,16.5,0.6,30.393089045632784,34.97357243180279,0.6,64.42150916143456,1000,471,340,340,0.34,1.0,0.0,0.6141274962308096,0.5529411764705883,0.5529411764705883,69.00601824284783,63.903034583129866,77.46338204963666,0.62055798362041,1.8300302823012007,22.0,33.0
weibull,59.95561546972628,71.49857923238136,15.0,0.6,27.63008095057526,42.5755235841089,0.6,78.42434420947033,1000,471,339,339,0.339,1.0,0.0,0.5463378654441718,0.7846607669616519,0.7846607669616519,69.87201461399931,63.903438275971936,77.36024767744401,0.5492994598101739,2.287162366740862,20.0,34.0
weibull,60.86589859156325,70.72057459716025,15.5,0.5,32.261219205586926,38.587798044080735,0.5,80.31544589425852,1000,442,339,339,0.339,1.0,0.0,0.6061022294436448,0.6017699115044248,0.6017699115044248,73.90642241384543,66.47539076994642,84.04341923065252,0.59917914905424,1.9614314982997165,22.0,33.0
weibull,60.7384138305676,71.33312455074565,13.5,0.6,24.867072855517733,51.82985558583315,0.5,107.87705370635337,1000,458,337,337,0.337,1.0,0.0,0.494960493797471,0.9347181008902077,0.9347181008902077,72.14152722575565,65.36355460413323,81.42746565812426,0.534767574565252,2.411021824467106,19.0,35.0
weibull,61.04768665836232,72.73567798788623,15.0,0.7,25.32115184240428,46.975347139277204,0.5,97.77303040766209,1000,443,337,337,0.337,1.0,0.0,0.4940439548467256,0.9080118694362018,0.9080118694362018,68.59212129644786,63.82064038215965,77.28118699509297,0.5656478285831481,2.22052672862296,19.0,35.0
weibull,60.60613619664571,72.2883507128767,15.5,0.6,28.55108364892777,38.587798044080735,0.6,71.07893224416003,1000,446,337,337,0.337,1.0,0.0,0.5791981034703606,0.712166172106825,0.712166172106825,68.92901331019151,63.719295927157674,76.55592173999399,0.5788747042918987,2.111476364167208,21.0,33.0
weibull,61.09698011542593,72.85977608727563,16.0,0.5,33.301903696089724,31.697863849222255,0.7,53.50842824040094,1000,472,337,337,0.337,1.0,0.0,0.678753143060424,0.34124629080118696,0.34124629080118696,68.38209092433885,63.81136859903276,75.98666568773346,0.6059561163946448,1.9315458684518811,23.0,31.0
weibull,61.06928900213192,70.84897227974716,14.0,0.5,29.13916573407851,42.5755235841089,0.5,88.61537413803697,1000,412,336,336,0.336,1.0,0.0,0.5779328608243406,0.7232142857142857,0.7232142857142857,73.20307754115123,66.66890819504697,85.17201696206143,0.5757572390064801,2.130613728845171,21.0,33.0
weibull,59.825002601404954,71.22479327383333,14.0,0.6,25.788075553870243,46.975347139277204,0.6,86.52884294264021,1000,481,335,335,0.335,1.0,0.0,0.5135280505392213,0.8417910447761194,0.8417910447761194,70.8415463690916,64.82622886269736,78.77828216486957,0.5258320783762853,2.474105870161012,20.0,34.0
weibull,61.39224664994776,72.07193027499162,13.5,0.5,28.09848124357571,38.587798044080735,0.6,71.07893224416003,1000,437,334,334,0.334,1.0,0.0,0.5944645206225757,0.6437125748502994,0.6437125748502994,70.88349718891439,64.88821432382154,79.77077019310715,0.5649458316627597,2.1935649997497118,21.0,33.0
weibull,60.60727932677963,71.38601125513017,16.0,0.5,33.301903696089724,34.97357243180279,0.6,64.42150916143456,1000,444,334,334,0.334,1.0,0.0,0.6523490837188597,0.45209580838323354,0.45209580838323354,71.28794245460011,64.46265573164186,80.94212108455015,0.6167328520852401,1.856977093819968,22.5,32.0
weibull,60.50530880121223,72.10560470257207,15.0,0.5,31.22053471508412,34.97357243180279,0.7,59.03807586780019,1000,449,333,333,0.333,1.0,0.0,0.6436613342166735,0.4774774774774775,0.4774774774774775,68.59930823700097,63.76124546434526,77.68853684889952,0.5839477676171382,2.074801397695317,23.0,32.0
weibull,59.11006866392356,70.66815373946439,17.0,0.5,35.383272677095334,34.97357243180279,0.7,59.03807586780019,1000,440,333,333,0.333,1.0,0.0,0.6717202564393977,0.3993993993993994,0.3993993993993994,70.21829321343552,64.47524228492432,78.05630573652824,0.5985409028285128,1.9622888028879046,23.0,32.0
weibull,60.41049823198003,71.95892465195068,14.5,0.6,26.709078252222753,42.5755235841089,0.6,78.42434420947033,1000,450,332,332,0.332,1.0,0.0,0.5188551146726361,0.7921686746987951,0.7921686746987951,69.4059241320214,64.22206437416544,78.01526396258934,0.5275637697401367,2.472144588160668,20.0,34.0
weibull,60.69294350347891,71.48123321808717,15.5,0.6,28.55108364892777,42.5755235841089,0.5,88.61537413803697,1000,444,332,332,0.332,1.0,0.0,0.551162447971865,0.7771084337349398,0.7771084337349398,71.80598614316648,65.06411054140393,82.16713460672645,0.5835992506494372,2.073791919753635,20.0,34.0
weibull,61.207272832617505,72.08641354334904,16.0,0.6,29.47208634728028,38.587798044080735,0.5,80.31544589425852,1000,443,332,332,0.332,1.0,0.0,0.5825051842892728,0.6867469879518072,0.6867469879518072,71.28392157275476,64.44150519416236,80.70832229339382,0.6186759033825932,1.8470369094615324,21.0,34.0
weibull,59.57069805489746,71.24410770396332,16.5,0.7,27.85326702664471,46.975347139277204,0.5,97.77303040766209,1000,468,332,332,0.332,1.0,0.0,0.5272644673331177,0.8313253012048193,0.8313253012048193,69.82353257321193,64.74655818225312,77.06043102508285,0.5944099810309247,2.0053347796921686,20.0,35.0
weibull,59.79348519247556,72.35556649753543,17.0,0.5,35.383272677095334,31.697863849222255,0.7999999999999999,50.1185121022287,1000,459,332,332,0.332,1.0,0.0,0.6922189331231896,0.3102409638554217,0.3102409638554217,67.40227158337616,63.2834465961446,74.60798317913782,0.5979222326244567,1.9643501782311106,23.5,31.0
weibull,59.37547093425597,71.02510252971095,17.0,0.6,31.314091743985294,38.587798044080735,0.6,71.07893224416003,1000,454,332,332,0.332,1.0,0.0,0.6056719612510131,0.6114457831325302,0.6114457831325302,70.03136433639636,64.12777251530406,77.55275948161693,0.6128820317013524,1.8939959823544679,21.0,33.0
weibull,60.96276252545302,72.7477327071158,16.0,0.7,27.009228631897898,42.5755235841089,0.5,88.61537413803697,1000,464,331,331,0.331,1.0,0.0,0.5226866687961049,0.8398791540785498,0.8398791540785498,69.29193709954399,63.95950292632927,77.50480923412971,0.600618460181307,1.9438525292906101,20.0,35.0
weibull,59.85889501477467,70.62693165674784,16.5,0.6,30.393089045632784,42.5755235841089,0.5,88.61537413803697,1000,453,331,331,0.331,1.0,0.0,0.5717326769410689,0.6978851963746223,0.6978851963746223,72.15772145593635,65.30070899704279,81.05947659356191,0.616756491571122,1.8602465432894377,21.0,34.0
weibull,60.194726427298434,72.8412279742478,16.5,0.7999999999999999,26.088680726889546,46.975347139277204,0.5,97.77303040766209,1000,451,331,331,0.331,1.0,0.0,0.48430684638209753,0.9365558912386707,0.9365558912386707,68.4375006587804,63.103571095392155,76.86787775328219,0.5691045050255011,2.158603228798056,18.0,35.0
weibull,59.939685074743906,72.60014933789174,17.0,0.7,28.697305421391516,38.587798044080735,0.6,71.07893224416003,1000,473,330,330,0.33,1.0,0.0,0.5474572684953016,0.7303030303030303,0.7303030303030303,67.91808674162135,63.16383124345319,75.09351609282064,0.5834283894894245,2.0625718587076003,20.0,34.0
weibull,61.37181832995513,72.9238448245421,13.5,0.6,24.867072855517733,42.5755235841089,0.6,78.42434420947033,1000,458,329,329,0.329,1.0,0.0,0.5421647303207968,0.8054711246200608,0.8054711246200608,68.64288794898619,63.70429482864226,78.02753211880571,0.5398238818690156,2.3806780885387253,20.0,34.0
weibull,58.970375925211506,71.40254744848554,16.0,0.7999999999999999,25.29811464425653,57.18603679678211,0.5,119.02524313546759,1000,472,329,329,0.329,1.0,0.0,0.45287606247070755,0.9635258358662614,0.9635258358662614,69.67532229611268,63.64932335334437,77.64541010687257,0.5374370494483757,2.3435453643379907,18.0,36.0
weibull,60.400129336149476,73.07110946135248,16.5,0.7,27.85326702664471,38.587798044080735,0.6,71.07893224416003,1000,457,329,329,0.329,1.0,0.0,0.5692000973148199,0.7142857142857143,0.7142857142857143,67.80537904872145,63.31536189190699,74.42634092856198,0.5945723092094825,2.0085765741650397,20.0,34.0
weibull,58.90624652524109,72.38914064612543,17.5,0.7999999999999999,27.66981289215558,42.5755235841089,0.6,78.42434420947033,1000,467,329,329,0.329,1.0,0.0,0.517926745487357,0.8267477203647416,0.8267477203647416,67.27672925544582,63.57090666127151,72.95360167974889,0.5768442500018816,2.1148256328704953,19.0,34.0
weibull,61.32859231460995,72.12696667919971,15.0,0.5,31.22053471508412,34.97357243180279,0.6,64.42150916143456,1000,443,328,328,0.328,1.0,0.0,0.6355371089785063,0.5,0.5,71.10444663504308,64.7992871975388,79.31673633518359,0.5951989302983769,2.01222637167401,22.0,32.0
weibull,60.8822108073267,72.4337647292713,14.0,0.6,25.788075553870243,42.5755235841089,0.6,78.42434420947033,1000,459,327,327,0.327,1.0,0.0,0.52815351881956,0.8318042813455657,0.8318042813455657,69.50098407035959,63.8746701876533,77.34505748148027,0.5283175116187259,2.455355213560734,20.0,34.0
weibull,59.73035697069407,72.11738649405707,15.0,0.7,25.32115184240428,46.975347139277204,0.6,86.52884294264021,1000,469,327,327,0.327,1.0,0.0,0.49424004036658237,0.8776758409785933,0.8776758409785933,68.20723261358022,63.72465979954461,76.0466564145669,0.536544649020419,2.3983298549859544,20.0,35.0
weibull,60.538558097305554,72.2248671255244,15.5,0.7,26.165190237151087,46.975347139277204,0.5,97.77303040766209,1000,443,327,327,0.327,1.0,0.0,0.5094435620628481,0.8685015290519877,0.8685015290519877,69.63179583306689,64.24982980841125,78.17518614835441,0.5679509439153813,2.1661388302525135,19.0,35.0
weibull,60.24880630793918,70.84304445547485,14.0,0.6,25.788075553870243,51.82985558583315,0.5,107.87705370635337,1000,437,326,326,0.326,1.0,0.0,0.5056679346269064,0.8773006134969326,0.8773006134969326,71.24387432589901,64.64174400649513,80.88538580223893,0.5514540098494383,2.3089502904785904,20.0,35.0
weibull,61.131975539558006,71.92778353337218,15.0,0.6,27.63008095057526,42.5755235841089,0.5,88.61537413803697,1000,425,326,326,0.326,1.0,0.0,0.5432921250617286,0.7791411042944786,0.7791411042944786,71.52758803044654,64.76551448464191,79.63644210111184,0.57553915532112,2.121831864172073,20.0,34.0
weibull,60.398357189179706,72.93554827921656,15.5,0.7999999999999999,24.507548561623512,51.82985558583315,0.5,107.87705370635337,1000,451,326,326,0.326,1.0,0.0,0.46779124687804796,0.9570552147239264,0.9570552147239264,67.78371016688929,63.93261025920421,74.54045695385128,0.5453525012782461,2.326366212560162,18.0,36.0
weibull,59.00127375104158,71.34778151397454,16.0,0.5,33.301903696089724,34.97357243180279,0.7999999999999999,55.297840306184796,1000,470,326,326,0.326,1.0,0.0,0.6426740704954752,0.4754601226993865,0.4754601226993865,68.2283480505458,63.52764049767271,75.1133045323537,0.5612157698091518,2.209181884686046,23.0,32.0
weibull,61.415960812331306,72.31675939968687,16.5,0.5,34.34258818659253,31.697863849222255,0.6,58.38763627428827,1000,438,326,326,0.326,1.0,0.0,0.6739408471931887,0.3834355828220859,0.3834355828220859,70.93440656409601,64.61397750459906,79.6667542568668,0.6410969263748629,1.7062392348585576,23.0,32.0
weibull,60.49644459675201,72.28662655213444,17.0,0.6,31.314091743985294,34.97357243180279,0.6,64.42150916143456,1000,464,326,326,0.326,1.0,0.0,0.6154454162223182,0.5398773006134969,0.5398773006134969,68.75863383788315,63.78207880612792,77.48585575105713,0.6185849974050536,1.8383398250723757,22.0,33.0
weibull,59.47263608642118,72.02256631170332,17.5,0.5,36.42395716759814,31.697863849222255,0.7999999999999999,50.1185121022287,1000,463,326,326,0.326,1.0,0.0,0.7157990564786045,0.26380368098159507,0.26380368098159507,68.55423640501832,63.70782614949608,75.35781313272983,0.6146238014355238,1.8606343002511,24.0,31.0
weibull,58.72919424969955,71.109556950687,16.0,0.7,27.009228631897898,46.975347139277204,0.6,86.52884294264021,1000,432,325,325,0.325,1.0,0.0,0.49968987442547086,0.8953846153846153,0.8953846153846153,68.17002209089951,63.679885136994685,75.76009907572131,0.5231180785124641,2.482694848096651,19.0,35.0
weibull,60.519070210111934,72.37296487641854,17.5,0.7,29.541343816138326,38.587798044080735,0.5,80.31544589425852,1000,471,325,325,0.325,1.0,0.0,0.5768102435280451,0.7046153846153846,0.7046153846153846,69.06812259471465,63.55213482372813,77.16996665369119,0.6320161638275744,1.7495010998420986,20.0,34.0
weibull,61.45479668539077,73.24475138812404,15.5,0.7,26.165190237151087,42.5755235841089,0.5,88.61537413803697,1000,427,324,324,0.324,1.0,0.0,0.5146546059700942,0.8703703703703703,0.8703703703703703,69.48703032310894,64.42348583934186,76.49371189452046,0.5800865498696646,2.0922855155093996,19.0,35.0
weibull,59.64503211617152,71.22482681333676,15.5,0.7,26.165190237151087,51.82985558583315,0.5,107.87705370635337,1000,448,324,324,0.324,1.0,0.0,0.48515313107442826,0.9166666666666666,0.9166666666666666,69.7422145484503,64.61531225211995,78.61715411077499,0.5652094229082318,2.202809375080429,19.0,35.0
weibull,59.783995813381914,71.36464927850253,16.0,0.5,33.301903696089724,34.97357243180279,0.7,59.03807586780019,1000,445,324,324,0.324,1.0,0.0,0.6426104805664193,0.4660493827160494,0.4660493827160494,69.97472788478206,64.45970771083203,79.40328026038783,0.5806068498393843,2.105147042221356,23.0,32.0
weibull,59.7864024556213,72.31852840612498,16.0,0.7,27.009228631897898,42.5755235841089,0.6,78.42434420947033,1000,466,324,324,0.324,1.0,0.0,0.5373368063784294,0.8302469135802469,0.8302469135802469,68.05150473612045,63.45407871298614,75.00605586279896,0.5579267395240891,2.2337318442419556,20.0,34.0
weibull,60.75443815477483,72.50626662941994,16.5,0.5,34.34258818659253,31.697863849222255,0.7,53.50842824040094,1000,451,324,324,0.324,1.0,0.0,0.6787951270314336,0.3765432098765432,0.3765432098765432,68.56779341533684,63.77374649112038,77.43756744193479,0.6093064879307557,1.8957743747213418,23.0,31.0
weibull,59.58065795233906,71.33437273741441,17.5,0.7,29.541343816138326,42.5755235841089,0.5,88.61537413803697,1000,463,324,324,0.324,1.0,0.0,0.554920307800761,0.7530864197530864,0.7530864197530864,70.08694498936453,64.20775095156326,79.33947745440476,0.6163838841200772,1.8439189810216656,20.0,34.0
weibull,59.379827759287025,71.12616617395832,18.5,0.6,34.07709983904282,34.97357243180279,0.6,64.42150916143456,1000,466,324,324,0.324,1.0,0.0,0.6451253509362549,0.47530864197530864,0.47530864197530864,69.36150394430263,63.75276757893002,77.31687667291439,0.6286393928645404,1.793176004586143,22.0,32.0
weibull,61.45135347809951,73.2243888075146,15.5,0.5,32.261219205586926,31.697863849222255,0.7,53.50842824040094,1000,452,323,323,0.323,1.0,0.0,0.6684304995605579,0.4179566563467492,0.4179566563467492,68.98664421602649,63.83027229839879,77.0412460810779,0.5983189092807878,1.977974530015162,23.0,31.0
weibull,60.278436615559045,72.81554708713321,15.5,0.7,26.165190237151087,42.5755235841089,0.6,78.42434420947033,1000,447,323,323,0.323,1.0,0.0,0.5283334224863496,0.8637770897832817,0.8637770897832817,67.50250103911469,63.52177229012264,74.06789672546222,0.5504949295798705,2.282882480790221,20.0,34.0
weibull,59.527968334527415,71.95634032088194,15.5,0.7999999999999999,24.507548561623512,57.18603679678211,0.5,119.02524313546759,1000,468,323,323,0.323,1.0,0.0,0.4403468312055288,0.978328173374613,0.978328173374613,68.98366794703121,64.10154595827971,76.75134985367781,0.5247948883481234,2.509506291448608,18.0,37.0
weibull,60.00862288949931,71.43161908227117,14.0,0.5,29.13916573407851,38.587798044080735,0.7,65.13916623587994,1000,459,322,322,0.322,1.0,0.0,0.6028465816484575,0.6086956521739131,0.6086956521739131,69.70824812904115,64.43585380841763,79.16877243926949,0.538121320830899,2.373092799427183,22.0,32.0
weibull,60.479743417109745,73.09510094493028,16.0,0.6,29.47208634728028,34.97357243180279,0.7,59.03807586780019,1000,465,322,322,0.322,1.0,0.0,0.6089062006631893,0.5807453416149069,0.5807453416149069,68.369343542285,63.409735679966836,74.90692791721628,0.5947512666105503,2.0001651499912834,21.0,32.0
weibull,59.3012004461644,71.84118766206018,16.5,0.7999999999999999,26.088680726889546,51.82985558583315,0.5,107.87705370635337,1000,446,322,322,0.322,1.0,0.0,0.47786828130951914,0.922360248447205,0.922360248447205,68.35951488668104,63.83964215919469,75.81609009569445,0.5516915037303171,2.2694757903572307,18.0,36.0
weibull,59.672350181146626,72.31356093298464,17.0,0.7999999999999999,26.879246809522563,46.975347139277204,0.5,97.77303040766209,1000,430,322,322,0.322,1.0,0.0,0.49069348914116684,0.8944099378881988,0.8944099378881988,68.7431690884843,63.44756219873519,75.57818794070683,0.5832863928213923,2.089252952129566,19.0,35.0
weibull,59.06190488391121,71.6946706683934,18.0,0.7,30.385382210885133,38.587798044080735,0.6,71.07893224416003,1000,459,322,322,0.322,1.0,0.0,0.5804974469756907,0.717391304347826,0.717391304347826,68.71228496345611,63.98791060944936,76.39180663638135,0.6111043874461322,1.876770561614284,21.0,33.0
weibull,58.79822890214206,71.20957845927185,16.5,0.6,30.393089045632784,38.587798044080735,0.7,65.13916623587994,1000,449,321,321,0.321,1.0,0.0,0.581952677717372,0.67601246105919,0.67601246105919,68.73133792705332,63.67233685006113,74.96689739208898,0.5572600127779915,2.2374658930092024,21.0,33.0
weibull,58.556544245889306,71.10480419733067,18.5,0.6,34.07709983904282,34.97357243180279,0.7,59.03807586780019,1000,443,321,321,0.321,1.0,0.0,0.6398387803335912,0.470404984423676,0.470404984423676,67.9937340939748,63.73615209101519,75.84445990060684,0.617957057838987,1.8551678939676521,22.0,32.0
weibull,59.355647113715165,71.71239423421349,15.5,0.5,32.261219205586926,34.97357243180279,0.7999999999999999,55.297840306184796,1000,437,319,319,0.319,1.0,0.0,0.6535142691015321,0.46394984326018807,0.46394984326018807,68.86528486895045,63.65767478709664,75.31139556925277,0.5602956915354529,2.209359436885241,23.0,32.0
weibull,59.673161083354294,72.26526457550678,17.0,0.6,31.314091743985294,34.97357243180279,0.7,59.03807586780019,1000,463,319,319,0.319,1.0,0.0,0.6246654803431556,0.5391849529780565,0.5391849529780565,68.31469158800782,63.44746904010577,75.32547704574478,0.5924970795449903,2.0200515984876652,22.0,32.0
weibull,60.728728964752676,71.26626488802282,13.0,0.5,27.057796753072903,42.5755235841089,0.6,78.42434420947033,1000,430,318,318,0.318,1.0,0.0,0.5454577670633669,0.7641509433962265,0.7641509433962265,71.47602516886478,65.13725229139226,80.40239319164093,0.5170197200920343,2.5523670528128513,21.0,34.0
weibull,59.283771822576,70.75642971736397,15.0,0.7,25.32115184240428,57.18603679678211,0.5,119.02524313546759,1000,450,318,318,0.318,1.0,0.0,0.46915956246627144,0.9213836477987422,0.9213836477987422,70.41729585668085,64.73451619746223,79.18114644075233,0.541695588218399,2.3480195684962175,19.0,36.0
weibull,60.40069049886205,71.25657717392554,17.0,0.6,31.314091743985294,38.587798044080735,0.5,80.31544589425852,1000,452,318,318,0.318,1.0,0.0,0.6128857294761201,0.5943396226415094,0.5943396226415094,70.84069500360783,64.69323879488087,80.41815916133147,0.6560468492085505,1.635448163596049,22.0,33.0
weibull,61.47905395678096,71.26481278020209,13.5,0.5,28.09848124357571,42.5755235841089,0.5,88.61537413803697,1000,400,317,317,0.317,1.0,0.0,0.5671161826873286,0.7791798107255521,0.7791798107255521,73.74415042326898,65.96211678866794,83.68736962220062,0.5710136168275028,2.1848903141799023,21.0,34.0
weibull,60.41838784414834,71.8474595827261,13.5,0.5,28.09848124357571,38.587798044080735,0.7,65.13916623587994,1000,467,317,317,0.317,1.0,0.0,0.5971238347725665,0.6719242902208202,0.6719242902208202,69.97685930281074,64.17221273859765,77.8601399504025,0.5416291130278907,2.3462964399363195,22.0,33.0
weibull,59.2212284096373,71.60657563169524,15.5,0.7,26.165190237151087,46.975347139277204,0.6,86.52884294264021,1000,465,317,317,0.317,1.0,0.0,0.5032071871500086,0.8958990536277602,0.8958990536277602,68.45411363287297,63.45662310691644,75.1243905767603,0.5396503863940392,2.385284957570974,19.0,35.0
weibull,58.643173345732706,71.25924738711589,18.5,0.7,31.229420605631944,38.587798044080735,0.6,71.07893224416003,1000,463,316,316,0.316,1.0,0.0,0.5777786771543229,0.7088607594936709,0.7088607594936709,68.39284670557083,63.240169014164934,75.03691012830063,0.6010221784506317,1.9524151413011037,20.0,33.0
weibull,61.17220375834303,71.71268808619386,12.5,0.5,26.017112262570098,42.5755235841089,0.6,78.42434420947033,1000,440,315,315,0.315,1.0,0.0,0.5394526346749778,0.7873015873015873,0.7873015873015873,71.644992935076,64.57086514904651,81.21232154036021,0.5211130179550741,2.52782671373172,21.0,34.0
weibull,60.79730727254754,71.66552379575197,16.5,0.6,30.393089045632784,38.587798044080735,0.5,80.31544589425852,1000,410,315,315,0.315,1.0,0.0,0.5845228770042004,0.6698412698412698,0.6698412698412698,71.14952437079415,64.31625776117029,80.79417933974169,0.6229819290322803,1.8232637432571375,21.0,34.0
weibull,60.082606595072804,72.81834494711626,17.5,0.7999999999999999,27.66981289215558,42.5755235841089,0.5,88.61537413803697,1000,459,315,315,0.315,1.0,0.0,0.5201421761362761,0.8698412698412699,0.8698412698412699,68.38784110298317,63.724316509758594,75.75044828777095,0.6053623918267504,1.9272941088204822,19.0,35.0
weibull,59.16636800698759,71.79846068451661,17.5,0.7999999999999999,27.66981289215558,46.975347139277204,0.5,97.77303040766209,1000,461,315,315,0.315,1.0,0.0,0.5239137495687646,0.8507936507936508,0.8507936507936508,68.86260358584803,63.60828139682391,75.11588455252999,0.5999716070062514,1.9388463572343255,19.0,35.0
weibull,59.16175081688843,71.69905301274449,18.0,0.5,37.464641658100945,31.697863849222255,0.7999999999999999,50.1185121022287,1000,441,315,315,0.315,1.0,0.0,0.714523822203986,0.23809523809523808,0.23809523809523808,67.7334201050475,63.63664121061267,74.48018832544963,0.6106550733927683,1.8857505390443625,24.0,30.0
weibull,61.30302693050746,73.11646292155794,16.0,0.6,29.47208634728028,34.97357243180279,0.6,64.42150916143456,1000,436,314,314,0.314,1.0,0.0,0.5917195153982693,0.6560509554140127,0.6560509554140127,68.30849166336712,63.816325674793966,77.89462415385297,0.5929094775870306,2.023286958669541,21.0,33.0
weibull,59.59226823637942,72.31547236281699,18.0,0.7999999999999999,28.460378974788597,42.5755235841089,0.5,88.61537413803697,1000,463,314,314,0.314,1.0,0.0,0.5292587006710148,0.8312101910828026,0.8312101910828026,68.14216039467524,63.73446174343648,74.75608289133208,0.6218443957358277,1.8167596542930902,19.0,34.0
weibull,59.603021412146944,72.75339513507775,14.5,0.6,26.709078252222753,38.587798044080735,0.7999999999999999,61.01240867428577,1000,496,313,313,0.313,1.0,0.0,0.5624946841673683,0.731629392971246,0.731629392971246,67.67510476626504,63.37908613300521,73.7728068205527,0.5207507262620263,2.4998304722867393,21.0,33.0
weibull,59.81094534388798,71.28156257513027,14.5,0.7,24.47711344765747,57.18603679678211,0.5,119.02524313546759,1000,459,313,313,0.313,1.0,0.0,0.461852003497659,0.9712460063897763,0.9712460063897763,70.30284216041869,63.87651695597086,80.12162773192105,0.5277057250866457,2.4459708588358073,18.0,36.0
weibull,58.850132311745384,71.36382754211138,17.0,0.7,28.697305421391516,42.5755235841089,0.6,78.42434420947033,1000,435,313,313,0.313,1.0,0.0,0.53526348864641,0.8178913738019169,0.8178913738019169,68.4845504788761,63.63753526244452,75.24728826584412,0.5761322559430794,2.093982554415151,20.0,34.0
weibull,60.58858876923184,73.33344519558429,17.0,0.7999999999999999,26.879246809522563,42.5755235841089,0.5,88.61537413803697,1000,465,313,313,0.313,1.0,0.0,0.5221773103915363,0.8977635782747604,0.8977635782747604,68.14150509262812,63.30592465468116,75.07504822005568,0.6144993327721942,1.8819541846071646,19.0,35.0
weibull,58.99149155433041,70.62755504967232,17.5,0.6,32.235094442337804,38.587798044080735,0.6,71.07893224416003,1000,444,313,313,0.313,1.0,0.0,0.5997961896185617,0.6006389776357828,0.6006389776357828,69.77501811588738,64.35094748041092,78.08474471175865,0.6048353689852817,1.9202651460683344,21.0,33.0
weibull,60.84442292195179,72.27811599153766,13.0,0.5,27.057796753072903,38.587798044080735,0.7,65.13916623587994,1000,468,312,312,0.312,1.0,0.0,0.5774727329398991,0.6858974358974359,0.6858974358974359,69.09806722319591,64.13848847002372,76.82111176759854,0.5275892862888614,2.4407046605097378,21.0,33.0
weibull,61.28017184439704,72.89625182033251,14.0,0.5,29.13916573407851,34.97357243180279,0.7,59.03807586780019,1000,438,312,312,0.312,1.0,0.0,0.6212699875069563,0.5512820512820513,0.5512820512820513,68.92120324257014,63.862657330094265,76.60682264761375,0.5595588962891591,2.2449737185471603,22.0,32.0
weibull,60.497449782056705,72.87938405580452,14.0,0.5,29.13916573407851,34.97357243180279,0.7999999999999999,55.297840306184796,1000,478,312,312,0.312,1.0,0.0,0.6299825851093103,0.5160256410256411,0.5160256410256411,68.08009505464503,63.62846308072636,73.85455895370656,0.5330379247838194,2.3887168800321525,22.0,32.0
weibull,60.071309426925396,72.51043033589619,15.0,0.6,27.63008095057526,38.587798044080735,0.7,65.13916623587994,1000,459,312,312,0.312,1.0,0.0,0.5698634332905612,0.7051282051282052,0.7051282051282052,68.36391430747682,63.607892312427005,76.16154126438255,0.5448442025489378,2.351158933527479,21.0,33.0
weibull,60.787565176615814,73.32635794949505,15.0,0.7,25.32115184240428,42.5755235841089,0.6,78.42434420947033,1000,441,312,312,0.312,1.0,0.0,0.5153113415041564,0.8557692307692307,0.8557692307692307,68.0895607665488,63.3025010987636,75.69500999278755,0.5512896053914136,2.293184249077025,19.5,34.0
weibull,59.208194462212006,71.63046820686893,16.0,0.6,29.47208634728028,38.587798044080735,0.7,65.13916623587994,1000,454,312,312,0.312,1.0,0.0,0.5786453497504225,0.6538461538461539,0.6538461538461539,69.04265060113933,63.812197333112515,75.48904193821227,0.562055770230992,2.2115634325417624,21.0,33.0
weibull,58.91718020830053,71.48105733642663,18.0,0.6,33.15609714069031,34.97357243180279,0.7,59.03807586780019,1000,446,312,312,0.312,1.0,0.0,0.6443139700893732,0.46474358974358976,0.46474358974358976,68.39270340606362,63.728212094588635,76.0249081562173,0.6153088490905394,1.865975233975246,22.0,32.0
weibull,59.2337598463145,70.64097196451073,15.0,0.5,31.22053471508412,38.587798044080735,0.7,65.13916623587994,1000,434,311,311,0.311,1.0,0.0,0.5960250591412686,0.6463022508038585,0.6463022508038585,70.47560899702468,64.29358538002384,78.19739593768163,0.5425802220810143,2.367874874512954,22.0,33.0
weibull,60.42305296596758,72.1632805482375,17.0,0.5,35.383272677095334,31.697863849222255,0.7,53.50842824040094,1000,438,311,311,0.311,1.0,0.0,0.6905031742308814,0.34726688102893893,0.34726688102893893,69.23763533309521,63.896562249552254,77.6283997746328,0.623084305546419,1.819913547292205,23.0,31.0
weibull,59.41222869940012,72.90424089459347,17.0,0.7999999999999999,26.879246809522563,42.5755235841089,0.6,78.42434420947033,1000,457,311,311,0.311,1.0,0.0,0.5185504079347736,0.842443729903537,0.842443729903537,67.2314208507696,63.299303044520485,73.61918329775051,0.5785605036330684,2.0858989825982404,20.0,35.0
weibull,58.5064596410884,71.85084933094016,17.5,0.6,32.235094442337804,34.97357243180279,0.7999999999999999,55.297840306184796,1000,461,311,311,0.311,1.0,0.0,0.6255515168371378,0.5337620578778135,0.5337620578778135,66.89483277599574,63.22784836775931,74.31261672633008,0.5664270120144005,2.1741909960699384,22.0,32.0
weibull,58.612752838198915,71.69989106868596,15.5,0.5,32.261219205586926,34.97357243180279,0.8999999999999999,52.5533729775485,1000,441,310,310,0.31,1.0,0.0,0.6580990015678354,0.44193548387096776,0.44193548387096776,66.90024513820887,63.347095983185476,73.82755087951662,0.5487655985364752,2.2927091446877834,23.0,31.0
weibull,58.68103395674815,70.99881152863796,15.5,0.7999999999999999,24.507548561623512,63.0957344480193,0.5,131.32550451387436,1000,453,310,310,0.31,1.0,0.0,0.4353124333596339,0.9709677419354839,0.9709677419354839,69.27050577237034,63.57032367527899,77.36012636105994,0.5100469517187474,2.5903684834390743,17.0,37.0
weibull,58.65873179039049,70.99427205611885,16.5,0.5,34.34258818659253,34.97357243180279,0.7999999999999999,55.297840306184796,1000,442,310,310,0.31,1.0,0.0,0.6656994874733559,0.4096774193548387,0.4096774193548387,68.15353783718828,63.5299852677554,75.82318199800346,0.5698797453451832,2.127035755139808,23.0,31.0
weibull,60.357184159196436,71.8215607635012,14.0,0.7,23.63307505291066,57.18603679678211,0.5,119.02524313546759,1000,459,309,309,0.309,1.0,0.0,0.4476396044519224,0.948220064724919,0.948220064724919,69.25428622566423,64.33851971932158,78.27811311385297,0.5140584572011495,2.5729714669704404,18.0,36.0
weibull,59.52682559917402,72.89317248729881,16.5,0.5,34.34258818659253,31.697863849222255,0.8999999999999999,47.63109815870358,1000,443,309,309,0.309,1.0,0.0,0.7032189865796106,0.26537216828478966,0.26537216828478966,66.95545597161797,63.401547628075484,72.98017853741246,0.5961663242779017,1.9949880384466734,24.0,30.0
weibull,59.66839291033878,71.49072203133048,18.5,0.7,31.229420605631944,38.587798044080735,0.5,80.31544589425852,1000,471,309,309,0.309,1.0,0.0,0.5951749090137312,0.6828478964401294,0.6828478964401294,70.17002776186366,64.00258643520334,78.5343434257525,0.6579678079912591,1.6099118078971655,21.0,34.0
weibull,58.91335267703216,70.58866468673472,19.5,0.5,40.58669512960935,31.697863849222255,0.7,53.50842824040094,1000,463,309,309,0.309,1.0,0.0,0.7133119411847411,0.23948220064724918,0.23948220064724918,70.2038852266402,64.29841762134104,77.38913710767342,0.6236749942877163,1.8134606988818205,24.0,31.0
weibull,60.68133419854027,72.26077053346489,14.5,0.7,24.47711344765747,51.82985558583315,0.5,107.87705370635337,1000,432,308,308,0.308,1.0,0.0,0.479324576776547,0.948051948051948,0.948051948051948,69.66430958538069,63.965714646374416,78.61105193356366,0.5445023689240035,2.3244844515067093,19.0,36.0
weibull,58.77882420001259,71.31352062079702,17.0,0.7999999999999999,26.879246809522563,51.82985558583315,0.5,107.87705370635337,1000,442,308,308,0.308,1.0,0.0,0.4933647637221512,0.9318181818181818,0.9318181818181818,68.99938292286339,63.95161662508196,76.60836130033893,0.5790371956136555,2.064069800620839,19.0,35.0
weibull,59.353290026058275,70.7499531965127,14.5,0.6,26.709078252222753,46.975347139277204,0.6,86.52884294264021,1000,447,307,307,0.307,1.0,0.0,0.5068019015593807,0.8501628664495114,0.8501628664495114,70.22019716431367,64.34271640389849,78.67146959524321,0.5204265496515572,2.5431332991313083,19.0,34.0
weibull,61.23283821671998,71.09691730099084,15.0,0.5,31.22053471508412,38.587798044080735,0.5,80.31544589425852,1000,403,307,307,0.307,1.0,0.0,0.6139582649112687,0.5732899022801303,0.5732899022801303,72.98774614325592,65.38011954049382,83.58319208274285,0.6126012532416523,1.9124570266859073,22.0,33.0
weibull,59.6322773908463,72.06388002061118,15.5,0.6,28.55108364892777,38.587798044080735,0.7,65.13916623587994,1000,454,307,307,0.307,1.0,0.0,0.571533732966857,0.7100977198697068,0.7100977198697068,67.83055537221182,63.69079608955862,74.83117958215612,0.5569499891515419,2.2449567843726266,21.0,33.0
weibull,60.12487038128281,72.69855257871788,16.5,0.5,34.34258818659253,31.697863849222255,0.7999999999999999,50.1185121022287,1000,428,307,307,0.307,1.0,0.0,0.6976385203295411,0.3355048859934853,0.3355048859934853,67.93298483122274,63.375139534337755,73.88340309445623,0.5968110316092247,1.9889478331819936,23.0,31.0
weibull,60.52619218917913,72.97077575546552,14.5,0.6,26.709078252222753,38.587798044080735,0.7,65.13916623587994,1000,452,306,306,0.306,1.0,0.0,0.5523256082236313,0.7973856209150327,0.7973856209150327,68.22072232375243,63.65457453986391,75.00763915606812,0.5346209055115627,2.416951759487774,21.0,34.0
weibull,60.1022038599132,71.83028036240538,17.5,0.5,36.42395716759814,31.697863849222255,0.7,53.50842824040094,1000,436,306,306,0.306,1.0,0.0,0.7071456864966417,0.30392156862745096,0.30392156862745096,68.72888705703983,64.16718496102877,76.21446500188375,0.6313532923941856,1.775345682653077,24.0,31.0
weibull,59.66498542721748,73.24119073158255,17.5,0.8999999999999999,26.296542307779667,46.975347139277204,0.5,97.77303040766209,1000,455,306,306,0.306,1.0,0.0,0.47799820241720425,0.934640522875817,0.934640522875817,67.95645071399277,63.192887224543966,74.14516889429257,0.5872213892748689,2.04259864133681,18.0,36.0
weibull,60.31461012403338,71.71487336910411,13.5,0.6,24.867072855517733,46.975347139277204,0.6,86.52884294264021,1000,478,305,305,0.305,1.0,0.0,0.511690727081687,0.8557377049180328,0.8557377049180328,69.67294003221886,64.09626417853347,76.76661017841998,0.5228157433405569,2.540381590192108,20.0,34.0
weibull,59.51024978141717,70.86403197125722,14.0,0.7,23.63307505291066,63.0957344480193,0.5,131.32550451387436,1000,477,305,305,0.305,1.0,0.0,0.43799741785289587,0.9836065573770492,0.9836065573770492,70.00443046212246,64.45484020910786,78.68144082067329,0.49815620942836414,2.6732175902283526,18.0,36.0
weibull,59.61406804376564,71.02972321440365,14.5,0.5,30.179850224581315,38.587798044080735,0.7,65.13916623587994,1000,443,305,305,0.305,1.0,0.0,0.598837075645331,0.6163934426229508,0.6163934426229508,69.69952846558435,64.31090776039919,77.60682780032428,0.5484213153792904,2.3251451099563947,22.0,32.0
weibull,60.104476870369496,72.52366792049386,15.0,0.7999999999999999,23.7169824789905,57.18603679678211,0.5,119.02524313546759,1000,442,305,305,0.305,1.0,0.0,0.42593892250207654,0.9737704918032787,0.9737704918032787,68.67701920236011,63.41195405576829,76.15295248720292,0.5123887735253497,2.555134357199464,17.0,37.0
weibull,59.86936755982512,73.2466819451545,16.0,0.5,33.301903696089724,31.697863849222255,0.8999999999999999,47.63109815870358,1000,447,305,305,0.305,1.0,0.0,0.6791603812752912,0.3377049180327869,0.3377049180327869,66.7624281786161,63.302146171322626,72.34523561749057,0.5442581715568449,2.3123769567775145,23.0,30.0
weibull,61.47145074862554,71.41197284113302,16.0,0.5,33.301903696089724,34.97357243180279,0.5,72.7929088145072,1000,409,305,305,0.305,1.0,0.0,0.6443857999705145,0.46557377049180326,0.46557377049180326,72.34772160229042,65.75042358939369,83.0163278020168,0.6301065128386697,1.8134606387859802,22.0,33.0
weibull,59.416961073329574,72.76350422517865,16.0,0.7999999999999999,25.29811464425653,46.975347139277204,0.6,86.52884294264021,1000,471,305,305,0.305,1.0,0.0,0.48515669715761534,0.9278688524590164,0.9278688524590164,66.90650059078928,63.10973177158464,73.4380967627869,0.5376686710939449,2.392636144997479,18.0,35.0
weibull,61.42534890075555,73.30258410556709,16.5,0.7,27.85326702664471,38.587798044080735,0.5,80.31544589425852,1000,456,305,305,0.305,1.0,0.0,0.5664522890129009,0.7475409836065574,0.7475409836065574,69.11732614093398,63.88206533323569,75.5821973453723,0.6231747461200114,1.8326716190086199,20.0,34.0
weibull,60.016711118936485,70.85902969388692,17.5,0.6,32.235094442337804,38.587798044080735,0.5,80.31544589425852,1000,442,305,305,0.305,1.0,0.0,0.611339107434138,0.5836065573770491,0.5836065573770491,71.50558805984349,64.37038519607503,80.61549451968826,0.6396760417418436,1.726941954840719,22.0,33.0
weibull,60.18287854640725,72.95619469081689,18.0,0.7,30.385382210885133,34.97357243180279,0.6,64.42150916143456,1000,457,305,305,0.305,1.0,0.0,0.6038421937812624,0.6032786885245902,0.6032786885245902,67.73081196974869,63.28768960540502,75.21970160270384,0.6300731918296673,1.7648283848457995,21.0,33.0
weibull,60.67925987631978,73.43574736629128,18.0,0.5,37.464641658100945,28.728965980328912,0.7999999999999999,45.424292186331655,1000,440,304,304,0.304,1.0,0.0,0.7520834400650411,0.19407894736842105,0.19407894736842105,66.95151844580279,63.26316454439302,74.50316569977679,0.6408171404568415,1.7132408103343022,24.0,29.0
weibull,59.60059673685252,73.16847009449768,18.0,0.6,33.15609714069031,31.697863849222255,0.7999999999999999,50.1185121022287,1000,449,304,304,0.304,1.0,0.0,0.6691739440590848,0.3815789473684211,0.3815789473684211,66.72782493603606,63.149179109402795,72.74353659900743,0.6131706310371885,1.8565663985575116,23.0,31.0
weibull,59.14871219074441,70.88755317360389,18.0,0.7,30.385382210885133,42.5755235841089,0.5,88.61537413803697,1000,434,304,304,0.304,1.0,0.0,0.5590148728569028,0.8092105263157895,0.8092105263157895,70.478207612034,64.49424688944637,79.7539073626162,0.6238756399726855,1.8025700895148735,20.0,34.0
weibull,59.48986853126995,71.19227661944157,18.5,0.5,38.50532614860375,31.697863849222255,0.7,53.50842824040094,1000,441,304,304,0.304,1.0,0.0,0.7212982563054653,0.25,0.25,70.02289314087494,63.648996328671686,77.90379983602257,0.6358511766580217,1.7390318299411898,24.0,31.0
weibull,59.25754249259023,71.56613912824989,15.0,0.7999999999999999,23.7169824789905,63.0957344480193,0.5,131.32550451387436,1000,469,303,303,0.303,1.0,0.0,0.42475637604407607,0.9735973597359736,0.9735973597359736,68.06833338502268,63.58328583666954,76.98109512164262,0.5122961336552222,2.5327826645962186,17.0,37.0
weibull,61.08457562352405,71.97377331850443,17.0,0.5,35.383272677095334,31.697863849222255,0.6,58.38763627428827,1000,445,303,303,0.303,1.0,0.0,0.6899497770069705,0.3333333333333333,0.3333333333333333,70.4698128813496,64.73080989908165,78.19142434007553,0.6339194392723364,1.7547048358872988,23.0,31.0
weibull,58.77145944608345,72.24115041939493,17.5,0.8999999999999999,26.296542307779667,51.82985558583315,0.5,107.87705370635337,1000,449,303,303,0.303,1.0,0.0,0.47373267898917903,0.9504950495049505,0.9504950495049505,66.76951160948289,62.91900186903986,73.77815347804506,0.5726583510260211,2.148814519016971,18.0,36.0
weibull,59.8407647798638,72.38175540682018,16.0,0.7999999999999999,25.29811464425653,51.82985558583315,0.5,107.87705370635337,1000,430,302,302,0.302,1.0,0.0,0.47013124239381965,0.9337748344370861,0.9337748344370861,68.49238984681105,63.47227750006928,75.15361970766257,0.5543673184780951,2.2399174530672714,18.0,36.0
weibull,58.86030075777793,71.38456256873951,18.5,0.5,38.50532614860375,31.697863849222255,0.7999999999999999,50.1185121022287,1000,428,302,302,0.302,1.0,0.0,0.7355983290371868,0.2185430463576159,0.2185430463576159,68.58124773653397,63.88997145911709,74.90350859181336,0.6256872388858399,1.8170501068764908,24.0,30.0
weibull,58.87739673963018,72.22293648041864,16.5,0.7999999999999999,26.088680726889546,46.975347139277204,0.6,86.52884294264021,1000,456,301,301,0.301,1.0,0.0,0.48106920226183975,0.920265780730897,0.920265780730897,67.34987627262957,63.63832059442878,73.60979543148807,0.5480651724157029,2.319532398874026,19.0,35.0
weibull,59.08545211246711,71.2142384618834,14.0,0.5,29.13916573407851,38.587798044080735,0.7999999999999999,61.01240867428577,1000,459,300,300,0.3,1.0,0.0,0.5918954296901899,0.6433333333333333,0.6433333333333333,68.69291835219616,63.40113917404434,75.24105517778908,0.5080204752491462,2.570572946417239,22.0,33.0
weibull,58.8680871111107,70.65238138250626,19.5,0.7,32.917497395125565,38.587798044080735,0.5,80.31544589425852,1000,480,300,300,0.3,1.0,0.0,0.5995457990282538,0.65,0.65,70.89851079763565,65.05302195229093,78.64333068066041,0.6672217695734148,1.5538313327653646,21.0,33.5
weibull,59.14663470192403,71.91540977999983,19.5,0.7999999999999999,30.832077222687644,38.587798044080735,0.5,80.31544589425852,1000,483,300,300,0.3,1.0,0.0,0.579779625101174,0.69,0.69,68.76671925330709,63.65766159707469,75.2153321309861,0.6582625166649954,1.6042926587027586,20.0,34.0
weibull,60.258992119093904,72.50543215080016,13.5,0.6,24.867072855517733,42.5755235841089,0.7,71.87075316287239,1000,467,299,299,0.299,1.0,0.0,0.5112292014243934,0.8963210702341137,0.8963210702341137,68.04207665231996,63.468146505049276,74.78589978905518,0.5004655552663909,2.675129781584737,20.0,34.0
weibull,59.42082548897143,72.64028848568486,15.5,0.8999999999999999,23.291223186890562,63.0957344480193,0.5,131.32550451387436,1000,475,298,298,0.298,1.0,0.0,0.4050297582165266,0.9731543624161074,0.9731543624161074,68.04049935428901,63.301286662272815,74.62981828401055,0.49989377882348884,2.6521459403879053,16.0,37.0
weibull,60.11246521682645,71.88907907209581,17.5,0.6,32.235094442337804,34.97357243180279,0.6,64.42150916143456,1000,439,298,298,0.298,1.0,0.0,0.6413004706037924,0.47651006711409394,0.47651006711409394,69.34710664296753,64.22442098479456,77.95159997624464,0.6311276714801419,1.7694010623328613,22.0,33.0
weibull,61.287897715542144,72.72453918970871,12.5,0.5,26.017112262570098,38.587798044080735,0.7,65.13916623587994,1000,477,297,297,0.297,1.0,0.0,0.5655954515682852,0.7407407407407407,0.7407407407407407,69.08792535113497,64.39377038546654,77.61214871098728,0.5158055027379976,2.530207443199764,21.0,33.0
weibull,59.290439373893705,70.5350907734624,13.5,0.6,24.867072855517733,51.82985558583315,0.6,95.47087369954635,1000,454,296,296,0.296,1.0,0.0,0.47338001512860994,0.9222972972972973,0.9222972972972973,70.50547144310917,64.19047690325138,80.03294580966042,0.4920220664780218,2.6984002122271735,19.0,35.0
weibull,58.690897266733444,70.81234259401589,14.5,0.5,30.179850224581315,38.587798044080735,0.7999999999999999,61.01240867428577,1000,429,296,296,0.296,1.0,0.0,0.597592954326934,0.6148648648648649,0.6148648648648649,69.07898777532284,64.37236128054283,75.77503693721069,0.5197154048154231,2.530335659226953,22.0,32.0
weibull,60.452841247936924,71.31725983371348,18.0,0.5,37.464641658100945,31.697863849222255,0.6,58.38763627428827,1000,443,296,296,0.296,1.0,0.0,0.716581065449565,0.25,0.25,70.99895058362108,64.62136075626411,78.83200425168529,0.6588152548841708,1.6183283313952277,24.0,31.0
weibull,60.84223569664518,72.71342494367521,18.5,0.5,38.50532614860375,28.728965980328912,0.7,48.49670065754502,1000,469,296,296,0.296,1.0,0.0,0.7257486455412054,0.25675675675675674,0.25675675675675674,68.86823914147298,63.89774950390935,76.27127558669633,0.6422550589047804,1.7296428980738603,24.0,31.0
weibull,58.53471487046169,72.0749572561803,19.0,0.7,32.073459000378755,34.97357243180279,0.7,59.03807586780019,1000,435,296,296,0.296,1.0,0.0,0.6283000566802139,0.5304054054054054,0.5304054054054054,66.9202169700649,63.28318145769515,73.71920879459874,0.6173816441573092,1.8547168007872785,22.0,32.0
weibull,59.76938459646548,72.01535205552938,14.0,0.6,25.788075553870243,42.5755235841089,0.7,71.87075316287239,1000,472,295,295,0.295,1.0,0.0,0.5327286206489411,0.8135593220338984,0.8135593220338984,68.08857248385465,63.473725512601106,77.21627517931972,0.5193278689650388,2.511444098569198,20.0,34.0
weibull,59.7225867388719,72.08873693804408,15.0,0.5,31.22053471508412,34.97357243180279,0.7999999999999999,55.297840306184796,1000,435,295,295,0.295,1.0,0.0,0.6363774336198538,0.49830508474576274,0.49830508474576274,68.2932523523817,63.617210514667136,76.03649615292844,0.5506323216016338,2.2759891425276577,23.0,32.0
weibull,60.76372651746968,71.64077313267231,17.5,0.5,36.42395716759814,31.697863849222255,0.6,58.38763627428827,1000,422,295,295,0.295,1.0,0.0,0.6973377707417479,0.2983050847457627,0.2983050847457627,71.00003541279789,64.73721346515373,79.36607677988417,0.6545693917021344,1.644666781597535,23.0,31.0
weibull,58.87459130431239,72.21718622028425,17.5,0.5,36.42395716759814,31.697863849222255,0.8999999999999999,47.63109815870358,1000,446,295,295,0.295,1.0,0.0,0.7202667166302151,0.2677966101694915,0.2677966101694915,66.82956250299401,62.94851035055608,73.34413163084336,0.5964110247064092,1.9689549142558957,24.0,30.0
weibull,59.35959503300953,72.93483271418924,18.0,0.7,30.385382210885133,34.97357243180279,0.7,59.03807586780019,1000,442,295,295,0.295,1.0,0.0,0.603906459732385,0.5830508474576271,0.5830508474576271,67.1313551714099,63.15839911179208,72.74910540792214,0.6105141888584382,1.8936860617733895,21.0,32.0
weibull,58.676029648294204,71.29558810021734,18.0,0.7999999999999999,28.460378974788597,46.975347139277204,0.5,97.77303040766209,1000,434,295,295,0.295,1.0,0.0,0.5110712899445151,0.8711864406779661,0.8711864406779661,68.8991842107766,63.84925382632589,76.43637914118337,0.5953177772962159,1.9682578261345212,19.0,35.0
weibull,58.568919861020966,72.15216477415376,19.0,0.7999999999999999,30.04151114005463,38.587798044080735,0.6,71.07893224416003,1000,459,295,295,0.295,1.0,0.0,0.5554638647345939,0.7627118644067796,0.7627118644067796,67.51709706014944,63.36758806768676,73.89352892752585,0.6261422660363932,1.7970911739651325,20.0,34.0
weibull,59.615902753891454,70.84785221428089,13.0,0.5,27.057796753072903,42.5755235841089,0.7,71.87075316287239,1000,453,294,294,0.294,1.0,0.0,0.5386098503734262,0.7925170068027211,0.7925170068027211,69.33816051131696,63.97485318196694,78.23332355616435,0.5049044124845277,2.618266212964177,21.0,34.0
weibull,59.93335217732128,70.68951571609205,17.0,0.5,35.383272677095334,34.97357243180279,0.6,64.42150916143456,1000,421,294,294,0.294,1.0,0.0,0.6621624452049387,0.391156462585034,0.391156462585034,71.50064442589837,65.56691790494794,80.8678974741519,0.6417864783105238,1.719436730444969,23.0,32.0
weibull,59.79131859038045,71.50676706344655,18.0,0.5,37.464641658100945,31.697863849222255,0.7,53.50842824040094,1000,436,294,294,0.294,1.0,0.0,0.706844012547234,0.24149659863945577,0.24149659863945577,68.9458007861058,64.14286171314332,76.79805028841145,0.6368970739471534,1.7411720386430516,23.0,31.0
weibull,59.02998791554151,70.75986677911459,19.0,0.6,34.998102537395326,34.97357243180279,0.6,64.42150916143456,1000,445,294,294,0.294,1.0,0.0,0.6505234041585756,0.4387755102040816,0.4387755102040816,70.119172301002,64.21964316445188,78.77953205959757,0.6517591106507103,1.64313168630749,22.0,32.0
weibull,58.7091066138141,71.84649940022342,15.5,0.6,28.55108364892777,38.587798044080735,0.7999999999999999,61.01240867428577,1000,455,293,293,0.293,1.0,0.0,0.575600646223013,0.6928327645051194,0.6928327645051194,67.48046598154858,63.3335737483132,74.1813636207055,0.5368324938762666,2.363754831717309,21.0,33.0
weibull,59.934604945551925,73.43190793585663,16.5,0.7999999999999999,26.088680726889546,42.5755235841089,0.6,78.42434420947033,1000,442,293,293,0.293,1.0,0.0,0.5083122076414734,0.8737201365187713,0.8737201365187713,66.91387556623168,62.81628544680911,72.45329265390535,0.5581156467130732,2.2260898218569785,19.0,35.0
weibull,61.45457102528844,73.351428686639,17.5,0.5,36.42395716759814,28.728965980328912,0.7,48.49670065754502,1000,441,293,293,0.293,1.0,0.0,0.7205895899731217,0.24573378839590443,0.24573378839590443,68.76100791839195,63.942262438254346,76.77392700429506,0.6359456002858966,1.7320905927601264,24.0,30.0
weibull,58.51999183970645,71.91701953993842,17.5,0.7,29.541343816138326,38.587798044080735,0.7,65.13916623587994,1000,423,293,293,0.293,1.0,0.0,0.5726290457346467,0.7030716723549488,0.7030716723549488,67.05232437500835,63.1596978538581,73.3418437404079,0.5691956357860547,2.188447639997363,21.0,33.0
weibull,60.08712444851729,71.92614531260801,18.0,0.7,30.385382210885133,38.587798044080735,0.5,80.31544589425852,1000,446,293,293,0.293,1.0,0.0,0.5881563328326261,0.6757679180887372,0.6757679180887372,69.7973089801498,64.23006698346447,78.14585751494249,0.6497165475651494,1.7070990023189947,21.0,34.0
weibull,59.42627053035007,72.84663876908698,16.5,0.7,27.85326702664471,38.587798044080735,0.7,65.13916623587994,1000,439,292,292,0.292,1.0,0.0,0.5601721439270999,0.7773972602739726,0.7773972602739726,66.62189260565987,63.047979049090905,73.23753775773078,0.5607772823286516,2.214034444191355,20.0,34.0
weibull,58.56370603477964,71.89367292132542,18.0,0.5,37.464641658100945,31.697863849222255,0.8999999999999999,47.63109815870358,1000,446,292,292,0.292,1.0,0.0,0.7126155538569007,0.2671232876712329,0.2671232876712329,66.92943613024727,63.25761562757188,73.61892111272991,0.5846865591997789,2.0414676847349176,24.0,30.0
weibull,61.24707719559796,71.8392386982787,13.0,0.6,23.946070157165224,51.82985558583315,0.5,107.87705370635337,1000,437,291,291,0.291,1.0,0.0,0.479818439126001,0.9140893470790378,0.9140893470790378,71.05903709717617,64.86942153759009,82.30267324785999,0.5140363641953898,2.553892263135223,19.0,35.0
weibull,59.335452328327435,72.80687601894789,17.0,0.8999999999999999,25.54521252755739,51.82985558583315,0.5,107.87705370635337,1000,450,291,291,0.291,1.0,0.0,0.45118915099942336,0.9587628865979382,0.9587628865979382,67.26558848001943,63.23293594380913,73.31928874620624,0.5555611647291543,2.2497432139355418,17.0,36.0
weibull,60.10289493632304,72.47748818793701,14.5,0.5,30.179850224581315,34.97357243180279,0.7999999999999999,55.297840306184796,1000,441,290,290,0.29,1.0,0.0,0.6275416455784075,0.5344827586206896,0.5344827586206896,67.25540006671626,63.49431542214258,75.69786384729751,0.5328388104834882,2.403324376312882,22.0,32.0
weibull,60.46741234193391,73.05206203657357,16.0,0.5,33.301903696089724,31.697863849222255,0.7999999999999999,50.1185121022287,1000,435,290,290,0.29,1.0,0.0,0.6937632036380952,0.32413793103448274,0.32413793103448274,68.35103834574541,63.44347751254668,75.75051529629673,0.5979985865758491,1.9533320985693887,23.0,31.0
weibull,59.69702135476942,73.0782331804023,16.0,0.6,29.47208634728028,34.97357243180279,0.7999999999999999,55.297840306184796,1000,431,290,290,0.29,1.0,0.0,0.6220290323378459,0.5413793103448276,0.5413793103448276,66.791580451621,63.07928181307253,72.97602672538626,0.563264562959555,2.1937981036761167,22.0,32.0
weibull,59.11686493376278,71.82448649652005,18.5,0.7999999999999999,29.250945057421614,42.5755235841089,0.5,88.61537413803697,1000,426,290,290,0.29,1.0,0.0,0.5365588790480584,0.8206896551724138,0.8206896551724138,68.80136885583579,63.60056198905275,75.66808478274808,0.6232789418708985,1.8144325665888745,20.0,34.0
weibull,60.82327348906374,72.22098751663717,13.0,0.6,23.946070157165224,46.975347139277204,0.6,86.52884294264021,1000,475,289,289,0.289,1.0,0.0,0.5031290556795216,0.8961937716262975,0.8961937716262975,69.40028697823027,64.0694875141065,78.3438313207672,0.523361465713459,2.5177431751827046,20.0,35.0
weibull,59.046989886451044,72.4054940364397,16.5,0.8999999999999999,24.793882747335115,57.18603679678211,0.5,119.02524313546759,1000,438,289,289,0.289,1.0,0.0,0.4417215507220111,0.9688581314878892,0.9688581314878892,67.05751523344031,63.210516545582216,72.54138857782378,0.5339279414398095,2.387127083711498,17.0,36.0
weibull,59.50546092954622,73.12258985760651,18.0,0.7999999999999999,28.460378974788597,38.587798044080735,0.6,71.07893224416003,1000,443,289,289,0.289,1.0,0.0,0.5519145961239132,0.7681660899653979,0.7681660899653979,66.98999597376725,63.5284459240326,74.37998819272593,0.6244128290569989,1.8081639455717662,20.0,34.0
weibull,59.030057626929576,72.63160399130959,18.5,0.7999999999999999,29.250945057421614,38.587798044080735,0.6,71.07893224416003,1000,444,289,289,0.289,1.0,0.0,0.558738154957878,0.7681660899653979,0.7681660899653979,67.25385405820143,63.56817671516207,73.4765771784246,0.6094287464082567,1.8912507904159626,20.0,34.0
weibull,59.2976720211188,71.54051197820874,14.5,0.6,26.709078252222753,42.5755235841089,0.7,71.87075316287239,1000,469,288,288,0.288,1.0,0.0,0.5281141582050822,0.8472222222222222,0.8472222222222222,68.12046256717838,63.229831152868854,74.39966299745001,0.5081400510217,2.620629148050444,20.0,34.0
weibull,58.70618622055439,70.93760389841538,15.0,0.7,25.32115184240428,51.82985558583315,0.6,95.47087369954635,1000,437,288,288,0.288,1.0,0.0,0.48370974155422963,0.9236111111111112,0.9236111111111112,68.70609008670911,63.95848948157577,76.44182560242152,0.5156086981867649,2.541280726042525,19.0,35.0
weibull,60.96490463934998,72.83162398210634,17.0,0.7,28.697305421391516,38.587798044080735,0.5,80.31544589425852,1000,428,288,288,0.288,1.0,0.0,0.5512872059942502,0.78125,0.78125,69.40672343909515,64.27879290435078,76.60106601291099,0.6112695424164764,1.9063135856842537,20.0,34.0
weibull,59.74046372169825,71.50241931305428,18.0,0.6,33.15609714069031,34.97357243180279,0.6,64.42150916143456,1000,438,288,288,0.288,1.0,0.0,0.6229941284891503,0.5555555555555556,0.5555555555555556,69.68388930825981,64.28961830453517,78.0520167955544,0.6225546340472835,1.8232335689032455,22.0,32.0
weibull,60.114995552421284,70.50371663075589,12.5,0.5,26.017112262570098,46.975347139277204,0.6,86.52884294264021,1000,438,287,287,0.287,1.0,0.0,0.5322822697613059,0.8397212543554007,0.8397212543554007,72.42653561423923,64.93921252593667,81.81769157655742,0.5130259135607436,2.5911874202220235,21.0,34.0
weibull,59.59413942562705,72.38363941836835,19.0,0.7999999999999999,30.04151114005463,38.587798044080735,0.5,80.31544589425852,1000,475,287,287,0.287,1.0,0.0,0.573115611758576,0.7073170731707317,0.7073170731707317,68.74765590996347,63.571198031755166,75.55057739802822,0.6677966900379105,1.5457649068907295,21.0,34.0
weibull,60.37668834094567,70.86003073994407,13.0,0.6,23.946070157165224,57.18603679678211,0.5,119.02524313546759,1000,439,286,286,0.286,1.0,0.0,0.469224972889606,0.9405594405594405,0.9405594405594405,72.14127863940371,65.04912008219245,81.59356135315937,0.49848823014194815,2.6761422694481403,19.0,36.0
weibull,60.803769307314504,73.18251754019431,14.0,0.7,23.63307505291066,46.975347139277204,0.6,86.52884294264021,1000,448,286,286,0.286,1.0,0.0,0.4790241479024066,0.9405594405594405,0.9405594405594405,67.83740859208942,63.5331136944978,74.88783832100214,0.5112849669814509,2.5922828746679167,19.0,35.0
weibull,61.227573013848726,72.80076872183584,14.0,0.7,23.63307505291066,51.82985558583315,0.5,107.87705370635337,1000,421,286,286,0.286,1.0,0.0,0.4713403024165408,0.9230769230769231,0.9230769230769231,69.76850913336231,63.72622840740007,78.05051077974316,0.5263184115293876,2.4569835068948587,18.0,36.0
weibull,59.647621475594775,72.99552421004093,16.0,0.8999999999999999,24.042552967112837,57.18603679678211,0.5,119.02524313546759,1000,460,286,286,0.286,1.0,0.0,0.4394093801023038,0.972027972027972,0.972027972027972,67.48206417982482,63.29029787088892,73.92029862021843,0.554806677357509,2.2511418188861794,17.0,36.0
weibull,61.128908787974446,71.05846338327733,16.5,0.5,34.34258818659253,34.97357243180279,0.5,72.7929088145072,1000,416,286,286,0.286,1.0,0.0,0.6378775797106997,0.486013986013986,0.486013986013986,73.4638455994115,65.61092726633592,83.98145276107545,0.6329604782553893,1.7621265005039317,22.0,33.0
weibull,59.49385064550586,72.14149023220392,17.5,0.7,29.541343816138326,38.587798044080735,0.6,71.07893224416003,1000,433,286,286,0.286,1.0,0.0,0.554423039324736,0.7447552447552448,0.7447552447552448,68.41700412989013,63.87818122405329,75.45561259452916,0.5869107305177548,2.0195481624213825,20.0,34.0
weibull,60.15139118882642,71.0027693897085,18.5,0.5,38.50532614860375,31.697863849222255,0.6,58.38763627428827,1000,428,286,286,0.286,1.0,0.0,0.7120150512919843,0.28321678321678323,0.28321678321678323,71.11767740352394,64.642656489453,80.10188846751312,0.6523943107120727,1.6427151349020455,23.0,31.0
weibull,60.531051205489796,72.4104237763707,18.5,0.6,34.07709983904282,31.697863849222255,0.6,58.38763627428827,1000,439,286,286,0.286,1.0,0.0,0.673177194731625,0.4020979020979021,0.4020979020979021,68.81688363284549,63.455810468914066,77.347375991434,0.6522151781912544,1.634633799908037,23.0,31.0
weibull,59.180114730444025,71.87685936107637,19.5,0.6,35.919105235747836,31.697863849222255,0.7,53.50842824040094,1000,444,286,286,0.286,1.0,0.0,0.6748885177799071,0.34965034965034963,0.34965034965034963,68.02856075135357,63.61853809713459,74.78267096335728,0.6328573753619473,1.7624835847451972,23.0,31.0
weibull,60.92358407414936,72.37697815831636,13.5,0.7,22.78903665816385,57.18603679678211,0.5,119.02524313546759,1000,443,285,285,0.285,1.0,0.0,0.43869500107017745,0.9754385964912281,0.9754385964912281,69.53752254538921,64.17990610951638,78.13780231780608,0.5089426359773482,2.5961642382428116,18.0,36.0
weibull,60.0766496963701,71.41944936607239,13.5,0.7,22.78903665816385,63.0957344480193,0.5,131.32550451387436,1000,486,285,285,0.285,1.0,0.0,0.42645846424819817,0.9824561403508771,0.9824561403508771,69.79035758410333,63.903484707106436,79.61639594659812,0.4959249675595497,2.701616832776714,17.0,37.0
weibull,60.99790476452581,73.44561583278615,14.0,0.6,25.788075553870243,38.587798044080735,0.7,65.13916623587994,1000,432,285,285,0.285,1.0,0.0,0.5493595769811134,0.8105263157894737,0.8105263157894737,67.80372470291033,63.747376627018184,74.09735253713326,0.5156550817440263,2.5332072467613087,20.0,34.0
weibull,61.36061601859792,72.31258813813727,17.0,0.6,31.314091743985294,34.97357243180279,0.5,72.7929088145072,1000,430,285,285,0.285,1.0,0.0,0.5977365662029662,0.624561403508772,0.624561403508772,69.57352635041134,64.4535379386191,79.67051030537198,0.6188065081621467,1.860082246650844,21.0,33.0
weibull,60.60463514354416,71.52838089905711,18.0,0.6,33.15609714069031,34.97357243180279,0.5,72.7929088145072,1000,448,285,285,0.285,1.0,0.0,0.6231396404798984,0.5333333333333333,0.5333333333333333,70.90147718060294,64.30146149155831,80.44557616956733,0.6782286769501766,1.4992986106374937,22.0,33.0
weibull,60.26571984240739,72.10981301096834,19.5,0.5,40.58669512960935,28.728965980328912,0.7,48.49670065754502,1000,494,285,285,0.285,1.0,0.0,0.7596538373091827,0.21052631578947367,0.21052631578947367,68.91034526509814,64.07373362925632,75.65973041265353,0.6663845398418069,1.562877945543943,24.0,30.0
weibull,59.19544041036677,72.55018640611637,17.0,0.5,35.383272677095334,31.697863849222255,0.8999999999999999,47.63109815870358,1000,427,284,284,0.284,1.0,0.0,0.6963911731937664,0.30633802816901406,0.30633802816901406,67.05984962509545,63.269165781093214,72.78257813031118,0.5658558325770175,2.1567798631159474,23.0,30.0
weibull,61.43232524008954,71.12200812458505,12.5,0.5,26.017112262570098,46.975347139277204,0.5,97.77303040766209,1000,383,283,283,0.283,1.0,0.0,0.5355431188310196,0.833922261484099,0.833922261484099,73.6313201855435,66.32762854602112,85.16880433421862,0.553396031734809,2.292509913528952,21.0,35.0
weibull,60.9056752164708,71.38302443283213,12.5,0.6,23.025067458812718,57.18603679678211,0.5,119.02524313546759,1000,449,283,283,0.283,1.0,0.0,0.46499411522796036,0.9222614840989399,0.9222614840989399,71.16202553803333,64.64730389513838,80.16055901625792,0.5024325618733916,2.649287324458318,19.0,36.0
weibull,58.97969246335565,72.07623377251655,15.0,0.5,31.22053471508412,34.97357243180279,0.8999999999999999,52.5533729775485,1000,450,283,283,0.283,1.0,0.0,0.6319414804100664,0.5053003533568905,0.5053003533568905,67.30618287735157,63.19944540395243,73.15467458735752,0.5296045241193497,2.4029039280301463,23.0,31.0
weibull,59.90209641282041,73.33037950963981,16.0,0.7,27.009228631897898,38.587798044080735,0.7,65.13916623587994,1000,441,283,283,0.283,1.0,0.0,0.5462537280905332,0.7632508833922261,0.7632508833922261,67.49970969761989,63.05834040986126,73.31164436590082,0.544115778513395,2.3361723327817057,20.0,34.0
weibull,59.86952854793332,72.59993100610377,18.5,0.6,34.07709983904282,31.697863849222255,0.7,53.50842824040094,1000,449,283,283,0.283,1.0,0.0,0.6747644020828135,0.36395759717314485,0.36395759717314485,67.93429013929087,63.54886544803851,75.31823588101491,0.6212983949572443,1.833808037737494,23.0,31.0
weibull,59.16561040469782,72.39713441339129,15.5,0.7,26.165190237151087,42.5755235841089,0.7,71.87075316287239,1000,444,282,282,0.282,1.0,0.0,0.5128367598569913,0.8687943262411347,0.8687943262411347,67.26885280828495,63.17183957474186,73.29973467883367,0.5161825624724155,2.5491662259565753,20.0,34.0
weibull,59.287055794699455,72.65734343280522,16.5,0.6,30.393089045632784,34.97357243180279,0.7999999999999999,55.297840306184796,1000,423,281,281,0.281,1.0,0.0,0.6248295888431978,0.5338078291814946,0.5338078291814946,66.68669200939969,62.93992084681938,73.11690060689085,0.5659972385285627,2.1470729290118253,22.0,32.0
weibull,60.230164510344544,72.97618414519974,18.0,0.6,33.15609714069031,31.697863849222255,0.7,53.50842824040094,1000,449,281,281,0.281,1.0,0.0,0.6667234137444988,0.3914590747330961,0.3914590747330961,67.76928325004938,63.15024825453921,74.57941469531991,0.6228118548728446,1.8160090459967926,23.0,31.0
weibull,59.262244285969444,71.06626985459906,19.0,0.7,32.073459000378755,38.587798044080735,0.5,80.31544589425852,1000,440,281,281,0.281,1.0,0.0,0.6008608436906373,0.6192170818505338,0.6192170818505338,70.092146261222,64.59438115235726,77.22041121260652,0.6701601430819655,1.5517442207507557,21.0,33.0
weibull,60.05937754748181,71.29427541245192,12.5,0.5,26.017112262570098,42.5755235841089,0.7,71.87075316287239,1000,481,280,280,0.28,1.0,0.0,0.5385214347666047,0.8535714285714285,0.8535714285714285,70.38841206480902,64.19576256451963,77.81682476951339,0.49123363586877467,2.7222559046232915,21.0,34.0
weibull,60.25753049200605,72.64251935182337,14.5,0.7,24.47711344765747,46.975347139277204,0.6,86.52884294264021,1000,456,280,280,0.28,1.0,0.0,0.48864292299896683,0.9142857142857143,0.9142857142857143,67.52933887244677,63.98487201270676,74.96560754097382,0.515834595192479,2.5554751679567946,18.0,35.0
weibull,60.700839509753784,73.10481836594937,14.5,0.7999999999999999,22.92641639635748,57.18603679678211,0.5,119.02524313546759,1000,455,280,280,0.28,1.0,0.0,0.4221459155687921,0.9892857142857143,0.9892857142857143,68.43274995993042,63.861349198974,75.3482852044555,0.5103333063291451,2.5896117590451615,17.0,37.0
weibull,61.26368866302922,73.17333667450819,17.5,0.6,32.235094442337804,31.697863849222255,0.6,58.38763627428827,1000,455,280,280,0.28,1.0,0.0,0.6570110130209963,0.43214285714285716,0.43214285714285716,69.26672276598077,64.17676713449802,76.96074896432047,0.6424795116114541,1.7026247710001163,22.0,32.0
weibull,60.79752359916719,70.71547730209488,17.0,0.5,35.383272677095334,34.97357243180279,0.5,72.7929088145072,1000,411,279,279,0.279,1.0,0.0,0.6627105902916158,0.4121863799283154,0.4121863799283154,74.31159569290686,66.83365340357263,84.14783108929947,0.6595106086682999,1.6127577997700484,23.0,32.0
weibull,58.80068709781551,72.03799541779695,16.0,0.8999999999999999,24.042552967112837,63.0957344480193,0.5,131.32550451387436,1000,449,278,278,0.278,1.0,0.0,0.4095223937354452,0.9892086330935251,0.9892086330935251,67.85540479209368,63.338874033891095,74.25264796187606,0.5251155374610073,2.485404246828837,16.0,37.0
weibull,59.917378741103335,73.38470199477433,16.5,0.8999999999999999,24.793882747335115,51.82985558583315,0.5,107.87705370635337,1000,441,278,278,0.278,1.0,0.0,0.4510270662314526,0.9496402877697842,0.9496402877697842,67.05887727758025,63.24779891667683,73.88918902680213,0.5570616986917708,2.233421389361843,18.0,36.0
weibull,59.11818517682788,72.6874252687092,18.0,0.8999999999999999,27.04787208800194,46.975347139277204,0.5,97.77303040766209,1000,432,278,278,0.278,1.0,0.0,0.484264135589006,0.9568345323741008,0.9568345323741008,66.90041627456499,63.311883100994315,73.96628054167867,0.6054483339355081,1.923090771280952,18.0,36.0
weibull,61.331430166388074,72.30696377908379,18.5,0.5,38.50532614860375,28.728965980328912,0.6,52.9189103775207,1000,443,278,278,0.278,1.0,0.0,0.7249563953712088,0.2805755395683453,0.2805755395683453,69.97685045732807,64.48306301960427,79.13625613790116,0.6676135573386348,1.5533227860262908,24.0,31.0
weibull,59.19736443298023,70.88637685881073,19.0,0.5,39.54601063910655,31.697863849222255,0.7,53.50842824040094,1000,413,278,278,0.278,1.0,0.0,0.7233381571485636,0.25539568345323743,0.25539568345323743,69.46831066448676,64.2243669662719,76.55739434482997,0.6296083372753145,1.7852893309324933,24.0,31.0
weibull,59.80129396297149,72.51764498957944,19.5,0.5,40.58669512960935,28.728965980328912,0.7999999999999999,45.424292186331655,1000,435,278,278,0.278,1.0,0.0,0.7694392747094325,0.1366906474820144,0.1366906474820144,67.91315741835302,63.84265133802026,74.25842265183691,0.6519903195400165,1.6715447563422638,24.0,30.0
weibull,60.907214736705754,73.29522455625946,13.5,0.5,28.09848124357571,34.97357243180279,0.7999999999999999,55.297840306184796,1000,426,277,277,0.277,1.0,0.0,0.6154879408679171,0.5740072202166066,0.5740072202166066,67.9983064714885,63.6329893458916,74.02556353851101,0.532928963272175,2.4081763544327277,22.0,32.0
weibull,59.378210007887446,73.49914182861701,15.5,0.6,28.55108364892777,34.97357243180279,0.8999999999999999,52.5533729775485,1000,437,277,277,0.277,1.0,0.0,0.603071838944045,0.6064981949458483,0.6064981949458483,65.92434504306206,62.75629128711314,70.76358968209044,0.5217394320653239,2.4886234389683852,21.0,32.0
weibull,58.89043902101396,72.24839681097879,17.0,0.6,31.314091743985294,34.97357243180279,0.7999999999999999,55.297840306184796,1000,432,277,277,0.277,1.0,0.0,0.6358562652309284,0.5018050541516246,0.5018050541516246,67.4696691645567,63.283519676587304,74.3038787819599,0.5747772418620335,2.1411522902831917,22.0,32.0
weibull,59.28918170342873,71.86771709546815,17.5,0.6,32.235094442337804,34.97357243180279,0.7,59.03807586780019,1000,417,277,277,0.277,1.0,0.0,0.6338981111369357,0.5054151624548736,0.5054151624548736,68.28932509222605,63.55642612666595,75.53739302213839,0.5962200474703906,1.9828445142521254,22.0,32.0
weibull,60.37780981720928,73.1212569222863,18.5,0.5,38.50532614860375,28.728965980328912,0.7999999999999999,45.424292186331655,1000,450,277,277,0.277,1.0,0.0,0.7755843137583014,0.1552346570397112,0.1552346570397112,67.44506607435565,63.17202826399863,73.89663178269748,0.6462320504203556,1.6645282213143886,25.0,29.0
weibull,61.00100819664634,70.58519781968224,12.0,0.5,24.976427772067296,51.82985558583315,0.5,107.87705370635337,1000,426,276,276,0.276,1.0,0.0,0.5065471421418356,0.8840579710144928,0.8840579710144928,74.79576089962711,65.06084242977761,87.87439666969296,0.5208529956293091,2.537789841799434,20.0,35.0
weibull,59.92125214491959,72.06073537114989,13.0,0.5,27.057796753072903,38.587798044080735,0.7999999999999999,61.01240867428577,1000,481,276,276,0.276,1.0,0.0,0.5721127035038558,0.7463768115942029,0.7463768115942029,68.50073890120743,63.80822592179378,74.88402024674714,0.49457748947185254,2.6907096832906077,21.0,33.0
weibull,58.544161519183206,72.64484026727769,16.5,0.6,30.393089045632784,34.97357243180279,0.8999999999999999,52.5533729775485,1000,430,276,276,0.276,1.0,0.0,0.6159116373778375,0.5652173913043478,0.5652173913043478,66.54995627117765,63.08771451891286,71.48408543748707,0.5504642201552241,2.288839168645987,22.0,32.0
weibull,58.9658262689445,72.37567864562622,17.0,0.7,28.697305421391516,38.587798044080735,0.7,65.13916623587994,1000,434,276,276,0.276,1.0,0.0,0.5562669640421651,0.7572463768115942,0.7572463768115942,67.48922987564957,63.33827996389035,74.14227744428541,0.5730550013281848,2.135904887464223,20.0,34.0
weibull,61.47899572984781,73.42897584063026,17.5,0.7,29.541343816138326,34.97357243180279,0.5,72.7929088145072,1000,426,276,276,0.276,1.0,0.0,0.5881112580400465,0.6340579710144928,0.6340579710144928,68.40216828598162,63.46920211497083,75.90735733932887,0.6509718173338062,1.6691523844862592,21.0,33.0
weibull,59.00881873226385,73.36478451347178,17.5,0.7,29.541343816138326,34.97357243180279,0.7999999999999999,55.297840306184796,1000,426,276,276,0.276,1.0,0.0,0.5955234862025296,0.644927536231884,0.644927536231884,66.2488916731381,63.05630762204305,72.82874043866855,0.577906479103649,2.102735118225489,21.0,32.0
weibull,59.79154079460418,73.38165227799976,17.5,0.7,29.541343816138326,34.97357243180279,0.7,59.03807586780019,1000,425,276,276,0.276,1.0,0.0,0.6067913172926324,0.6340579710144928,0.6340579710144928,66.92658585186366,63.308233642638655,72.87703088912842,0.5968499618141412,1.9564277078415493,21.0,32.0
weibull,59.021940482440186,73.40099174964027,17.5,0.7999999999999999,27.66981289215558,38.587798044080735,0.7,65.13916623587994,1000,431,276,276,0.276,1.0,0.0,0.5330542986816136,0.822463768115942,0.822463768115942,66.13025692334921,62.762453400026146,72.24430072291972,0.5671593806927632,2.172352082982225,20.0,34.0
weibull,61.14368575575568,73.02791538768018,18.0,0.5,37.464641658100945,28.728965980328912,0.7,48.49670065754502,1000,450,276,276,0.276,1.0,0.0,0.7377821629350304,0.2210144927536232,0.2210144927536232,68.5899432401616,64.12892489778591,75.71650325627978,0.6644805495454218,1.5825088217207,24.0,30.0
weibull,60.085305718919564,72.81535716165547,19.0,0.5,39.54601063910655,28.728965980328912,0.7999999999999999,45.424292186331655,1000,436,276,276,0.276,1.0,0.0,0.7571890662946716,0.13043478260869565,0.13043478260869565,67.68199486622035,63.241588047665644,74.00469362688325,0.6346438059891024,1.7592327238880738,24.0,30.0
weibull,58.84278925886506,71.08016655863942,15.0,0.6,27.63008095057526,42.5755235841089,0.7,71.87075316287239,1000,426,275,275,0.275,1.0,0.0,0.5310367780168462,0.7745454545454545,0.7745454545454545,69.07250712916876,64.1655843220922,76.84167661856884,0.5183765700410633,2.51581439146057,21.0,34.0
weibull,60.6148243080019,73.40301425462741,17.5,0.7,29.541343816138326,34.97357243180279,0.6,64.42150916143456,1000,424,275,275,0.275,1.0,0.0,0.5934229630383699,0.6181818181818182,0.6181818181818182,68.29656363274835,63.424020584703825,75.42497041435037,0.6328370087789388,1.7246709399132532,21.0,33.0
weibull,59.76414700822875,72.52077140953938,18.5,0.7,31.229420605631944,34.97357243180279,0.6,64.42150916143456,1000,437,275,275,0.275,1.0,0.0,0.5964398401686698,0.6181818181818182,0.6181818181818182,67.44787098738718,63.45600836970994,74.19466233560821,0.6331231252895307,1.751156749925768,21.0,33.0
weibull,60.50922183006218,73.38057683522034,19.0,0.7,32.073459000378755,31.697863849222255,0.6,58.38763627428827,1000,470,275,275,0.275,1.0,0.0,0.6396356390292386,0.48,0.48,67.28131286281592,63.42610691420175,74.10825730807741,0.6721614608555919,1.5254394841944772,22.0,32.0
weibull,59.77959855717483,72.0027349445526,14.0,0.7,23.63307505291066,51.82985558583315,0.6,95.47087369954635,1000,472,274,274,0.274,1.0,0.0,0.45673266121262623,0.9562043795620438,0.9562043795620438,68.54639414377189,63.9109094955087,75.88829510131342,0.5024781623448569,2.6394941464801978,19.0,36.0
weibull,60.549731598355464,72.40752518304437,19.0,0.5,39.54601063910655,28.728965980328912,0.7,48.49670065754502,1000,446,274,274,0.274,1.0,0.0,0.7601048984966119,0.19708029197080293,0.19708029197080293,68.56358345598008,64.05269850732718,76.95829544421959,0.676231759092716,1.513142181274522,24.0,30.0
weibull,59.858887090536705,70.69686962907767,19.0,0.5,39.54601063910655,31.697863849222255,0.6,58.38763627428827,1000,455,274,274,0.274,1.0,0.0,0.7051930102905376,0.2956204379562044,0.2956204379562044,71.24736506241169,65.05909543404564,81.56525887063516,0.6506413941074228,1.6593512972853877,24.0,31.0
weibull,59.35799838385941,72.09631923280796,19.0,0.7,32.073459000378755,34.97357243180279,0.6,64.42150916143456,1000,435,274,274,0.274,1.0,0.0,0.6163201292848106,0.5948905109489051,0.5948905109489051,68.49511668323557,63.60836977172717,75.56610115642856,0.6284437894360251,1.769680573005268,21.0,33.0
weibull,61.4833884995314,71.0663747078746,11.5,0.5,23.93574328156449,51.82985558583315,0.5,107.87705370635337,1000,395,273,273,0.273,1.0,0.0,0.4931920163937982,0.9194139194139194,0.9194139194139194,73.8045257579397,66.26645206515667,84.96935322249294,0.5074245468031632,2.6340238936286235,20.0,35.0
weibull,59.79910273892406,71.04120492099547,13.0,0.6,23.946070157165224,51.82985558583315,0.6,95.47087369954635,1000,483,273,273,0.273,1.0,0.0,0.4720435881881103,0.9157509157509157,0.9157509157509157,69.85478329214868,63.55924341471338,78.4979011629405,0.4959168171305154,2.684638634200478,19.0,35.0
weibull,59.23335974186637,71.46273675618167,14.5,0.7,24.47711344765747,51.82985558583315,0.6,95.47087369954635,1000,450,273,273,0.273,1.0,0.0,0.4757674304023019,0.9230769230769231,0.9230769230769231,68.40720767846878,63.086627069021176,75.57719886220148,0.5130391699357116,2.5444839101000003,19.0,35.0
weibull,59.85390513197452,72.1472895737054,14.5,0.7999999999999999,22.92641639635748,63.0957344480193,0.5,131.32550451387436,1000,475,273,273,0.273,1.0,0.0,0.4156808669286045,0.9853479853479854,0.9853479853479854,68.60990521954557,63.893015146731955,77.25909302995782,0.48533976588560096,2.7714496290306805,17.0,37.0
weibull,58.58786761307837,72.14545058189492,18.5,0.8999999999999999,27.79920186822422,46.975347139277204,0.5,97.77303040766209,1000,393,273,273,0.273,1.0,0.0,0.5027570329743314,0.9267399267399268,0.9267399267399268,67.44257525156317,63.08909511031648,73.59341779675806,0.6129507786506956,1.876493468123197,19.0,35.0
weibull,58.98959211983142,72.63495856364304,19.0,0.8999999999999999,28.550531648446494,42.5755235841089,0.5,88.61537413803697,1000,449,273,273,0.273,1.0,0.0,0.522258809235719,0.8901098901098901,0.8901098901098901,67.11782376276136,63.051528468096016,73.38300894395618,0.6309833944017124,1.7847633736515187,19.0,35.0
weibull,58.85031216344978,71.52921212191387,20.0,0.6,36.840107934100345,31.697863849222255,0.7,53.50842824040094,1000,453,272,272,0.272,1.0,0.0,0.706847815364568,0.29411764705882354,0.29411764705882354,67.72233063688219,63.34698854196174,75.24140198922979,0.6654017516576137,1.567366255531864,23.0,31.0
weibull,58.581120849435564,71.27871594663013,20.0,0.7,33.76153578987237,34.97357243180279,0.6,64.42150916143456,1000,454,272,272,0.272,1.0,0.0,0.6336138108178462,0.5036764705882353,0.5036764705882353,68.12133920335063,63.64103237646767,74.9327424481282,0.6640249186779945,1.576974082335099,22.0,33.0
weibull,60.364726938509946,72.50715856932094,12.5,0.5,26.017112262570098,38.587798044080735,0.7999999999999999,61.01240867428577,1000,479,271,271,0.271,1.0,0.0,0.5702602345890964,0.7343173431734318,0.7343173431734318,68.05466725495484,63.51662426991836,74.23265679818638,0.49335456324554494,2.7048230631604304,21.0,33.0
weibull,60.76765548412426,73.01154629833322,13.0,0.6,23.946070157165224,42.5755235841089,0.7,71.87075316287239,1000,474,270,270,0.27,1.0,0.0,0.4978660821480992,0.8925925925925926,0.8925925925925926,67.68280029516981,63.55250050932016,74.39520047440341,0.4940231682471589,2.68704551825748,20.0,34.0
weibull,58.804538115430724,72.92507295782697,16.5,0.9999999999999999,23.8044681746679,63.0957344480193,0.5,131.32550451387436,1000,435,270,270,0.27,1.0,0.0,0.3952396553532306,0.9962962962962963,0.9962962962962963,66.72772514937947,63.216471786448025,73.24345120338069,0.49898829429586533,2.6684713035008585,16.0,38.0
weibull,60.602166005472746,73.36284390424126,17.5,0.6,32.235094442337804,31.697863849222255,0.7,53.50842824040094,1000,424,270,270,0.27,1.0,0.0,0.6601397104620295,0.4148148148148148,0.4148148148148148,67.56528268048474,63.40044309978052,74.14911698410337,0.6186793057362315,1.8464550253659242,23.0,32.0
weibull,58.94086349483103,72.49940943291172,18.5,0.7,31.229420605631944,34.97357243180279,0.7,59.03807586780019,1000,432,270,270,0.27,1.0,0.0,0.6271905844983892,0.5333333333333333,0.5333333333333333,66.70215850626974,63.057301471910385,73.78022836495761,0.6246109019964001,1.8056014128954667,22.0,32.0
weibull,58.56779665948821,71.07866280810867,19.0,0.5,39.54601063910655,31.697863849222255,0.7999999999999999,50.1185121022287,1000,416,270,270,0.27,1.0,0.0,0.7419880122643543,0.2222222222222222,0.2222222222222222,68.13160616816668,63.17970613110209,74.78942909443958,0.6328648809247563,1.7519158471752636,24.0,30.0
weibull,59.645367613493335,73.22357887711243,19.0,0.5,39.54601063910655,28.728965980328912,0.8999999999999999,43.16985539202754,1000,428,269,269,0.269,1.0,0.0,0.7845662968422414,0.12639405204460966,0.12639405204460966,67.27633220898154,63.10284768578409,72.80408870807265,0.6378436358552778,1.7310072355237167,25.0,29.0
weibull,59.1481386498932,72.29304971550843,15.0,0.6,27.63008095057526,38.587798044080735,0.7999999999999999,61.01240867428577,1000,435,268,268,0.268,1.0,0.0,0.556962319486185,0.7910447761194029,0.7910447761194029,67.4947046665445,63.470778387756354,73.79826190534494,0.5189442610025266,2.5015760520691743,21.0,33.0
weibull,60.53068049415229,73.35406450182111,18.0,0.7999999999999999,28.460378974788597,38.587798044080735,0.5,80.31544589425852,1000,436,268,268,0.268,1.0,0.0,0.5521107691621385,0.7723880597014925,0.7723880597014925,68.49647704986543,63.61456112268452,74.96822647542439,0.6403327588213636,1.7279584059426643,20.0,34.0
weibull,60.62831843007466,72.54673299554221,18.5,0.7,31.229420605631944,34.97357243180279,0.5,72.7929088145072,1000,438,268,268,0.268,1.0,0.0,0.6034586978988152,0.6119402985074627,0.6119402985074627,69.65210893104322,64.19303150075092,76.8973662596512,0.6586297688180134,1.5995199534044005,21.0,33.0
weibull,60.05527719153565,72.86307863552418,18.5,0.7999999999999999,29.250945057421614,38.587798044080735,0.5,80.31544589425852,1000,434,268,268,0.268,1.0,0.0,0.5722321762296011,0.7798507462686567,0.7798507462686567,67.43186484133028,63.25806120479452,74.05547901590218,0.6501602235978667,1.6368352441763552,20.0,34.0
weibull,59.89415933738743,70.78582836511742,19.0,0.6,34.998102537395326,34.97357243180279,0.5,72.7929088145072,1000,452,268,268,0.268,1.0,0.0,0.6478934958939486,0.4664179104477612,0.4664179104477612,72.27182572341013,64.93880687604755,80.46365118171315,0.661824580061778,1.5902760183663325,22.0,33.0
weibull,58.53160212374681,72.898119165341,18.0,0.7999999999999999,28.460378974788597,38.587798044080735,0.7,65.13916623587994,1000,421,267,267,0.267,1.0,0.0,0.5520643062082089,0.7752808988764045,0.7752808988764045,66.20020599973408,63.02571925260976,71.81101477748624,0.5931270754562715,2.0022311956221786,20.0,34.0
weibull,58.662810808960685,73.03326629237719,18.0,0.9999999999999999,25.968510736001345,51.82985558583315,0.5,107.87705370635337,1000,419,267,267,0.267,1.0,0.0,0.4670197138046416,0.9625468164794008,0.9625468164794008,67.21440014940124,63.24751848004308,72.24604342997597,0.5920979066240746,2.0074160664238705,18.0,36.0
weibull,58.65572716785417,71.34504727936422,19.0,0.7999999999999999,30.04151114005463,42.5755235841089,0.5,88.61537413803697,1000,451,267,267,0.267,1.0,0.0,0.5534879652168736,0.7865168539325843,0.7865168539325843,68.33947881254586,63.59300040280348,76.72931915659143,0.6655065116720892,1.5632046688326866,20.0,34.0
weibull,59.8416373880005,71.6873521313433,19.5,0.6,35.919105235747836,31.697863849222255,0.6,58.38763627428827,1000,469,267,267,0.267,1.0,0.0,0.6743407223803444,0.3595505617977528,0.3595505617977528,69.07196524742737,63.52073637417105,76.5912098961488,0.6675336936924134,1.5641834396856864,23.0,32.0
weibull,59.989779126271664,71.81991191759707,20.0,0.5,41.62737962011216,28.728965980328912,0.7,48.49670065754502,1000,458,267,267,0.267,1.0,0.0,0.7755466972153894,0.18726591760299627,0.18726591760299627,69.3772439209384,63.901888250985074,77.12258673146364,0.6844972804704693,1.4566343617547277,24.0,30.0
weibull,59.647848895020054,71.80738350045296,14.0,0.7999999999999999,22.135850313724465,69.616149824864,0.5,144.89689482251092,1000,477,266,266,0.266,1.0,0.0,0.3874164460105219,0.9962406015037594,0.9962406015037594,69.20344874499295,63.83004280024999,77.51948767117548,0.48325457696819984,2.7783576387633557,16.0,38.0
weibull,58.95038273250581,72.13751450193334,15.5,0.7999999999999999,24.507548561623512,51.82985558583315,0.6,95.47087369954635,1000,474,266,266,0.266,1.0,0.0,0.45221989174129873,0.9511278195488722,0.9511278195488722,67.53310945632803,63.599633640631225,73.73159872890955,0.5215377752924363,2.468699986391739,18.0,36.0
weibull,60.97663663867236,71.91504065809866,17.5,0.6,32.235094442337804,34.97357243180279,0.5,72.7929088145072,1000,431,266,266,0.266,1.0,0.0,0.6120554607445496,0.5902255639097744,0.5902255639097744,71.35447813755192,64.34679771818921,79.48389360392528,0.6536671300680612,1.6542495633337357,21.5,33.0
weibull,60.115064655203426,72.96668836312755,19.5,0.7,32.917497395125565,31.697863849222255,0.6,58.38763627428827,1000,465,266,266,0.266,1.0,0.0,0.6464124574081778,0.4548872180451128,0.4548872180451128,67.53701855721394,63.40378068647718,74.75893236896827,0.6746203875175313,1.5150866459181174,22.0,32.0
weibull,59.49521706711616,71.63007896233833,13.5,0.5,28.09848124357571,38.587798044080735,0.7999999999999999,61.01240867428577,1000,443,265,265,0.265,1.0,0.0,0.578889109347513,0.6981132075471698,0.6981132075471698,68.45443365133784,63.77578870451153,75.97758975193135,0.5008197187716684,2.6184565663806865,21.0,33.0
weibull,59.01284059535839,73.26219546089217,17.0,0.9999999999999999,24.52581569511238,57.18603679678211,0.5,119.02524313546759,1000,408,265,265,0.265,1.0,0.0,0.4256078849570069,0.9924528301886792,0.9924528301886792,66.43235675448707,62.91120940536333,72.86723084447624,0.5419685089467317,2.3232633309513733,17.0,37.0
weibull,60.89168716790102,72.78667691546667,18.0,0.6,33.15609714069031,31.697863849222255,0.6,58.38763627428827,1000,428,265,265,0.265,1.0,0.0,0.6676528098413846,0.4,0.4,68.58430890812794,63.43287229109285,76.12281302098467,0.6600221627520065,1.5771583345061468,23.0,32.0
weibull,59.25709164144374,71.94530172140205,20.5,0.5,42.668064110614964,28.728965980328912,0.7999999999999999,45.424292186331655,1000,447,265,265,0.265,1.0,0.0,0.791655251470605,0.12075471698113208,0.12075471698113208,67.98101943520794,63.398977190880885,73.69920427509986,0.6617435412255182,1.5963601717164362,24.0,30.0
weibull,58.74216948463933,71.40149537977578,21.5,0.5,44.749433091620574,28.728965980328912,0.7999999999999999,45.424292186331655,1000,459,265,265,0.265,1.0,0.0,0.8033557270769228,0.13962264150943396,0.13962264150943396,67.39596302591397,63.18671731907375,74.73096547353518,0.6663180429851143,1.5380847809119544,25.0,29.0
weibull,58.890120930695794,72.42591756055799,19.0,0.6,34.998102537395326,31.697863849222255,0.7999999999999999,50.1185121022287,1000,437,264,264,0.264,1.0,0.0,0.6822635030235955,0.35984848484848486,0.35984848484848486,66.82290224057095,63.39225961863929,72.23297779840382,0.607609548755656,1.9056414398032042,23.0,31.0
weibull,60.345998472127754,72.55815233936777,13.5,0.7,22.78903665816385,51.82985558583315,0.6,95.47087369954635,1000,496,263,263,0.263,1.0,0.0,0.4646790138844773,0.9771863117870723,0.9771863117870723,68.04997342412604,63.21838584946851,76.03695036293578,0.5034041923686882,2.637458787728735,18.0,35.0
weibull,58.5850608995198,70.62274981711644,14.0,0.6,25.788075553870243,46.975347139277204,0.7,79.29799318421931,1000,457,263,263,0.263,1.0,0.0,0.5214946126303945,0.8821292775665399,0.8821292775665399,68.64433987861321,63.66468610724956,76.34720338351043,0.5008000077930003,2.6029707209074795,20.0,34.0
weibull,59.36000066080679,72.46498502240948,14.5,0.5,30.179850224581315,34.97357243180279,0.8999999999999999,52.5533729775485,1000,451,263,263,0.263,1.0,0.0,0.6288932063175159,0.5171102661596958,0.5171102661596958,67.32166161135055,63.385266103200145,74.50695967806982,0.525607134466944,2.467164723828423,23.0,32.0
weibull,58.67357624476008,71.90011573238304,16.0,0.7,27.009228631897898,42.5755235841089,0.7,71.87075316287239,1000,429,263,263,0.263,1.0,0.0,0.508269063278696,0.8783269961977186,0.8783269961977186,67.0870105544877,63.34726330528781,72.4034327228461,0.5223234551690609,2.4930418289995506,20.0,34.0
weibull,60.577204490112116,70.9669466380407,12.0,0.5,24.976427772067296,46.975347139277204,0.6,86.52884294264021,1000,407,262,262,0.262,1.0,0.0,0.5249445263713912,0.851145038167939,0.851145038167939,71.3849286520217,64.87225607716164,82.27090594151505,0.5076786294299257,2.6111303838840767,21.0,34.0
weibull,58.50309975331787,72.62925814869921,16.5,0.7,27.85326702664471,38.587798044080735,0.7999999999999999,61.01240867428577,1000,423,262,262,0.262,1.0,0.0,0.5562558005257299,0.7786259541984732,0.7786259541984732,66.58763825124637,62.871819140248085,72.13300063040768,0.5365510264965516,2.375299601765083,21.0,33.5
weibull,58.62823978251037,72.74666921270261,17.0,0.5,35.383272677095334,31.697863849222255,0.9999999999999999,45.7303509820465,1000,422,262,262,0.262,1.0,0.0,0.7359154252787732,0.21755725190839695,0.21755725190839695,66.61065853177703,63.09465650681326,72.35189580076955,0.5954765512293092,1.9681731002697878,24.0,30.0
weibull,60.074733987493616,73.22823521239837,14.0,0.6,25.788075553870243,38.587798044080735,0.7999999999999999,61.01240867428577,1000,442,261,261,0.261,1.0,0.0,0.55320302976832,0.7777777777777778,0.7777777777777778,66.95729472560522,63.13366001909557,72.75083991688771,0.5053291479948868,2.6154783040206953,21.0,33.0
weibull,59.67473896575459,72.90794527575312,15.0,0.7,25.32115184240428,42.5755235841089,0.7,71.87075316287239,1000,440,261,261,0.261,1.0,0.0,0.5079034578890494,0.8659003831417624,0.8659003831417624,66.70123787635964,63.15921531453634,73.21994352462575,0.522949885858039,2.4738104586436007,19.0,34.0
weibull,61.45732465373236,71.45446052253868,17.5,0.5,36.42395716759814,31.697863849222255,0.5,65.97495057991023,1000,403,261,261,0.261,1.0,0.0,0.6769344760760269,0.36398467432950193,0.36398467432950193,72.92297311089644,65.73448563431843,82.97527544041213,0.6735363144878173,1.5163820817099598,23.0,32.0
weibull,60.18121136174429,72.04412438152698,19.0,0.6,34.998102537395326,31.697863849222255,0.6,58.38763627428827,1000,459,261,261,0.261,1.0,0.0,0.6749075316407147,0.3486590038314176,0.3486590038314176,68.63572921351917,64.13469216584188,76.75585145528427,0.6650330645163675,1.5897900624194155,22.0,32.0
weibull,59.754555506540456,72.86688089027699,14.0,0.5,29.13916573407851,34.97357243180279,0.8999999999999999,52.5533729775485,1000,440,260,260,0.26,1.0,0.0,0.6210457063067738,0.5692307692307692,0.5692307692307692,66.91090008567829,63.44139140011406,72.1890394659866,0.5155154003026197,2.535625577335978,22.0,31.0
weibull,59.721517520879644,71.53746974279096,20.5,0.5,42.668064110614964,28.728965980328912,0.7,48.49670065754502,1000,459,260,260,0.26,1.0,0.0,0.75775753171053,0.17307692307692307,0.17307692307692307,69.7687079852503,63.986776500204414,77.68960671320107,0.6719722865891169,1.5238198231781805,24.0,30.0
weibull,58.52981929155112,71.19031054781061,20.5,0.6,37.761110632452855,31.697863849222255,0.7,53.50842824040094,1000,432,260,260,0.26,1.0,0.0,0.6985616455159429,0.3153846153846154,0.3153846153846154,68.40071899402206,64.0534638400489,75.34790868336555,0.6562094375331646,1.5961863684047468,23.0,31.0
weibull,59.50410620116359,73.16533484449457,18.5,0.8999999999999999,27.79920186822422,42.5755235841089,0.5,88.61537413803697,1000,421,259,259,0.259,1.0,0.0,0.5149619052060866,0.8996138996138996,0.8996138996138996,67.08084535486898,63.21349142232724,73.3964916780787,0.6256584166255011,1.7889637093947413,19.0,35.0
weibull,59.51183482100625,71.3397048921808,20.0,0.6,36.840107934100345,31.697863849222255,0.6,58.38763627428827,1000,451,257,257,0.257,1.0,0.0,0.6658556693414491,0.3968871595330739,0.3968871595330739,69.4508027439885,64.12906404397381,77.13922223430343,0.6615546681757145,1.5907780604429407,23.0,32.0
weibull,59.074668422148235,71.11282991238721,13.5,0.6,24.867072855517733,46.975347139277204,0.7,79.29799318421931,1000,468,256,256,0.256,1.0,0.0,0.5000347696139915,0.90234375,0.90234375,69.24877603134728,64.0651207385163,76.54158601959936,0.48339897620387934,2.7871129168825393,19.0,35.0
weibull,58.641915992332514,72.98683686398265,18.5,0.6,34.07709983904282,31.697863849222255,0.8999999999999999,47.63109815870358,1000,414,256,256,0.256,1.0,0.0,0.6859542663809575,0.36328125,0.36328125,66.08647845065548,62.934686586262956,71.05094473840401,0.5832554438054571,2.0750860201259735,23.0,30.5
weibull,59.07082163808186,72.75248077877558,20.0,0.7,33.76153578987237,31.697863849222255,0.7,53.50842824040094,1000,444,256,256,0.256,1.0,0.0,0.664975733160744,0.390625,0.390625,67.17086420733352,63.15609062971765,73.26178119107743,0.6544112374978617,1.6259752345595468,22.0,31.0
weibull,59.460569852020015,71.26215666690214,21.0,0.5,43.70874860111777,28.728965980328912,0.7,48.49670065754502,1000,483,256,256,0.256,1.0,0.0,0.7866411158930551,0.09375,0.09375,69.17325138904681,63.48137571416427,76.8916514786618,0.6927733060252077,1.4136422896507224,25.0,30.0
weibull,61.05958479299718,71.44812352623308,11.5,0.5,23.93574328156449,46.975347139277204,0.6,86.52884294264021,1000,445,255,255,0.255,1.0,0.0,0.513020594674491,0.8823529411764706,0.8823529411764706,71.72923315957195,65.19650761321404,81.07159847834743,0.49506683794969847,2.7320005954088864,20.0,34.0
weibull,59.84112563205178,71.05570846809943,13.0,0.7,21.94499826341704,69.616149824864,0.5,144.89689482251092,1000,473,255,255,0.255,1.0,0.0,0.4131840840256041,0.9921568627450981,0.9921568627450981,69.76728507840605,64.5150452098227,78.84293408510052,0.4846691823889842,2.787867926602541,17.0,37.0
weibull,58.556205867157885,72.0782103609702,21.0,0.5,43.70874860111777,28.728965980328912,0.8999999999999999,43.16985539202754,1000,458,255,255,0.255,1.0,0.0,0.8069659121573793,0.09019607843137255,0.09019607843137255,66.8404268200319,63.27848948048875,73.67906382726866,0.6612623951597633,1.5632017248880103,25.0,29.0
weibull,60.52158648517264,71.75750541973675,12.0,0.5,24.976427772067296,42.5755235841089,0.7,71.87075316287239,1000,437,254,254,0.254,1.0,0.0,0.5336439186987719,0.8110236220472441,0.8110236220472441,70.23644314435705,64.4963392857466,77.6410143747276,0.484131746998778,2.766774164923449,20.5,34.0
weibull,58.91164862179321,73.18862483730635,17.0,0.8999999999999999,25.54521252755739,46.975347139277204,0.6,86.52884294264021,1000,427,254,254,0.254,1.0,0.0,0.4656751525117735,0.9291338582677166,0.9291338582677166,66.72619710362974,62.87897221361166,71.74907669365125,0.536013154048081,2.3833247657710164,18.0,36.0
weibull,59.191341949107596,71.00080331807754,20.5,0.6,37.761110632452855,31.697863849222255,0.6,58.38763627428827,1000,466,254,254,0.254,1.0,0.0,0.6980065131021803,0.29133858267716534,0.29133858267716534,69.6433688015344,64.02419664111426,77.901136454402,0.6861833287444765,1.4536191728085943,23.0,31.0
weibull,59.97455348264548,73.31729709757504,15.5,0.7999999999999999,24.507548561623512,46.975347139277204,0.6,86.52884294264021,1000,422,253,253,0.253,1.0,0.0,0.475829560415099,0.9407114624505929,0.9407114624505929,67.08748740467709,63.10329613386501,73.28793895819454,0.5262904644042097,2.4655455044933574,18.0,35.0
weibull,59.52535324683576,72.22774389620815,20.0,0.5,41.62737962011216,28.728965980328912,0.7999999999999999,45.424292186331655,1000,455,253,253,0.253,1.0,0.0,0.7752986103250981,0.19367588932806323,0.19367588932806323,67.70663522161159,63.36111318487227,73.9902612840003,0.6479648769809649,1.6542662600043379,24.0,29.0
weibull,61.0039667880577,72.23868230792911,11.5,0.5,23.93574328156449,42.5755235841089,0.7,71.87075316287239,1000,490,252,252,0.252,1.0,0.0,0.522009436944777,0.8571428571428571,0.8571428571428571,69.7574578102695,63.847007446192066,76.97437592252638,0.4769748014291487,2.854117447143886,20.0,34.0
weibull,60.47111127093689,72.74252121893942,14.0,0.7999999999999999,22.135850313724465,63.0957344480193,0.5,131.32550451387436,1000,457,252,252,0.252,1.0,0.0,0.4025593108296793,0.996031746031746,0.996031746031746,67.03176375707727,63.34185346072425,75.1722783920469,0.49321601322843195,2.726869916964473,17.0,37.0
weibull,58.85806369508137,73.27810523031802,18.0,0.8999999999999999,27.04787208800194,42.5755235841089,0.6,78.42434420947033,1000,419,252,252,0.252,1.0,0.0,0.5225493687472916,0.8611111111111112,0.8611111111111112,66.1018735496657,62.75238709425441,71.11382266658875,0.6086500319105841,1.9163972649357306,19.0,35.0
weibull,60.20191248706657,73.43307813351942,14.5,0.7,24.47711344765747,42.5755235841089,0.7,71.87075316287239,1000,443,251,251,0.251,1.0,0.0,0.493754514432559,0.9163346613545816,0.9163346613545816,67.02695873925624,63.03304317234233,73.04929452482453,0.5078542560524805,2.5721236844515007,19.0,34.0
weibull,59.52689126834789,72.70484210154527,15.0,0.7999999999999999,23.7169824789905,51.82985558583315,0.6,95.47087369954635,1000,446,251,251,0.251,1.0,0.0,0.44647513077162043,0.9681274900398407,0.9681274900398407,66.99375558267086,63.21812313688453,74.46314628580845,0.5108894620293242,2.5677518564473156,17.0,36.0
weibull,60.22216980570532,72.1222808188108,19.0,0.7,32.073459000378755,34.97357243180279,0.5,72.7929088145072,1000,466,251,251,0.251,1.0,0.0,0.5971264869655253,0.6374501992031872,0.6374501992031872,70.03809513502163,64.10925209415082,76.84120851630317,0.6617587099972813,1.5990787349011284,21.0,33.0
weibull,60.55248522679938,70.51055701894404,19.0,0.5,39.54601063910655,31.697863849222255,0.5,65.97495057991023,1000,448,250,250,0.25,1.0,0.0,0.7118856564651965,0.3,0.3,73.3788837434677,65.87010509228121,84.23579274317709,0.682534203970647,1.4779385233986067,23.0,32.0
weibull,60.06130077580722,73.25484763571721,15.0,0.8999999999999999,22.539893406668284,63.0957344480193,0.5,131.32550451387436,1000,452,249,249,0.249,1.0,0.0,0.3977857212364779,1.0,1.0,67.28122047472905,63.166046735151205,73.79003044419264,0.49684896303685655,2.6792004078695864,16.0,38.0
weibull,58.95412707925316,73.06573001487476,16.0,0.6,29.47208634728028,34.97357243180279,0.8999999999999999,52.5533729775485,1000,436,249,249,0.249,1.0,0.0,0.6060474050498844,0.5863453815261044,0.5863453815261044,66.09029926142456,62.79143593643309,71.8019575828614,0.5333330428952835,2.419605256259793,22.0,32.0
weibull,58.8217787346907,73.01349526211469,16.5,0.7999999999999999,26.088680726889546,42.5755235841089,0.7,71.87075316287239,1000,424,249,249,0.249,1.0,0.0,0.4942527284381606,0.8835341365461847,0.8835341365461847,66.4263545361288,62.921985828948046,71.45029788386171,0.5099734020310686,2.555058124095497,19.0,35.0
weibull,60.66438800796861,71.99084618658588,13.0,0.7,21.94499826341704,63.0957344480193,0.5,131.32550451387436,1000,464,248,248,0.248,1.0,0.0,0.43007928521500366,0.9798387096774194,0.9798387096774194,70.18796776360384,64.44349328462948,77.44030867788813,0.4949543128500548,2.70553532554296,17.0,37.0
weibull,61.04704996825316,72.98215627681974,18.0,0.7,30.385382210885133,34.97357243180279,0.5,72.7929088145072,1000,430,248,248,0.248,1.0,0.0,0.6028747026881984,0.6290322580645161,0.6290322580645161,68.50599156907023,64.31462875536047,77.60238779505478,0.6709746956059304,1.5672278164573403,21.0,33.0
weibull,58.550546956952005,72.06914531037431,19.5,0.6,35.919105235747836,31.697863849222255,0.7999999999999999,50.1185121022287,1000,409,248,248,0.248,1.0,0.0,0.6846878426207226,0.3629032258064516,0.3629032258064516,67.39307152582873,63.18047281863138,73.30866696784263,0.6193051059831369,1.8408004619498683,23.0,31.0
weibull,58.5975631130546,71.7051507671984,15.5,0.8999999999999999,23.291223186890562,69.616149824864,0.5,144.89689482251092,1000,466,247,247,0.247,1.0,0.0,0.4003314765369998,0.9959514170040485,0.9959514170040485,67.72180482551767,63.12266559471066,75.00903846529258,0.5055255785323077,2.6483376391419533,16.0,38.0
weibull,58.978925635788215,73.11299888925205,16.0,0.7,27.009228631897898,38.587798044080735,0.7999999999999999,61.01240867428577,1000,426,247,247,0.247,1.0,0.0,0.5399617886797582,0.7975708502024291,0.7975708502024291,65.99477716320868,63.15618148440522,71.94462210502589,0.528423648781014,2.4495894939261444,20.0,33.0
weibull,60.243999181132935,71.15212775996116,18.5,0.6,34.07709983904282,34.97357243180279,0.5,72.7929088145072,1000,416,247,247,0.247,1.0,0.0,0.6509222887535924,0.44534412955465585,0.44534412955465585,71.3928629176512,64.81025236577291,80.82513976493965,0.6861570017344549,1.448883081288996,22.0,32.0
weibull,58.90278481299822,73.44207605843255,19.0,0.8999999999999999,28.550531648446494,38.587798044080735,0.6,71.07893224416003,1000,416,247,247,0.247,1.0,0.0,0.5486680645541641,0.8421052631578947,0.8421052631578947,66.33989734940482,63.09953414574041,72.15178972064489,0.6203816145731189,1.8081122664028366,19.0,34.0
weibull,58.95962497131762,73.08965529388506,16.5,0.5,34.34258818659253,31.697863849222255,0.9999999999999999,45.7303509820465,1000,430,246,246,0.246,1.0,0.0,0.7022770628268673,0.2845528455284553,0.2845528455284553,65.95194901883312,62.91051829613982,70.8836454312665,0.5607986471970244,2.2127932402403445,24.0,30.0
weibull,59.689893523517,73.41368879657725,19.0,0.7999999999999999,30.04151114005463,34.97357243180279,0.6,64.42150916143456,1000,422,246,246,0.246,1.0,0.0,0.6008750536923265,0.6056910569105691,0.6056910569105691,66.51613728407031,62.8623212515878,73.13104360366418,0.6559756987214114,1.6500090980164153,21.0,33.0
weibull,58.807919500862326,72.48810668144796,20.0,0.7999999999999999,31.62264330532066,34.97357243180279,0.6,64.42150916143456,1000,427,246,246,0.246,1.0,0.0,0.6110184895181683,0.6056910569105691,0.6056910569105691,67.17470083046145,63.2665071499716,72.88859775599542,0.6551598400476947,1.6051008791146026,21.0,33.0
weibull,59.13260007256088,72.13694133946791,14.5,0.7999999999999999,22.92641639635748,57.18603679678211,0.6,105.33698839584436,1000,478,245,245,0.245,1.0,0.0,0.422040870172752,0.9795918367346939,0.9795918367346939,68.08449423970694,63.99807570162161,73.84776898449863,0.48747987093378486,2.7088191075656196,17.0,37.0
weibull,61.146439384199596,71.13094722357985,18.0,0.5,37.464641658100945,31.697863849222255,0.5,65.97495057991023,1000,438,245,245,0.245,1.0,0.0,0.6844517844431393,0.33877551020408164,0.33877551020408164,71.86864345403377,65.57644162323352,83.37029018679783,0.6676512959958523,1.5684710882007362,23.0,32.0
weibull,58.82397422415493,73.34848154215855,19.5,0.7,32.917497395125565,31.697863849222255,0.7999999999999999,50.1185121022287,1000,398,245,245,0.245,1.0,0.0,0.6633812589460583,0.4326530612244898,0.4326530612244898,66.25640348487408,63.080901159095404,71.7901539870843,0.6349652473734283,1.75590393326571,22.0,31.0
weibull,59.45354199764695,73.15619559286061,19.5,0.7,32.917497395125565,31.697863849222255,0.7,53.50842824040094,1000,434,245,245,0.245,1.0,0.0,0.6618934358092609,0.3877551020408163,0.3877551020408163,66.98963765871312,62.92692006793138,73.55075757092266,0.6768535877402595,1.488286508355762,22.0,32.0
weibull,58.96384120900065,71.68243076071516,19.5,0.7,32.917497395125565,34.97357243180279,0.6,64.42150916143456,1000,419,245,245,0.245,1.0,0.0,0.6314081161624803,0.5224489795918368,0.5224489795918368,68.20222476353824,64.01050408698727,74.75860806372171,0.6465641694156201,1.6776700791646462,21.0,32.0
weibull,60.32808961444919,71.56419861388353,12.5,0.6,23.025067458812718,51.82985558583315,0.6,95.47087369954635,1000,453,244,244,0.244,1.0,0.0,0.46232279961274614,0.9467213114754098,0.9467213114754098,70.00512890340613,64.12131721137658,77.98980292764843,0.4882082520437764,2.7660409736649068,19.0,36.0
weibull,60.1065602216599,72.97142074421157,19.5,0.7999999999999999,30.832077222687644,34.97357243180279,0.5,72.7929088145072,1000,441,244,244,0.244,1.0,0.0,0.5795039545724134,0.7008196721311475,0.7008196721311475,67.93788495023372,63.04867842527666,75.4561788352555,0.6810865728363992,1.4873517637809783,20.0,34.0
weibull,61.352260364588865,72.74398120952523,12.5,0.6,23.025067458812718,46.975347139277204,0.6,86.52884294264021,1000,443,243,243,0.243,1.0,0.0,0.4752319938664094,0.9012345679012346,0.9012345679012346,69.5583690218203,64.1026157007632,76.55175252728259,0.48617087951426924,2.7811513666748007,19.0,35.0
weibull,59.56382760542935,72.58047408347741,14.0,0.7,23.63307505291066,46.975347139277204,0.7,79.29799318421931,1000,497,243,243,0.243,1.0,0.0,0.4818684807760595,0.9629629629629629,0.9629629629629629,66.64902208101614,62.972550684266196,72.90165830112028,0.4854226799999955,2.754210571975266,19.0,35.0
weibull,59.30216693196872,73.44316475174075,16.0,0.5,33.301903696089724,31.697863849222255,0.9999999999999999,45.7303509820465,1000,418,243,243,0.243,1.0,0.0,0.6883902788072082,0.345679012345679,0.345679012345679,66.24406084477295,63.09451381723898,71.78375016374054,0.5615924429756816,2.2300456329776033,23.0,30.0
weibull,59.0175887901209,72.04047589510648,14.5,0.7,24.47711344765747,46.975347139277204,0.7,79.29799318421931,1000,440,242,242,0.242,1.0,0.0,0.46824970818701417,0.9090909090909091,0.9090909090909091,67.20564941882586,63.25951762939085,74.65459863306143,0.4859871698459785,2.729442762158503,19.0,35.0
weibull,59.03064275605769,71.21215185521893,14.5,0.7999999999999999,22.92641639635748,69.616149824864,0.5,144.89689482251092,1000,459,242,242,0.242,1.0,0.0,0.4013897702702999,0.9834710743801653,0.9834710743801653,68.68970228252911,64.70023421461711,77.5245143539206,0.48976914634569074,2.738950986350659,17.0,37.0
weibull,61.02167636556215,72.99154652071859,19.5,0.6,35.919105235747836,28.728965980328912,0.6,52.9189103775207,1000,466,242,242,0.242,1.0,0.0,0.7099200696092838,0.2892561983471074,0.2892561983471074,68.81337657485625,63.604681976322006,76.2978740810471,0.6843859691181371,1.4776442203435374,23.0,31.0
weibull,59.428644794553236,73.15456256259668,19.5,0.8999999999999999,29.301861428668772,38.587798044080735,0.5,80.31544589425852,1000,433,242,242,0.242,1.0,0.0,0.5416562923687522,0.8181818181818182,0.8181818181818182,67.1608376405835,63.59419896813395,73.40073104937068,0.6532692927189274,1.6261096071186754,19.0,34.0
weibull,61.11715256688014,70.58754315510824,11.0,0.5,22.895058791061686,57.18603679678211,0.5,119.02524313546759,1000,415,241,241,0.241,1.0,0.0,0.47815185905284546,0.9377593360995851,0.9377593360995851,74.62229885612744,66.00033404552948,85.81447316984551,0.4805931772954361,2.8608748872941394,19.0,36.0
weibull,60.609438161001734,70.96626839132921,12.0,0.6,22.104064760460208,63.0957344480193,0.5,131.32550451387436,1000,436,241,241,0.241,1.0,0.0,0.44419396936524513,0.9585062240663901,0.9585062240663901,71.5106546071172,65.22420659873674,82.72733355913202,0.4904736775076545,2.723939224179655,18.0,36.0
weibull,60.1643204611895,73.28272139073192,13.5,0.5,28.09848124357571,34.97357243180279,0.8999999999999999,52.5533729775485,1000,429,241,241,0.241,1.0,0.0,0.6145606654069683,0.5601659751037344,0.5601659751037344,66.57573214608482,62.94297153872422,72.40989152067344,0.5225234548425762,2.5038628821592206,22.0,31.0
weibull,59.67209092270824,72.5140682674508,20.0,0.7999999999999999,31.62264330532066,34.97357243180279,0.5,72.7929088145072,1000,467,241,241,0.241,1.0,0.0,0.5944007163112714,0.6265560165975104,0.6265560165975104,68.50905038637652,63.59655957593269,75.33136716484793,0.6741884025897981,1.518653554837924,21.0,33.0
weibull,60.87878693675939,72.10497136462459,12.0,0.6,22.104064760460208,51.82985558583315,0.6,95.47087369954635,1000,470,240,240,0.24,1.0,0.0,0.46498591578253723,0.9833333333333333,0.9833333333333333,70.63799087168056,64.64887285005804,79.18036359117043,0.47912847991053287,2.78089438238068,19.0,35.0
weibull,61.456372538781,71.92379718357319,12.0,0.6,22.104064760460208,57.18603679678211,0.5,119.02524313546759,1000,441,240,240,0.24,1.0,0.0,0.4592568501527393,0.9833333333333333,0.9833333333333333,71.55702419680841,64.4378598897188,79.84499051489357,0.4979706327387641,2.702103589478349,18.0,36.0
weibull,58.5768729706692,72.91796494966125,18.0,0.7,30.385382210885133,34.97357243180279,0.7999999999999999,55.297840306184796,1000,396,240,240,0.24,1.0,0.0,0.6000498109414725,0.6291666666666667,0.6291666666666667,66.12332913137124,62.84592810505927,72.21697872362823,0.5677500083953289,2.1533293247805574,21.0,32.0
weibull,59.519688704187814,72.23363161126005,19.0,0.6,34.998102537395326,31.697863849222255,0.7,53.50842824040094,1000,415,240,240,0.24,1.0,0.0,0.6782529905908476,0.38333333333333336,0.38333333333333336,67.93167640136295,63.47597711899295,74.88397650576427,0.634872735172048,1.7359545777177068,23.0,31.0
weibull,61.30931617908584,73.45156546479812,11.5,0.5,23.93574328156449,38.587798044080735,0.7999999999999999,61.01240867428577,1000,446,239,239,0.239,1.0,0.0,0.5472549348595059,0.7573221757322176,0.7573221757322176,67.98451680604947,63.425583283440105,74.4988999579148,0.48890327706119574,2.759569256564601,21.0,33.0
weibull,60.82693587620078,72.97038857660576,12.0,0.5,24.976427772067296,38.587798044080735,0.7999999999999999,61.01240867428577,1000,442,238,238,0.238,1.0,0.0,0.5717489691540545,0.7563025210084033,0.7563025210084033,67.2572963271347,63.36212338101536,73.90158622552161,0.49664896312121065,2.664633742136651,21.0,32.0
weibull,60.754914312150284,71.70335184637693,19.5,0.5,40.58669512960935,28.728965980328912,0.6,52.9189103775207,1000,452,238,238,0.238,1.0,0.0,0.7511739771316727,0.226890756302521,0.226890756302521,69.92020396238055,64.40882219637278,79.09988046080443,0.6734071849706622,1.5189223786398474,24.0,30.0
weibull,58.996143972584115,71.66998864551324,21.0,0.5,43.70874860111777,28.728965980328912,0.7999999999999999,45.424292186331655,1000,443,238,238,0.238,1.0,0.0,0.7958751614527269,0.13025210084033614,0.13025210084033614,68.26383105323072,63.367618501482745,74.82183148811438,0.6521149258284994,1.639498644071221,25.0,29.0
weibull,59.20659536407523,70.9936634011647,21.5,0.5,44.749433091620574,28.728965980328912,0.7,48.49670065754502,1000,448,238,238,0.238,1.0,0.0,0.7800975060519555,0.13025210084033614,0.13025210084033614,69.24081422443962,63.83511932139806,77.6842485104464,0.6885549109885429,1.424710543037577,25.0,30.0
weibull,59.00255195474374,73.36309000307861,18.0,0.6,33.15609714069031,31.697863849222255,0.8999999999999999,47.63109815870358,1000,390,237,237,0.237,1.0,0.0,0.6916535073274993,0.3206751054852321,0.3206751054852321,65.99929229787716,63.08097896308535,71.96305768695865,0.6048088879578555,1.9025271832136685,23.0,31.0
weibull,60.53248189581926,73.39800768531,19.5,0.6,35.919105235747836,28.728965980328912,0.7,48.49670065754502,1000,433,237,237,0.237,1.0,0.0,0.7308020193748026,0.24050632911392406,0.24050632911392406,67.30020332266835,63.19990080775118,74.16931993834339,0.6734833001603066,1.511468385824367,24.0,31.0
weibull,60.84977829111189,72.80425112668291,21.0,0.5,43.70874860111777,26.03814219863106,0.7,43.95438348704343,1000,476,237,237,0.237,1.0,0.0,0.8167219159384742,0.11392405063291139,0.11392405063291139,69.51695711038724,63.79255238251298,76.09167202329849,0.7019652525003774,1.3732365652035319,25.0,29.0
weibull,58.788944722003535,70.85368373701974,14.0,0.7,23.63307505291066,57.18603679678211,0.6,105.33698839584436,1000,472,236,236,0.236,1.0,0.0,0.4529429875861102,0.961864406779661,0.961864406779661,69.27659370949854,63.50134916415246,77.20003699600048,0.48920087411083624,2.7230792825686256,18.0,36.0
weibull,58.712165402972374,71.45805730323906,20.0,0.7999999999999999,31.62264330532066,38.587798044080735,0.5,80.31544589425852,1000,437,236,236,0.236,1.0,0.0,0.5878236740220601,0.690677966101695,0.690677966101695,69.42511918473731,63.57569601157995,75.96005746567708,0.684425355218708,1.4577087247479037,21.0,34.0
weibull,58.879727084153835,70.67028929647051,21.0,0.6,38.682113330805365,31.697863849222255,0.6,58.38763627428827,1000,438,236,236,0.236,1.0,0.0,0.6993727888920334,0.2796610169491525,0.2796610169491525,70.18910443718852,63.86197366280144,78.57503402095409,0.6805210275184201,1.4730757182189778,23.0,31.0
weibull,58.62154279992492,71.41983919074244,13.5,0.5,28.09848124357571,38.587798044080735,0.8999999999999999,57.984323647441514,1000,440,235,235,0.235,1.0,0.0,0.5911882288945356,0.6638297872340425,0.6638297872340425,68.35450966013441,63.540743982018704,74.97582528903847,0.4914774659940368,2.6983259641280606,22.0,32.0
weibull,61.22464934175247,72.22411116623707,18.5,0.6,34.07709983904282,31.697863849222255,0.5,65.97495057991023,1000,435,235,235,0.235,1.0,0.0,0.6352813023963044,0.5063829787234042,0.5063829787234042,70.93816649211128,64.05614464303947,79.67480983250277,0.6520729339865141,1.6671221488558188,22.0,32.0
weibull,61.038926068098355,72.00106401845295,19.0,0.5,39.54601063910655,28.728965980328912,0.6,52.9189103775207,1000,425,235,235,0.235,1.0,0.0,0.7309476111681971,0.2170212765957447,0.2170212765957447,70.72882501509007,64.67455094203133,79.16480287250917,0.6771540799941725,1.481173016509228,24.0,31.0
weibull,58.817153536017514,72.353523436859,20.5,0.5,42.668064110614964,28.728965980328912,0.8999999999999999,43.16985539202754,1000,441,235,235,0.235,1.0,0.0,0.8004681351554201,0.1276595744680851,0.1276595744680851,67.01124584876514,63.02570677237458,73.37856128074517,0.6543340641086418,1.61147738093253,25.0,29.0
weibull,59.26743061171826,72.05848006377676,21.5,0.6,39.603116029157874,28.728965980328912,0.7,48.49670065754502,1000,469,235,235,0.235,1.0,0.0,0.7426824322217395,0.22127659574468084,0.22127659574468084,67.77719107531202,63.14145736271216,74.26574962706454,0.6964820736048281,1.3859783226190203,24.0,30.0
weibull,58.84838357154672,70.89522100173274,14.0,0.7999999999999999,22.135850313724465,76.81039548609378,0.5,159.87077458352877,1000,483,233,233,0.233,1.0,0.0,0.3903263921305594,0.9914163090128756,0.9914163090128756,69.58419207469936,64.14861696230695,77.27502053544907,0.4781871705681755,2.8116747890111213,16.0,38.0
weibull,58.536237433176595,71.5557908940124,15.0,0.7999999999999999,23.7169824789905,57.18603679678211,0.6,105.33698839584436,1000,461,233,233,0.233,1.0,0.0,0.4246188621995711,0.9742489270386266,0.9742489270386266,67.68990533646546,63.2010966108411,75.7609065556866,0.49258188988882234,2.7023943627731484,17.0,37.0
weibull,61.20281996632485,73.1942642250867,19.0,0.7,32.073459000378755,31.697863849222255,0.5,65.97495057991023,1000,456,233,233,0.233,1.0,0.0,0.6098885783735063,0.5836909871244635,0.5836909871244635,68.75452944863005,63.29802312181302,76.74963381852223,0.6819885426997735,1.4821196905591223,21.0,33.0
weibull,59.36135585754526,72.9258667050364,19.5,0.5,40.58669512960935,28.728965980328912,0.8999999999999999,43.16985539202754,1000,415,233,233,0.233,1.0,0.0,0.775193888979937,0.14163090128755365,0.14163090128755365,66.32524247449754,63.127717114338836,71.49529668262842,0.6238713087784034,1.8004124935619539,25.0,29.0
weibull,59.2399607744413,72.79221695540171,18.5,0.6,34.07709983904282,31.697863849222255,0.7999999999999999,50.1185121022287,1000,408,232,232,0.232,1.0,0.0,0.671706479058229,0.3448275862068966,0.3448275862068966,66.75870474934186,63.407497061897864,73.60003361957266,0.6100223572980864,1.8842545714035368,23.0,31.0
weibull,58.86661001011929,73.39232681994959,19.0,0.7999999999999999,30.04151114005463,34.97357243180279,0.7,59.03807586780019,1000,406,232,232,0.232,1.0,0.0,0.5983864607607348,0.6336206896551724,0.6336206896551724,66.23360908076623,62.81118152744091,72.1126987313172,0.6207127542503621,1.8213864621850313,21.0,33.0
weibull,59.828012630846565,71.708392346718,19.5,0.7,32.917497395125565,34.97357243180279,0.5,72.7929088145072,1000,446,232,232,0.232,1.0,0.0,0.61776445727142,0.5775862068965517,0.5775862068965517,70.20894241211496,64.46534876477641,77.61278141187583,0.6848987868497751,1.4643428513207828,22.0,33.0
weibull,59.949764321762906,70.85569550231074,21.0,0.5,43.70874860111777,28.728965980328912,0.6,52.9189103775207,1000,463,232,232,0.232,1.0,0.0,0.7618604503922151,0.1206896551724138,0.1206896551724138,70.23750049618039,64.31207380673841,79.25280094675739,0.7040897792601928,1.3588276746390553,24.0,30.0
weibull,58.71891092717112,71.60794604300024,14.0,0.6,25.788075553870243,42.5755235841089,0.7999999999999999,67.31752979187716,1000,439,231,231,0.231,1.0,0.0,0.5219227912239494,0.8874458874458875,0.8874458874458875,68.09524379110815,63.70447338682079,75.05025014945505,0.49146717265487216,2.7184015990758588,20.0,34.0
weibull,59.238038399890385,72.31970991723075,15.0,0.8999999999999999,22.539893406668284,69.616149824864,0.5,144.89689482251092,1000,452,231,231,0.231,1.0,0.0,0.39975360455242065,1.0,1.0,67.35992500014329,63.56779746892514,75.1724466498682,0.49665961150442733,2.6792083749480593,16.0,38.0
weibull,58.973187119985035,73.4457772209567,18.5,0.9999999999999999,26.689858256445827,46.975347139277204,0.5,97.77303040766209,1000,400,230,230,0.23,1.0,0.0,0.47538090812680484,0.9478260869565217,0.9478260869565217,66.54685992886526,63.29467248832448,72.8293025815365,0.6047845887702517,1.9513657673976486,18.0,36.0
weibull,58.66949337330849,73.04355477348231,20.0,0.5,41.62737962011216,28.728965980328912,0.9999999999999999,41.44713674968827,1000,405,230,230,0.23,1.0,0.0,0.807215023014778,0.09130434782608696,0.09130434782608696,66.29444937111856,62.916335048244235,71.32908020458633,0.6149588052725172,1.8490522206386253,25.0,29.0
weibull,60.55406494536292,73.43965038258008,19.0,0.7999999999999999,30.04151114005463,34.97357243180279,0.5,72.7929088145072,1000,433,229,229,0.229,1.0,0.0,0.5900815065151214,0.6855895196506551,0.6855895196506551,67.77783961035823,63.619294895791285,77.03094389067444,0.6872674822106924,1.4576256282266304,20.0,34.0
weibull,60.478973596014555,71.41345075300565,20.0,0.5,41.62737962011216,28.728965980328912,0.6,52.9189103775207,1000,439,229,229,0.229,1.0,0.0,0.7433969842397955,0.2183406113537118,0.2183406113537118,70.52743059901623,64.61462876333408,79.24347359601434,0.6843099943184173,1.4657680315820636,24.0,30.0
weibull,59.445292271281474,71.30467753263298,20.0,0.7,33.76153578987237,34.97357243180279,0.5,72.7929088145072,1000,450,229,229,0.229,1.0,0.0,0.6094501934416903,0.5764192139737991,0.5764192139737991,68.67108857911089,64.28089023644893,76.8300932665277,0.6751136308273131,1.5114561839268401,21.0,33.0
weibull,58.99916328973384,71.78458835466436,21.0,0.7,35.44961257936599,31.697863849222255,0.6,58.38763627428827,1000,463,229,229,0.229,1.0,0.0,0.6677638089603719,0.40611353711790393,0.40611353711790393,67.44701325800226,63.29829003108428,74.92771435278507,0.673144506766536,1.5040033402715094,22.0,31.0
weibull,59.24238879981398,72.94545915820872,19.5,0.7999999999999999,30.832077222687644,34.97357243180279,0.6,64.42150916143456,1000,416,228,228,0.228,1.0,0.0,0.606142115846086,0.5877192982456141,0.5877192982456141,66.9362183706827,63.2426803110306,73.18843240263827,0.6613643112015561,1.6164490732052097,21.0,32.0
weibull,59.732344295638335,72.56297354904251,20.0,0.7,33.76153578987237,31.697863849222255,0.6,58.38763627428827,1000,447,228,228,0.228,1.0,0.0,0.6514868312561883,0.4473684210526316,0.4473684210526316,68.36940749364959,63.429567034598826,74.12460535949155,0.6760459394196965,1.4867496866047785,22.0,32.0
weibull,59.417760577490455,73.11929085065533,20.5,0.6,37.761110632452855,28.728965980328912,0.7999999999999999,45.424292186331655,1000,442,228,228,0.228,1.0,0.0,0.7338017165650959,0.20614035087719298,0.20614035087719298,66.49344891620738,62.812392662009316,72.1470990271903,0.6509920155560196,1.6431678253872217,24.0,30.0
weibull,59.050442512114806,72.85858986504421,14.0,0.5,29.13916573407851,34.97357243180279,0.9999999999999999,50.456199509532865,1000,428,227,227,0.227,1.0,0.0,0.6216897994002061,0.5418502202643172,0.5418502202643172,66.5380699408784,63.16979511620123,72.0033439790304,0.5034714758352679,2.6211068666482658,22.0,31.0
weibull,60.12325390773218,73.28599254700077,14.5,0.7999999999999999,22.92641639635748,51.82985558583315,0.6,95.47087369954635,1000,431,227,227,0.227,1.0,0.0,0.4329603207679654,0.9779735682819384,0.9779735682819384,67.01389558432612,63.35085703691623,73.86649847288113,0.4919888089504128,2.6969828373073668,17.0,36.0
weibull,58.73461178076033,72.71525364085815,15.5,0.7999999999999999,24.507548561623512,46.975347139277204,0.7,79.29799318421931,1000,439,227,227,0.227,1.0,0.0,0.4552797561654734,0.947136563876652,0.947136563876652,66.3496160727486,62.95156565169849,71.9408448150854,0.4861759546486741,2.73779267443091,18.0,36.0
weibull,61.18336631846911,71.52577585903042,11.5,0.6,21.183062062107698,63.0957344480193,0.5,131.32550451387436,1000,457,226,226,0.226,1.0,0.0,0.4431097635392065,0.9823008849557522,0.9823008849557522,71.34081870539544,65.57144611043486,80.26871773437838,0.4802953240307145,2.800115252030502,18.0,37.0
weibull,61.274729774711446,72.57878320429714,12.5,0.7,21.100959868670234,63.0957344480193,0.5,131.32550451387436,1000,434,226,226,0.226,1.0,0.0,0.43146825960370033,0.9867256637168141,0.9867256637168141,68.8390986366648,63.9396938197043,75.77222823187769,0.49277736707375186,2.7080441849326675,18.0,36.0
weibull,60.87480949800697,71.85781177139334,19.0,0.6,34.998102537395326,31.697863849222255,0.5,65.97495057991023,1000,457,226,226,0.226,1.0,0.0,0.6506273742086952,0.42920353982300885,0.42920353982300885,71.20351164543806,64.80943463494049,79.62985151658809,0.6915584426848785,1.4233319001839648,22.5,32.0
weibull,61.45271509422677,72.6644788323258,11.5,0.6,21.183062062107698,51.82985558583315,0.6,95.47087369954635,1000,487,225,225,0.225,1.0,0.0,0.4559585369535051,0.9422222222222222,0.9422222222222222,69.34013702477779,64.1741214980699,77.48624018803476,0.4755464889301028,2.8704209600370914,19.0,36.0
weibull,58.94543408944422,73.3334558668536,19.5,0.5,40.58669512960935,28.728965980328912,0.9999999999999999,41.44713674968827,1000,403,225,225,0.225,1.0,0.0,0.8008615875123847,0.10222222222222223,0.10222222222222223,65.76653044345437,62.852924571639335,71.51506194093882,0.6444964447995022,1.6935462746543424,25.0,29.0
weibull,61.110202650480204,73.3520523580939,13.5,0.7999999999999999,21.345284231091448,63.0957344480193,0.5,131.32550451387436,1000,464,224,224,0.224,1.0,0.0,0.4028765213736563,0.9821428571428571,0.9821428571428571,67.98994309630262,63.3688924426392,74.76186818713579,0.48497848966094503,2.7731478764907074,17.0,37.0
weibull,60.205432957268926,71.15339228204718,20.0,0.6,36.840107934100345,31.697863849222255,0.5,65.97495057991023,1000,463,224,224,0.224,1.0,0.0,0.6631757907243261,0.39732142857142855,0.39732142857142855,71.05320972899366,65.27736977480684,79.9024607155137,0.703120466851394,1.361914483965145,23.0,32.0
weibull,60.210711990622535,71.13100857819954,20.5,0.5,42.668064110614964,28.728965980328912,0.6,52.9189103775207,1000,449,224,224,0.224,1.0,0.0,0.7401468237912472,0.16071428571428573,0.16071428571428573,72.44217257761584,65.80965923099015,81.04543071232906,0.6811296314562607,1.490659200476073,24.0,31.0
weibull,59.04757787772836,71.850495599554,13.0,0.5,27.057796753072903,38.587798044080735,0.8999999999999999,57.984323647441514,1000,460,223,223,0.223,1.0,0.0,0.6001618274836633,0.6502242152466368,0.6502242152466368,67.88675264507329,63.60438119882048,73.61560261959539,0.4874625977386336,2.7490990861659195,22.0,32.0
weibull,58.7293471449557,72.54315536348184,14.5,0.6,26.709078252222753,38.587798044080735,0.8999999999999999,57.984323647441514,1000,438,223,223,0.223,1.0,0.0,0.5558208457618159,0.8251121076233184,0.8251121076233184,66.52502568762435,63.2363226440333,72.39569461942102,0.49846350039748977,2.6634928691469586,21.0,33.0
weibull,59.360540184294216,72.16905918923814,20.5,0.7,34.60557418461918,31.697863849222255,0.6,58.38763627428827,1000,421,222,222,0.222,1.0,0.0,0.6687218359845308,0.35585585585585583,0.35585585585585583,68.12689521446072,63.59542395541923,74.68054968760337,0.7024462443037687,1.3666492982320833,22.0,32.0
weibull,59.89970665140439,72.94647045091295,14.5,0.8999999999999999,21.78856362644601,69.616149824864,0.5,144.89689482251092,1000,488,221,221,0.221,1.0,0.0,0.37771954439494787,0.9909502262443439,0.9909502262443439,67.2708273094122,63.080804322402216,74.46110535453545,0.47831657590947246,2.7816032066117833,15.0,38.0
weibull,60.808662791466105,72.7803757529939,19.5,0.7,32.917497395125565,31.697863849222255,0.5,65.97495057991023,1000,432,221,221,0.221,1.0,0.0,0.6174385986510275,0.5746606334841629,0.5746606334841629,69.9288881374001,64.34335588137886,77.26736994614697,0.6637570609653383,1.555144560710583,21.0,33.0
weibull,59.073488159937355,70.91076317282861,20.5,0.7,34.60557418461918,34.97357243180279,0.5,72.7929088145072,1000,426,221,221,0.221,1.0,0.0,0.6275664245192634,0.5203619909502263,0.5203619909502263,70.91748825844323,64.43230903010391,79.32858253649881,0.6921856628974826,1.4217884992459322,22.0,33.0
weibull,60.53523552426317,71.50103952120966,19.5,0.6,35.919105235747836,31.697863849222255,0.5,65.97495057991023,1000,429,220,220,0.22,1.0,0.0,0.6540528875250888,0.43636363636363634,0.43636363636363634,71.7782101383413,65.881132756833,79.41986485275397,0.6768635789464407,1.492341967591982,22.0,32.5
weibull,61.36125033930594,73.34831877090227,19.0,0.6,34.998102537395326,28.728965980328912,0.6,52.9189103775207,1000,432,218,218,0.218,1.0,0.0,0.7053447265336109,0.2889908256880734,0.2889908256880734,68.42060904882376,64.27661556450981,74.77185869395323,0.6868766579167118,1.4454005800775396,23.0,31.0
weibull,58.69901752673774,72.35856641897121,20.5,0.7,34.60557418461918,31.697863849222255,0.7,53.50842824040094,1000,417,218,218,0.218,1.0,0.0,0.669207996680327,0.3944954128440367,0.3944954128440367,67.62128028093329,63.46404774882379,73.74644384948895,0.6546963342457277,1.6140860183420584,23.0,32.0
weibull,58.84003022570232,71.6306957390402,21.0,0.7999999999999999,33.2037754705867,34.97357243180279,0.5,72.7929088145072,1000,445,218,218,0.218,1.0,0.0,0.6135684041692762,0.555045871559633,0.555045871559633,68.70683266459449,63.310140961187976,76.3390175431697,0.6930682035690146,1.402556102992842,21.0,33.0
weibull,58.959275630602974,70.73169955473354,22.0,0.5,45.79011758212337,28.728965980328912,0.7,48.49670065754502,1000,444,218,218,0.218,1.0,0.0,0.7842153761278765,0.10550458715596331,0.10550458715596331,69.16298823203925,63.457980564365656,77.55388995461179,0.6922978031825082,1.4231133439351065,25.0,30.0
weibull,60.112318662703714,72.14193775280835,12.5,0.6,23.025067458812718,46.975347139277204,0.7,79.29799318421931,1000,478,217,217,0.217,1.0,0.0,0.483717703183945,0.9447004608294931,0.9447004608294931,68.62403959788456,63.654183510182826,76.16992570484115,0.4805900801436902,2.8027273023406596,19.0,35.0
weibull,59.583331787178594,71.61894405992028,13.0,0.6,23.946070157165224,46.975347139277204,0.7,79.29799318421931,1000,457,217,217,0.217,1.0,0.0,0.4918268008650238,0.9170506912442397,0.9170506912442397,68.5583384336452,64.08650963669245,75.0694375805531,0.4898024429480746,2.7476640235745093,20.0,35.0
weibull,59.07003587357317,73.17669839109233,16.0,0.8999999999999999,24.042552967112837,51.82985558583315,0.6,95.47087369954635,1000,437,217,217,0.217,1.0,0.0,0.43072562054438535,0.9815668202764977,0.9815668202764977,67.2022096001047,63.219299632203686,73.2313963770135,0.5121523277250808,2.5089282572168483,17.0,37.0
weibull,59.73825344938911,73.4581924247586,20.0,0.6,36.840107934100345,28.728965980328912,0.7999999999999999,45.424292186331655,1000,397,217,217,0.217,1.0,0.0,0.7194864195927148,0.2119815668202765,0.2119815668202765,67.16471435671083,63.26520508944924,72.91001850009873,0.6363073253800278,1.7253690147206886,24.0,30.0
weibull,59.106145712536694,72.78877682904829,21.0,0.6,38.682113330805365,28.728965980328912,0.7999999999999999,45.424292186331655,1000,437,217,217,0.217,1.0,0.0,0.7676402844589876,0.2073732718894009,0.2073732718894009,66.55799296407984,63.21356050169583,71.51678045742648,0.6736880571577504,1.515772550025505,24.0,30.0
weibull,60.93373678372627,73.12954915988126,13.0,0.7,21.94499826341704,51.82985558583315,0.6,95.47087369954635,1000,449,216,216,0.216,1.0,0.0,0.44112904241274664,0.9768518518518519,0.9768518518518519,68.37567939329983,63.169901602811144,76.1283019616405,0.4853270702936175,2.7644031363062647,18.0,36.0
weibull,58.65588766638114,72.4566939971767,14.5,0.5,30.179850224581315,34.97357243180279,0.9999999999999999,50.456199509532865,1000,414,216,216,0.216,1.0,0.0,0.6485126025818877,0.4537037037037037,0.4537037037037037,66.68720086718409,62.92037966963762,72.21905925266094,0.5139129677074623,2.5335608278059727,23.0,31.0
weibull,59.085415141409534,72.63596561166511,20.0,0.5,41.62737962011216,28.728965980328912,0.8999999999999999,43.16985539202754,1000,419,216,216,0.216,1.0,0.0,0.7775713332869315,0.13425925925925927,0.13425925925925927,67.22260629981443,63.07561092236874,73.12199347546093,0.6355875691216408,1.7344480633930717,25.0,29.0
weibull,59.81964309111203,70.84608006951618,11.5,0.5,23.93574328156449,46.975347139277204,0.7,79.29799318421931,1000,448,215,215,0.215,1.0,0.0,0.5293947852519869,0.8604651162790697,0.8604651162790697,69.73822572921463,64.33233327541951,79.19047013635631,0.49378106006940614,2.7213750592375745,21.0,34.0
weibull,61.37898756536354,73.36200637737782,20.0,0.5,41.62737962011216,26.03814219863106,0.7,43.95438348704343,1000,431,215,215,0.215,1.0,0.0,0.7913276641827587,0.11627906976744186,0.11627906976744186,68.96833306010981,63.63880623138378,76.04575184757661,0.7005653733659364,1.3699819737389993,25.0,29.0
weibull,60.20267932882501,73.0503604461475,20.0,0.6,36.840107934100345,28.728965980328912,0.7,48.49670065754502,1000,443,215,215,0.215,1.0,0.0,0.7219631193647084,0.26046511627906976,0.26046511627906976,67.48269536082114,63.130658163026965,74.53372380179961,0.666224237259707,1.554997131307652,23.0,31.0
weibull,60.45146739879461,71.64364548581068,12.5,0.7,21.100959868670234,69.616149824864,0.5,144.89689482251092,1000,489,214,214,0.214,1.0,0.0,0.412244903556217,0.9813084112149533,0.9813084112149533,70.46142354935381,64.34651776084725,79.43374886776891,0.4771403122748137,2.852624567074281,17.0,37.0
weibull,58.792952902709516,71.61511536051576,14.0,0.7999999999999999,22.135850313724465,63.0957344480193,0.6,116.22268336231822,1000,490,214,214,0.214,1.0,0.0,0.40004295457388905,0.9906542056074766,0.9906542056074766,68.20453361643818,63.39943603844138,75.10497033293177,0.4632814620933528,2.921537213391545,17.0,37.0
weibull,60.55342471529781,72.56843497005966,12.5,0.7,21.100959868670234,57.18603679678211,0.6,105.33698839584436,1000,493,213,213,0.213,1.0,0.0,0.4354619324349085,0.9906103286384976,0.9906103286384976,68.15874293572267,63.602160832896296,76.00738846746562,0.4678253688886933,2.905844139887124,18.0,36.0
weibull,59.95349311876335,71.83127629539999,11.5,0.5,23.93574328156449,42.5755235841089,0.7999999999999999,67.31752979187716,1000,463,212,212,0.212,1.0,0.0,0.5273557674569107,0.8301886792452831,0.8301886792452831,68.08143975642716,63.40655329779317,76.84885204341089,0.47585228988338885,2.829295266701627,20.0,34.0
weibull,59.20851844979955,72.09802613827102,13.5,0.6,24.867072855517733,42.5755235841089,0.7999999999999999,67.31752979187716,1000,453,212,212,0.212,1.0,0.0,0.5228802888703887,0.8584905660377359,0.8584905660377359,67.09426229371455,63.30003293658202,73.95764976284177,0.4939298745083086,2.695919521671007,20.0,34.0
weibull,59.31112031660241,73.28258124047008,15.0,0.7999999999999999,23.7169824789905,46.975347139277204,0.7,79.29799318421931,1000,435,212,212,0.212,1.0,0.0,0.46474798946570073,0.9716981132075472,0.9716981132075472,65.78851375506238,63.04186110324548,71.31899260890029,0.5032612588903814,2.6445242675489755,18.0,35.0
weibull,59.35534463695646,71.40910113183492,13.5,0.7,22.78903665816385,57.18603679678211,0.6,105.33698839584436,1000,470,211,211,0.211,1.0,0.0,0.44706204364700103,0.981042654028436,0.981042654028436,69.37982832436403,64.01114038788656,76.20496966201415,0.48400501949646374,2.7821190954513115,18.0,36.0
weibull,59.74980621152325,72.73217298470195,14.0,0.7999999999999999,22.135850313724465,57.18603679678211,0.6,105.33698839584436,1000,459,211,211,0.211,1.0,0.0,0.41774815555471645,0.995260663507109,0.995260663507109,66.98992016529843,63.15273384877786,75.18676721885633,0.4795542024790785,2.799606142559715,17.0,37.0
weibull,61.067283047738684,71.28967282260379,10.5,0.5,21.854374300558884,51.82985558583315,0.6,95.47087369954635,1000,477,209,209,0.209,1.0,0.0,0.4929765495905863,0.9234449760765551,0.9234449760765551,71.49485401390052,65.70288007259786,82.03804583572453,0.48293241741455617,2.8346448898708707,20.0,35.0
weibull,60.53956696485853,70.76871733615964,11.0,0.5,22.895058791061686,51.82985558583315,0.6,95.47087369954635,1000,417,208,208,0.208,1.0,0.0,0.4810143022141625,0.9182692307692307,0.9182692307692307,72.21817215343385,65.31154031389856,81.45551384826973,0.4766017953363482,2.870916798610295,20.0,35.0
weibull,59.65200207532128,70.73148298709046,12.5,0.7,21.100959868670234,76.81039548609378,0.5,159.87077458352877,1000,491,208,208,0.208,1.0,0.0,0.40213459841718335,0.9903846153846154,0.9903846153846154,70.06236484166419,64.18701963210223,78.73458320445685,0.46862494649441266,2.9243444620887025,17.0,37.0
weibull,58.62426529646024,72.50053926322398,15.0,0.7,25.32115184240428,42.5755235841089,0.7999999999999999,67.31752979187716,1000,419,208,208,0.208,1.0,0.0,0.5146320065868005,0.9038461538461539,0.9038461538461539,66.75336491706264,63.0578862786713,71.09334493849462,0.5082770052445942,2.582523101960994,19.0,34.0
weibull,58.69952042955779,72.62994025144738,15.5,0.8999999999999999,23.291223186890562,57.18603679678211,0.6,105.33698839584436,1000,449,208,208,0.208,1.0,0.0,0.40743363617253747,0.9903846153846154,0.9903846153846154,67.06597825875164,62.94046993743174,72.21643392973932,0.49227115884449446,2.6928762042619474,16.0,37.0
weibull,61.26892513225677,71.29919376863464,19.5,0.5,40.58669512960935,28.728965980328912,0.5,59.79557864782196,1000,450,208,208,0.208,1.0,0.0,0.719259666329809,0.22115384615384615,0.22115384615384615,73.06452829257532,64.62331126726518,81.86318596044734,0.687286981290353,1.4395083701043472,23.0,31.0
weibull,60.663015985013914,72.6827105035494,12.0,0.6,22.104064760460208,46.975347139277204,0.7,79.29799318421931,1000,451,207,207,0.207,1.0,0.0,0.48646866935837546,0.927536231884058,0.927536231884058,69.34569375515956,63.56291643807882,75.48355240444124,0.4634164410917549,2.927006637308431,19.0,35.0
weibull,58.943820201904686,72.64673867854765,20.0,0.8999999999999999,30.053191208891047,38.587798044080735,0.5,80.31544589425852,1000,445,207,207,0.207,1.0,0.0,0.5443861836484503,0.8164251207729468,0.8164251207729468,67.64546429123874,63.50568865422756,74.18050737998865,0.6641013097985041,1.5670477834057317,19.0,35.0
weibull,59.570571591972595,72.3809448504372,21.0,0.6,38.682113330805365,28.728965980328912,0.7,48.49670065754502,1000,430,207,207,0.207,1.0,0.0,0.7517294099913374,0.18840579710144928,0.18840579710144928,66.88250929777266,63.60286914812966,74.39677268795673,0.6957599459150162,1.3870189268756816,24.0,30.0
weibull,59.471112815878286,71.35009940720761,12.0,0.5,24.976427772067296,42.5755235841089,0.7999999999999999,67.31752979187716,1000,472,206,206,0.206,1.0,0.0,0.5418248553488536,0.8300970873786407,0.8300970873786407,69.29523829120302,64.38874594500689,78.46728231285792,0.4819894394515105,2.798154762715077,21.0,33.0
weibull,61.20588461867439,72.2397412038138,20.0,0.6,36.840107934100345,28.728965980328912,0.5,59.79557864782196,1000,458,206,206,0.206,1.0,0.0,0.6729105348859586,0.35436893203883496,0.35436893203883496,70.03199076830329,64.62876796326005,78.3264552851646,0.7178015579945676,1.2952683954876902,22.0,32.0
weibull,60.691873798567904,72.64389928155609,20.0,0.6,36.840107934100345,28.728965980328912,0.6,52.9189103775207,1000,458,206,206,0.206,1.0,0.0,0.6967673306437482,0.21359223300970873,0.21359223300970873,69.35978512230645,64.35843919528645,75.47868368559497,0.6900735934042621,1.4198357634967946,23.0,31.0
weibull,59.355247424020405,72.15154903947185,23.5,0.5,48.91217105363179,26.03814219863106,0.7999999999999999,41.1697441540264,1000,448,206,206,0.206,1.0,0.0,0.8530330050668069,0.05339805825242718,0.05339805825242718,67.09598185554115,63.18270947523153,72.4579067640245,0.69944914136774,1.3802651342054935,26.0,28.0
weibull,59.953261609009544,72.76014880500986,12.0,0.5,24.976427772067296,38.587798044080735,0.8999999999999999,57.984323647441514,1000,480,205,205,0.205,1.0,0.0,0.5550762664539791,0.8048780487804879,0.8048780487804879,67.19905859449518,63.20732611314782,73.56491149613866,0.4752875030819319,2.8357265569533627,21.0,33.0
weibull,59.71718181482991,72.60414028580408,13.0,0.6,23.946070157165224,42.5755235841089,0.7999999999999999,67.31752979187716,1000,450,205,205,0.205,1.0,0.0,0.5184347129249682,0.9024390243902439,0.9024390243902439,67.60170247797734,63.21046629226851,73.58137123503295,0.48408089067224713,2.783255906627085,20.0,34.0
weibull,59.882186456926355,72.71145887204423,20.5,0.6,37.761110632452855,28.728965980328912,0.7,48.49670065754502,1000,434,205,205,0.205,1.0,0.0,0.7453781401565953,0.21951219512195122,0.21951219512195122,68.18398944338352,63.87006555593892,74.48692196840227,0.6821307282925867,1.4882633997091124,23.0,31.0
weibull,59.250092244268224,72.06726646355148,20.5,0.7999999999999999,32.41320938795368,34.97357243180279,0.5,72.7929088145072,1000,446,205,205,0.205,1.0,0.0,0.6068506910235358,0.624390243902439,0.624390243902439,68.55338816709587,63.64688838161927,75.87930226284871,0.6916345036872434,1.4270544671816041,21.0,33.0
weibull,60.307485181582635,73.16287839205702,21.5,0.5,44.749433091620574,26.03814219863106,0.7999999999999999,41.1697441540264,1000,447,205,205,0.205,1.0,0.0,0.8271305092177507,0.05853658536585366,0.05853658536585366,67.39615365683235,63.241594911206484,74.02321648138918,0.7010741692182897,1.361043156647199,25.0,28.0
weibull,59.00890387818745,70.8868693999228,12.5,0.5,26.017112262570098,42.5755235841089,0.7999999999999999,67.31752979187716,1000,433,204,204,0.204,1.0,0.0,0.5520130240922321,0.8235294117647058,0.8235294117647058,69.39739070896685,63.58420178634895,76.2647296406601,0.4879782294662516,2.732656519137482,21.0,33.0
weibull,60.42594243190101,72.37666093890888,20.0,0.7,33.76153578987237,31.697863849222255,0.5,65.97495057991023,1000,438,204,204,0.204,1.0,0.0,0.6409228703441461,0.47549019607843135,0.47549019607843135,68.87240902138534,63.94777430922588,77.9860493519066,0.6916558613642465,1.4279707606781522,22.0,33.0
weibull,59.884940085370275,70.81449070794392,20.5,0.6,37.761110632452855,31.697863849222255,0.5,65.97495057991023,1000,434,204,204,0.204,1.0,0.0,0.6586012254837071,0.4264705882352941,0.4264705882352941,72.4414081868845,65.99108455328137,82.66982890867956,0.6911896555358648,1.4499847784759887,23.0,32.0
weibull,59.943082948554974,71.9804979523484,13.0,0.7,21.94499826341704,57.18603679678211,0.6,105.33698839584436,1000,475,203,203,0.203,1.0,0.0,0.42549913204407935,0.9901477832512315,0.9901477832512315,68.7535327803377,63.8702435422896,77.29051436540311,0.4750588941378163,2.8418070880900395,17.0,36.0
weibull,59.46020746676385,73.27443036549914,13.5,0.5,28.09848124357571,34.97357243180279,0.9999999999999999,50.456199509532865,1000,416,203,203,0.203,1.0,0.0,0.6228752411103277,0.5221674876847291,0.5221674876847291,66.33992124049061,63.03469474676222,71.83689896895235,0.5073140143060828,2.5979251404094748,22.0,32.0
weibull,59.20105972030238,73.01799544080248,14.0,0.6,25.788075553870243,38.587798044080735,0.8999999999999999,57.984323647441514,1000,438,203,203,0.203,1.0,0.0,0.5540087931721137,0.7783251231527094,0.7783251231527094,66.4517816696551,63.24717910976281,71.83979817081506,0.4873509422337702,2.7452168051603483,21.0,33.0
weibull,60.8449893250891,70.81645677957488,18.5,0.5,38.50532614860375,31.697863849222255,0.5,65.97495057991023,1000,376,203,203,0.203,1.0,0.0,0.6878755988570756,0.3054187192118227,0.3054187192118227,74.4952368102687,65.69518861280913,84.94340163554882,0.6782011146231506,1.5049519201228854,23.0,32.0
weibull,61.35122353979936,70.69402739926963,10.0,0.5,20.81368981005608,63.0957344480193,0.5,131.32550451387436,1000,421,202,202,0.202,1.0,0.0,0.46185916820294903,0.9554455445544554,0.9554455445544554,73.50410010225893,66.17123767652079,86.18905743848121,0.4711014835462471,2.9039111295366413,19.0,36.0
weibull,58.97296867360323,70.78973086578272,12.5,0.6,23.025067458812718,51.82985558583315,0.7,87.49277621725112,1000,481,201,201,0.201,1.0,0.0,0.47527120643182447,0.9651741293532339,0.9651741293532339,68.85390381715503,64.2771368066029,76.05439718619384,0.4550547378296284,2.99574450638167,19.0,35.0
weibull,60.56145966952742,73.43137165779447,21.0,0.5,43.70874860111777,26.03814219863106,0.7999999999999999,41.1697441540264,1000,447,201,201,0.201,1.0,0.0,0.8129763532587161,0.07462686567164178,0.07462686567164178,67.00244268641146,63.1559842528594,73.67906721750975,0.6888209501528817,1.4272606420725997,25.0,29.0
weibull,59.69578983381812,70.58720223657328,21.5,0.5,44.749433091620574,28.728965980328912,0.6,52.9189103775207,1000,445,201,201,0.201,1.0,0.0,0.7392485426878673,0.12935323383084577,0.12935323383084577,71.91825956168914,64.38692854084769,79.81396985385106,0.6911288025569773,1.4343637631300972,24.0,31.0
weibull,60.059766061715486,71.9744836858458,21.0,0.6,38.682113330805365,28.728965980328912,0.6,52.9189103775207,1000,446,200,200,0.2,1.0,0.0,0.7156873837470843,0.24,0.24,68.67176276006028,63.80731240583633,76.246032679355,0.6986641024507318,1.38961314285898,23.0,31.0
weibull,58.50795886256188,72.15157663757962,22.0,0.6,40.524118727510384,28.728965980328912,0.7999999999999999,45.424292186331655,1000,444,200,200,0.2,1.0,0.0,0.7714509146693254,0.15,0.15,67.2041896708537,63.314018040644946,73.1300131707615,0.6692684720333903,1.5186727520017738,24.0,30.0
weibull,61.08577183692328,72.2486761438633,12.0,0.7,20.256921473923423,69.616149824864,0.5,144.89689482251092,1000,453,199,199,0.199,1.0,0.0,0.40240446929109247,0.9798994974874372,0.9798994974874372,69.1094746741741,64.3950415643397,78.27435282059743,0.46954551610470185,2.9169276265039663,17.0,37.0
weibull,59.487474951090036,71.50475214088722,13.5,0.7999999999999999,21.345284231091448,76.81039548609378,0.5,159.87077458352877,1000,490,199,199,0.199,1.0,0.0,0.38074576231082685,0.9949748743718593,0.9949748743718593,69.16854856499319,63.95666097547216,76.10906461218748,0.472780336524339,2.890560760538582,16.0,38.0
weibull,61.11072595997152,73.07956420257172,20.5,0.5,42.668064110614964,26.03814219863106,0.7,43.95438348704343,1000,431,199,199,0.199,1.0,0.0,0.806316803239342,0.09045226130653267,0.09045226130653267,69.01649874547752,63.946550905555156,76.60232126659932,0.6896206487260335,1.4525170659275612,25.0,29.0
weibull,60.05413832055689,71.98274657910451,20.5,0.7,34.60557418461918,31.697863849222255,0.5,65.97495057991023,1000,469,199,199,0.199,1.0,0.0,0.6518108271489439,0.44221105527638194,0.44221105527638194,69.19180805538579,64.02175188053288,76.73072120943891,0.6958431621868937,1.4185342167829762,22.0,32.0
weibull,60.5958038031671,72.53575786094545,21.5,0.5,44.749433091620574,26.03814219863106,0.7,43.95438348704343,1000,469,199,199,0.199,1.0,0.0,0.7953217199063464,0.09045226130653267,0.09045226130653267,67.44024089200745,63.38740349586419,75.74642745044638,0.6963603110963495,1.4001992746387044,25.0,29.0
weibull,58.80300473228236,72.46631204238784,21.5,0.6,39.603116029157874,28.728965980328912,0.7999999999999999,45.424292186331655,1000,401,198,198,0.198,1.0,0.0,0.769315471364286,0.18181818181818182,0.18181818181818182,67.34897226174498,62.97987566901354,73.09548768512897,0.6677513640865615,1.5503823345613417,24.0,30.0
weibull,58.64775379640915,71.40921978617006,21.5,0.7,36.2936509741128,31.697863849222255,0.6,58.38763627428827,1000,438,198,198,0.198,1.0,0.0,0.6767415163035332,0.3686868686868687,0.3686868686868687,68.43171677191329,63.85145909402882,75.88910570878386,0.6771467703781289,1.5095644344011725,23.0,32.0
weibull,60.435641911894606,73.24132569320221,11.5,0.5,23.93574328156449,38.587798044080735,0.8999999999999999,57.984323647441514,1000,445,197,197,0.197,1.0,0.0,0.5718526392615679,0.7563451776649747,0.7563451776649747,67.33779353132931,62.8686297592991,73.31967936671458,0.4879516083969993,2.7521099499836805,21.0,33.0
weibull,59.49105267131871,72.29691879772503,12.5,0.5,26.017112262570098,38.587798044080735,0.8999999999999999,57.984323647441514,1000,450,197,197,0.197,1.0,0.0,0.5820227970942946,0.7106598984771574,0.7106598984771574,67.33167154262475,63.09623179387181,73.59876921854149,0.48384896438615926,2.7743003319390054,21.0,32.0
weibull,59.888133101588096,70.95592015709173,12.0,0.6,22.104064760460208,57.18603679678211,0.6,105.33698839584436,1000,468,196,196,0.196,1.0,0.0,0.45974110956495096,0.9846938775510204,0.9846938775510204,70.48243752464093,64.82620789225028,80.11337109784766,0.4703583835170606,2.896744707403724,19.0,36.0
weibull,60.94901107067034,73.04091072247773,13.0,0.7999999999999999,20.55471814845843,69.616149824864,0.5,144.89689482251092,1000,461,196,196,0.196,1.0,0.0,0.39470856042210567,1.0,1.0,68.6046512781702,63.8902731943886,74.14553120397959,0.478618603930207,2.8480919168368786,16.0,37.5
weibull,60.149545747196996,72.12874822375751,13.0,0.7999999999999999,20.55471814845843,76.81039548609378,0.5,159.87077458352877,1000,488,196,196,0.196,1.0,0.0,0.3725104105605952,1.0,1.0,68.93616073135868,63.745517492106714,77.80118595753615,0.459341192800949,2.9541573759641397,16.0,38.0
weibull,60.28694027456337,72.41691463960744,13.5,0.7999999999999999,21.345284231091448,69.616149824864,0.5,144.89689482251092,1000,441,196,196,0.196,1.0,0.0,0.40375229101907584,0.9897959183673469,0.9897959183673469,68.3967268799457,63.809374293212585,75.44302693457132,0.47856790692988005,2.801874616878307,17.0,37.0
weibull,58.666207607110465,73.19699854450525,21.0,0.6,38.682113330805365,28.728965980328912,0.8999999999999999,43.16985539202754,1000,408,196,196,0.196,1.0,0.0,0.7841632630840987,0.14795918367346939,0.14795918367346939,65.90923267660531,63.1733067000517,71.18946294930011,0.6665564062396518,1.5426611476289414,24.0,29.0
weibull,60.34848406969485,72.2737940145143,22.0,0.5,45.79011758212337,26.03814219863106,0.7,43.95438348704343,1000,455,196,196,0.196,1.0,0.0,0.811853909749434,0.09183673469387756,0.09183673469387756,68.52258357308983,63.33216115074673,75.28939348641393,0.6936223366669925,1.3921751241307494,25.0,29.0
weibull,60.851512095993215,71.8674119615286,10.5,0.5,21.854374300558884,46.975347139277204,0.7,79.29799318421931,1000,483,195,195,0.195,1.0,0.0,0.5017921869792847,0.9128205128205128,0.9128205128205128,69.84994158112937,64.46141053191315,77.79755562225473,0.4633819310973375,2.9424647574317624,20.0,35.0
weibull,60.13022752038228,73.13589147829258,13.5,0.7,22.78903665816385,46.975347139277204,0.7,79.29799318421931,1000,427,195,195,0.195,1.0,0.0,0.4699077185717547,0.9692307692307692,0.9692307692307692,67.35242532696418,63.186930847706094,74.01080197311771,0.4843673593489175,2.7997532616247747,18.0,35.0
weibull,58.51941734647913,72.35022600094794,15.5,0.9999999999999999,22.361773133778936,76.81039548609378,0.5,159.87077458352877,1000,455,195,195,0.195,1.0,0.0,0.36606216191283697,0.9897435897435898,0.9897435897435898,67.73060063176689,63.485787240016265,73.24472115229109,0.48668797538465547,2.73446062291715,15.0,38.0
weibull,58.773964692861675,73.32377843115904,19.5,0.9999999999999999,28.13255329733479,42.5755235841089,0.5,88.61537413803697,1000,394,195,195,0.195,1.0,0.0,0.5033485286356585,0.9282051282051282,0.9282051282051282,66.5069512469791,63.201126577913875,71.6844013386748,0.6331618417736241,1.7758326178183788,18.0,35.0
weibull,59.537144268625084,73.32556247996102,20.5,0.7999999999999999,32.41320938795368,31.697863849222255,0.6,58.38763627428827,1000,419,195,195,0.195,1.0,0.0,0.6422544995942395,0.48205128205128206,0.48205128205128206,66.6015086095307,62.96636463936164,73.9364409442334,0.6849355356668223,1.4552118926571003,21.0,32.0
weibull,58.6397861741326,72.62098511519619,16.0,0.9999999999999999,23.083120654223418,69.616149824864,0.5,144.89689482251092,1000,408,194,194,0.194,1.0,0.0,0.38377619793992634,1.0,1.0,67.10023615080019,63.095065264355405,74.06526289721572,0.5031405149147947,2.6112074809721983,16.0,38.0
weibull,58.71211126537698,70.52629233825482,21.0,0.7,35.44961257936599,34.97357243180279,0.5,72.7929088145072,1000,419,194,194,0.194,1.0,0.0,0.6277036926180136,0.5309278350515464,0.5309278350515464,70.97333425400963,64.6691798859702,79.44219101696142,0.6777056959669543,1.5120875412249095,22.0,33.0
weibull,60.36010394255228,70.59063814054396,11.5,0.6,21.183062062107698,69.616149824864,0.5,144.89689482251092,1000,446,193,193,0.193,1.0,0.0,0.4127530118152392,0.9792746113989638,0.9792746113989638,71.50297220221013,64.63584357478501,80.60791625195161,0.47130132769758926,2.888640325648716,18.0,37.0
weibull,59.31888266995247,73.26238849966818,15.5,0.9999999999999999,22.361773133778936,69.616149824864,0.5,144.89689482251092,1000,443,193,193,0.193,1.0,0.0,0.374700919762115,0.9948186528497409,0.9948186528497409,66.48517505341039,63.03197520286839,73.20245958465023,0.47392024776884767,2.8538382134375073,15.0,38.0
weibull,58.56869376533406,73.17989449351366,20.5,0.8999999999999999,30.804520989113325,34.97357243180279,0.6,64.42150916143456,1000,419,192,192,0.192,1.0,0.0,0.6072650881829265,0.6197916666666666,0.6197916666666666,66.5956220180114,62.84873108210918,71.51757916512842,0.6837272715984177,1.4811745857795975,21.0,33.0
weibull,60.06016544811038,72.90091454562587,22.0,0.5,45.79011758212337,26.03814219863106,0.7999999999999999,41.1697441540264,1000,461,192,192,0.192,1.0,0.0,0.8276052492536903,0.0625,0.0625,66.95548004312802,63.182621049251246,73.16628790455805,0.681343589448569,1.4658928481125626,25.0,29.0
weibull,60.462061259055474,71.51542762479295,11.5,0.6,21.183062062107698,57.18603679678211,0.6,105.33698839584436,1000,460,191,191,0.191,1.0,0.0,0.4407517138360608,0.9895287958115183,0.9895287958115183,69.82816349733173,63.639233310762336,77.89817775191526,0.46489548906084965,2.9301723843043814,18.0,36.0
weibull,59.339995716393574,73.24449940147974,15.0,0.8999999999999999,22.539893406668284,57.18603679678211,0.6,105.33698839584436,1000,435,191,191,0.191,1.0,0.0,0.4008517263888056,1.0,1.0,66.40492674082016,62.84703418681471,72.14448111796672,0.4839736726289817,2.7907467432025395,16.0,37.0
weibull,60.37138092666925,72.30499770745283,20.5,0.6,37.761110632452855,28.728965980328912,0.6,52.9189103775207,1000,449,191,191,0.191,1.0,0.0,0.7051431123643952,0.24083769633507854,0.24083769633507854,69.03054696160524,63.536971168486005,76.83570199728769,0.6942956957658424,1.4052040936384855,23.0,31.0
weibull,59.100241327931045,72.03430795219273,14.5,0.8999999999999999,21.78856362644601,76.81039548609378,0.5,159.87077458352877,1000,448,189,189,0.189,1.0,0.0,0.3836191916718892,0.9947089947089947,0.9947089947089947,68.55814861762897,63.2826016435429,75.5543014829512,0.48060577075597516,2.809071030494173,16.0,38.0
weibull,58.59728552853473,73.39977779866439,15.5,0.7,26.165190237151087,38.587798044080735,0.8999999999999999,57.984323647441514,1000,405,189,189,0.189,1.0,0.0,0.5314687824253205,0.8253968253968254,0.8253968253968254,65.80241819609296,62.51390162715089,71.21957798085194,0.5025155814418599,2.643451189787094,20.0,34.0
weibull,60.23074240488776,73.13924986982738,20.5,0.7999999999999999,32.41320938795368,31.697863849222255,0.5,65.97495057991023,1000,424,188,188,0.188,1.0,0.0,0.6138019462446289,0.574468085106383,0.574468085106383,68.1332567584968,63.4286951477131,74.98219355714187,0.7074086084517408,1.3200714322441782,21.0,33.0
weibull,60.54057916185587,73.47325357861342,20.5,0.7,34.60557418461918,28.728965980328912,0.6,52.9189103775207,1000,472,188,188,0.188,1.0,0.0,0.6929049423098972,0.3191489361702128,0.3191489361702128,67.11321899454936,63.520121451145634,73.64844151469504,0.7032104529642196,1.367244661686318,23.0,31.5
weibull,60.95893287138323,71.1698935170147,11.0,0.6,20.262059363755192,69.616149824864,0.5,144.89689482251092,1000,454,187,187,0.187,1.0,0.0,0.42013541894906553,0.9679144385026738,0.9679144385026738,72.54137145707861,66.02706818949612,81.34824124643755,0.4759842896145823,2.8593117830596935,18.0,37.0
weibull,60.72472281072902,70.72685050045726,20.5,0.5,42.668064110614964,28.728965980328912,0.5,59.79557864782196,1000,429,187,187,0.187,1.0,0.0,0.7202058507718682,0.20855614973262032,0.20855614973262032,73.57608901709645,65.81612227806221,83.23019317650781,0.7078993646030278,1.3549187787429615,23.0,31.0
weibull,59.42006593469174,71.28600753727117,24.0,0.5,49.95285554413459,26.03814219863106,0.7,43.95438348704343,1000,458,187,187,0.187,1.0,0.0,0.82167998900807,0.06417112299465241,0.06417112299465241,69.25903003667187,64.10590619331121,77.1536056666759,0.7087091381025907,1.3426811985489322,25.0,29.0
weibull,61.23694414248129,73.24221797125061,11.5,0.6,21.183062062107698,46.975347139277204,0.7,79.29799318421931,1000,500,186,186,0.186,1.0,0.0,0.47860532768997743,0.9623655913978495,0.9623655913978495,67.8449468459316,63.84832927104229,75.92799228416743,0.48533915333134736,2.7811134460037756,19.0,35.0
weibull,58.6740970134618,73.49085080338423,15.5,0.6,28.55108364892777,34.97357243180279,0.9999999999999999,50.456199509532865,1000,365,186,186,0.186,1.0,0.0,0.5998177764786681,0.6129032258064516,0.6129032258064516,65.9877731541794,62.97264173845687,70.76201903576288,0.5235143574874002,2.4436574822167234,21.5,32.0
weibull,60.99298441612104,71.00929267526337,20.0,0.5,41.62737962011216,28.728965980328912,0.5,59.79557864782196,1000,425,186,186,0.186,1.0,0.0,0.7171023685556793,0.21505376344086022,0.21505376344086022,73.46603426186698,64.78280276823897,83.47473157608184,0.7063980122323201,1.3467543647664353,24.0,31.0
weibull,58.833724670363594,73.39702421415072,23.5,0.5,48.91217105363179,26.03814219863106,0.9999999999999999,37.56509862392669,1000,401,186,186,0.186,1.0,0.0,0.9001906969238745,0.021505376344086023,0.021505376344086023,65.90117823868641,62.710171402475176,70.04283760199657,0.6954318293656814,1.37587120651349,26.0,27.0
weibull,60.246168690355034,73.12713397869214,12.5,0.6,23.025067458812718,42.5755235841089,0.7999999999999999,67.31752979187716,1000,453,185,185,0.185,1.0,0.0,0.4985522595215281,0.9513513513513514,0.9513513513513514,66.55429091183694,62.56870987796192,72.76856478571756,0.47460987937242144,2.837619265447571,19.0,34.0
weibull,61.40480136381154,72.41046951148982,10.0,0.5,20.81368981005608,46.975347139277204,0.7,79.29799318421931,1000,462,184,184,0.184,1.0,0.0,0.4973057124629099,0.9184782608695652,0.9184782608695652,69.92474150362226,63.745793227849646,78.700677248885,0.46677324272268295,2.920312700544775,20.0,35.0
weibull,60.457646040764374,72.33165270096825,11.0,0.5,22.895058791061686,42.5755235841089,0.7999999999999999,67.31752979187716,1000,483,184,184,0.184,1.0,0.0,0.5277102614651272,0.8478260869565217,0.8478260869565217,68.30013123197043,63.66387711654012,76.34648891330973,0.4654480302628624,2.916618705928118,21.0,34.0
weibull,58.71184653883475,70.61602870934165,13.5,0.7999999999999999,21.345284231091448,84.74810614451644,0.5,176.39207932816728,1000,443,184,184,0.184,1.0,0.0,0.37273836788349535,0.9945652173913043,0.9945652173913043,69.29643790049009,63.51974459533024,79.3260692140034,0.4659381813292278,2.9364589497321134,16.0,38.0
weibull,59.69276142599652,71.59827574453072,21.0,0.7,35.44961257936599,31.697863849222255,0.5,65.97495057991023,1000,455,184,184,0.184,1.0,0.0,0.6638771919495555,0.3804347826086957,0.3804347826086957,68.8163748230429,64.31010618005391,76.13551876142284,0.7154891122460831,1.2902980323738884,22.0,32.0
weibull,59.34135193267182,71.22290717603641,21.5,0.7,36.2936509741128,31.697863849222255,0.5,65.97495057991023,1000,479,184,184,0.184,1.0,0.0,0.6536670476071728,0.42391304347826086,0.42391304347826086,69.53659201687896,64.73128291281027,78.28104647603188,0.6986592254469339,1.3806587778955925,22.0,33.0
weibull,59.5494017071941,73.27004339914771,22.5,0.5,46.83080207262618,26.03814219863106,0.8999999999999999,39.1264633109877,1000,415,184,184,0.184,1.0,0.0,0.8583927893542986,0.043478260869565216,0.043478260869565216,66.25775830116562,63.06045273060124,71.11297433185067,0.6712241249207793,1.5213215417154404,26.0,28.0
weibull,60.32379601311305,71.34645647508445,11.0,0.5,22.895058791061686,46.975347139277204,0.7,79.29799318421931,1000,441,183,183,0.183,1.0,0.0,0.5230900352910363,0.912568306010929,0.912568306010929,70.44685051148886,64.23907722345055,77.02440308003216,0.47118860629854814,2.8710783978896424,20.0,35.0
weibull,59.75662508146115,71.65201889918534,21.5,0.6,39.603116029157874,28.728965980328912,0.6,52.9189103775207,1000,454,183,183,0.183,1.0,0.0,0.7330481114581475,0.18032786885245902,0.18032786885245902,69.92915528167744,64.26115046097442,77.62838939631573,0.7173430304956244,1.2970453654349556,24.0,31.0
weibull,58.68507855182868,71.43643601679804,22.5,0.6,41.44512142586289,28.728965980328912,0.7,48.49670065754502,1000,438,183,183,0.183,1.0,0.0,0.7426152916221777,0.1912568306010929,0.1912568306010929,67.91427007586748,64.08614819814906,75.62276331058119,0.6885599449737302,1.4480768552322003,24.0,30.0
weibull,58.66055390845679,73.26437135380792,20.5,0.9999999999999999,29.575248338223755,38.587798044080735,0.5,80.31544589425852,1000,402,182,182,0.182,1.0,0.0,0.5399324159353949,0.8296703296703297,0.8296703296703297,65.86845613012792,63.19802063475448,71.40337235201814,0.6759485738256142,1.499176219852945,19.0,35.0
weibull,59.15143881777222,73.02567212099028,14.5,0.7,24.47711344765747,42.5755235841089,0.7999999999999999,67.31752979187716,1000,429,181,181,0.181,1.0,0.0,0.4988206920474729,0.9116022099447514,0.9116022099447514,65.88369927048821,62.856424891981305,71.0468171182381,0.49043109190144146,2.713925759940815,19.0,34.0
weibull,59.46157921174067,71.33728349437712,22.0,0.6,40.524118727510384,28.728965980328912,0.6,52.9189103775207,1000,421,181,181,0.181,1.0,0.0,0.733810216627775,0.14917127071823205,0.14917127071823205,69.72406444328098,64.221118982873,77.30203385979897,0.7110671197986606,1.3191415686037793,23.0,31.0
weibull,59.81920249884557,72.64520714927517,22.5,0.5,46.83080207262618,26.03814219863106,0.7999999999999999,41.1697441540264,1000,442,181,181,0.181,1.0,0.0,0.8456848292174329,0.07734806629834254,0.07734806629834254,68.23371981475945,64.03871055506946,75.28999378394698,0.7055117641905382,1.3586549059734931,26.0,29.0
weibull,59.52366599591343,71.33050361652377,12.0,0.6,22.104064760460208,51.82985558583315,0.7,87.49277621725112,1000,478,180,180,0.18,1.0,0.0,0.46549751007540985,0.9777777777777777,0.9777777777777777,69.1364183446014,63.9983131659446,76.89115237432841,0.4715882140855038,2.890776227162979,19.0,35.0
weibull,58.9908775312818,71.78368459126695,13.5,0.7,22.78903665816385,51.82985558583315,0.7,87.49277621725112,1000,459,180,180,0.18,1.0,0.0,0.44736444051840657,0.9833333333333333,0.9833333333333333,68.13580171259329,63.72739987762293,74.43873227959584,0.46793739049325267,2.925014210142598,18.0,36.0
weibull,61.417854907722145,72.45201122947418,20.5,0.5,42.668064110614964,26.03814219863106,0.6,47.96239845005106,1000,439,180,180,0.18,1.0,0.0,0.7684759167480534,0.14444444444444443,0.14444444444444443,69.75623676991451,64.75978328571294,78.44827176438827,0.7048075913986848,1.3649573231361662,24.0,30.0
weibull,59.43286518717997,73.20585607951651,20.5,0.8999999999999999,30.804520989113325,34.97357243180279,0.5,72.7929088145072,1000,404,179,179,0.179,1.0,0.0,0.5672160484932639,0.7486033519553073,0.7486033519553073,67.08615546100208,63.38656514208542,74.16194636726127,0.6770301144938362,1.4871387404892658,20.0,34.0
weibull,60.34180359407728,72.30925609780306,21.5,0.7,36.2936509741128,28.728965980328912,0.5,59.79557864782196,1000,488,179,179,0.179,1.0,0.0,0.6746490270994825,0.3463687150837989,0.3463687150837989,70.18697915565068,64.1845107138197,78.3343111454782,0.7327455859485221,1.1904977537559314,22.0,32.0
weibull,60.107521120430036,72.0180866181636,22.5,0.5,46.83080207262618,26.03814219863106,0.7,43.95438348704343,1000,461,179,179,0.179,1.0,0.0,0.8115372942739358,0.08379888268156424,0.08379888268156424,68.14711585745707,63.59973129696952,78.6751040959637,0.7066229247173528,1.3350693406971061,25.0,29.0
weibull,58.97238474199777,71.74374465896852,22.0,0.6,40.524118727510384,28.728965980328912,0.7,48.49670065754502,1000,439,178,178,0.178,1.0,0.0,0.7482406733143652,0.19101123595505617,0.19101123595505617,68.0241344481061,63.09793882026158,75.05021776350536,0.6999244199249952,1.358820730119486,24.0,30.0
weibull,58.9967234861567,72.75328282344347,22.0,0.7,37.13768936885961,28.728965980328912,0.7,48.49670065754502,1000,440,177,177,0.177,1.0,0.0,0.7028255394393575,0.2655367231638418,0.2655367231638418,67.0377839653587,63.30410779409085,73.41414386156136,0.6868470964958864,1.4386912764512545,23.0,31.0
weibull,58.99947711460061,70.85631465934314,22.0,0.7,37.13768936885961,31.697863849222255,0.5,65.97495057991023,1000,436,177,177,0.177,1.0,0.0,0.6653418836391937,0.4067796610169492,0.4067796610169492,69.87950617690608,64.45436755157135,79.36684003912723,0.7151218311595485,1.2607461743380837,22.0,32.0
weibull,60.179202267295494,73.08878274403965,21.0,0.7,35.44961257936599,28.728965980328912,0.6,52.9189103775207,1000,449,176,176,0.176,1.0,0.0,0.6787136208488467,0.4090909090909091,0.4090909090909091,67.73085760833493,63.28854140816033,73.72556620277462,0.694174520899865,1.4080932225391605,22.0,32.0
weibull,60.629918480385726,70.68367916503215,10.0,0.5,20.81368981005608,57.18603679678211,0.6,105.33698839584436,1000,452,175,175,0.175,1.0,0.0,0.4629353319662086,0.9657142857142857,0.9657142857142857,73.14812962323005,65.34604554533547,82.820273166202,0.4617171032321747,2.9601417116388746,19.0,36.0
weibull,59.57861584288031,72.35508141178043,13.0,0.7,21.94499826341704,51.82985558583315,0.7,87.49277621725112,1000,509,175,175,0.175,1.0,0.0,0.43942927745584365,0.9885714285714285,0.9885714285714285,67.40238340125532,63.378256994220614,73.10357375385799,0.4694251998376051,2.891340119545613,18.0,36.0
weibull,58.947880120596764,71.55645039915696,12.5,0.6,23.025067458812718,46.975347139277204,0.7999999999999999,74.27423233644892,1000,452,174,174,0.174,1.0,0.0,0.495223337550681,0.9022988505747126,0.9022988505747126,67.58392852914643,63.386199201371745,73.57718604460483,0.4761568504624895,2.821922307861661,20.0,34.5
weibull,61.266908978815096,73.29548633712042,21.0,0.6,38.682113330805365,26.03814219863106,0.6,47.96239845005106,1000,460,174,174,0.174,1.0,0.0,0.7261432278338805,0.1724137931034483,0.1724137931034483,68.36690694544939,63.48289740279418,76.47437586212746,0.7064273890701187,1.3361717048444772,23.0,30.0
weibull,58.793597264975915,73.27017769387479,13.5,0.5,28.09848124357571,34.97357243180279,1.0999999999999999,48.80273064169227,1000,411,173,173,0.173,1.0,0.0,0.6204138133493182,0.5953757225433526,0.5953757225433526,65.98952773320445,63.15028527421409,71.59714768139908,0.4805281142541653,2.7776193345377758,22.0,31.0
weibull,59.044810659093855,72.75420231097576,14.5,0.8999999999999999,21.78856362644601,63.0957344480193,0.6,116.22268336231822,1000,474,173,173,0.173,1.0,0.0,0.38116501403562647,0.9942196531791907,0.9942196531791907,66.84823635230815,63.233445742353126,71.70100311056123,0.4703440085727336,2.862926304297894,16.0,37.0
weibull,61.156907238862516,72.17669815358538,21.0,0.5,43.70874860111777,26.03814219863106,0.6,47.96239845005106,1000,436,173,173,0.173,1.0,0.0,0.7790456458902302,0.12138728323699421,0.12138728323699421,70.57169805377418,64.64029014081262,79.31885490646485,0.7236141601073949,1.2544349200374307,24.0,30.0
weibull,58.97536534805798,72.71965182608903,21.0,0.8999999999999999,31.5558507693356,34.97357243180279,0.5,72.7929088145072,1000,421,173,173,0.173,1.0,0.0,0.584578618017014,0.7167630057803468,0.7167630057803468,66.38747677101087,63.44375082372315,72.54459454336116,0.6830173831643802,1.4688741740605182,20.0,33.0
weibull,59.58431713696085,72.39549931831434,23.0,0.5,47.87148656312898,26.03814219863106,0.7999999999999999,41.1697441540264,1000,412,173,173,0.173,1.0,0.0,0.8474527718711254,0.07514450867052024,0.07514450867052024,66.81635165287794,63.398917206461945,72.80771960672423,0.6970491644176025,1.37084581245772,25.0,28.0
weibull,58.57031731507052,73.38931981835026,16.5,1.0999999999999999,23.024386689638906,69.616149824864,0.5,144.89689482251092,1000,398,172,172,0.172,1.0,0.0,0.37414669795729466,1.0,1.0,65.94640708535158,63.03301294305633,72.70277801687917,0.5064832085768844,2.610104292528697,15.0,38.0
weibull,58.913585413190425,71.68002092594585,24.5,0.5,50.9935400346374,26.03814219863106,0.7999999999999999,41.1697441540264,1000,441,172,172,0.172,1.0,0.0,0.8623523018538846,0.05813953488372093,0.05813953488372093,68.2810493733871,63.08869674228646,74.25602884298809,0.6974789652319993,1.3762391505982425,26.0,28.0
weibull,60.286306513449944,71.33651364514309,12.0,0.7,20.256921473923423,76.81039548609378,0.5,159.87077458352877,1000,497,171,171,0.171,1.0,0.0,0.39425435922051744,1.0,1.0,70.06866359706675,64.26539670836875,79.2209809736612,0.46519558439963016,2.935068651094071,17.0,37.0
weibull,60.835741457474484,72.76730598566387,12.5,0.7999999999999999,19.764152065825414,76.81039548609378,0.5,159.87077458352877,1000,482,171,171,0.171,1.0,0.0,0.3650720436884512,1.0,1.0,68.49686340876448,63.343705448391745,75.57914228316292,0.45523869093107727,3.0137495099600513,15.0,38.0
weibull,59.219808469784766,73.00159220606794,15.0,0.9999999999999999,21.640425613334454,76.81039548609378,0.5,159.87077458352877,1000,434,171,171,0.171,1.0,0.0,0.3592581392231629,1.0,1.0,66.72096604902418,63.46933962560284,74.52801043404108,0.45903461250389194,2.95627340766275,15.0,38.0
weibull,58.728451904493724,72.46234012847052,21.5,0.7999999999999999,33.99434155321971,31.697863849222255,0.6,58.38763627428827,1000,428,171,171,0.171,1.0,0.0,0.6509484173357252,0.43859649122807015,0.43859649122807015,67.49056077269779,63.19343498202478,73.85337403659953,0.7031455867721974,1.3254403772352017,22.0,32.0
weibull,59.31451634530938,73.02033556818688,23.0,0.5,47.87148656312898,26.03814219863106,0.8999999999999999,39.1264633109877,1000,411,171,171,0.171,1.0,0.0,0.8646103947589607,0.017543859649122806,0.017543859649122806,66.57948367972402,63.272127134340195,71.72688661366792,0.687320629468652,1.418619838921978,26.0,28.0
weibull,59.12708225005918,72.88899175544975,21.0,0.7999999999999999,33.2037754705867,31.697863849222255,0.6,58.38763627428827,1000,419,170,170,0.17,1.0,0.0,0.6325354322300845,0.5176470588235295,0.5176470588235295,66.86476492988581,63.36390368254541,72.8372589003801,0.6827449302747692,1.4576459687808423,21.0,32.0
weibull,58.861946521455806,72.53796431825529,24.0,0.5,49.95285554413459,26.03814219863106,0.8999999999999999,39.1264633109877,1000,420,170,170,0.17,1.0,0.0,0.8909874299934772,0.03529411764705882,0.03529411764705882,66.46500753984992,63.01962450499325,72.48951601235429,0.7053653131162183,1.3446847220122355,26.0,27.0
weibull,59.20190403477489,71.05290039483428,24.5,0.5,50.9935400346374,26.03814219863106,0.7,43.95438348704343,1000,463,170,170,0.17,1.0,0.0,0.8134901059213251,0.07058823529411765,0.07058823529411765,69.11726042793143,64.08257253333163,76.77130514471682,0.7036223962039435,1.363224832365467,25.0,29.0
weibull,59.60988768227201,73.03824453855253,11.5,0.5,23.93574328156449,38.587798044080735,0.9999999999999999,55.67042487702013,1000,459,168,168,0.168,1.0,0.0,0.5631577521051115,0.7738095238095238,0.7738095238095238,66.73618892618917,62.898723498240244,72.60501389112108,0.45943889625628775,2.947815100902903,21.0,33.0
weibull,59.00835239744436,71.78439910507227,14.0,0.8999999999999999,21.03723384622373,84.74810614451644,0.5,176.39207932816728,1000,478,168,168,0.168,1.0,0.0,0.347280929604377,1.0,1.0,69.10158276119985,63.38210483191847,75.13555031294759,0.45275119243721973,3.0085494289539136,15.0,39.0
weibull,59.64356604560487,71.52442850836027,23.5,0.5,48.91217105363179,26.03814219863106,0.7,43.95438348704343,1000,439,168,168,0.168,1.0,0.0,0.8448971532056148,0.05357142857142857,0.05357142857142857,68.61512827626808,63.75171498608205,75.45597378991816,0.7042479803128905,1.3618122670619899,25.5,29.0
weibull,60.88539174677573,71.90083962971053,20.5,0.6,37.761110632452855,28.728965980328912,0.5,59.79557864782196,1000,436,167,167,0.167,1.0,0.0,0.6848876472768198,0.32335329341317365,0.32335329341317365,70.9827448835606,64.7243660678436,79.22268750302257,0.7071334275692691,1.3499637859409006,23.0,32.0
weibull,59.3385983042279,73.11987534013676,21.5,0.7,36.2936509741128,28.728965980328912,0.7,48.49670065754502,1000,421,167,167,0.167,1.0,0.0,0.6949189562546656,0.23952095808383234,0.23952095808383234,66.91295286997615,62.86405123541617,72.49624053484729,0.6785717531274493,1.493891116024238,23.0,31.0
weibull,60.361593181089646,73.2858391187493,22.0,0.6,40.524118727510384,26.03814219863106,0.7,43.95438348704343,1000,440,167,167,0.167,1.0,0.0,0.775087782925477,0.10179640718562874,0.10179640718562874,67.58120167513016,63.33066248828581,73.45401546691784,0.7076488337335167,1.3161222149373681,24.0,30.0
weibull,60.41465006818066,71.39053364506606,22.5,0.5,46.83080207262618,26.03814219863106,0.6,47.96239845005106,1000,438,167,167,0.167,1.0,0.0,0.7735747706943638,0.1317365269461078,0.1317365269461078,70.5900231482328,64.58724442150753,78.40957103009343,0.7005578884342315,1.3631933915116505,24.0,30.0
weibull,59.78398080969964,72.67312253661784,14.0,0.8999999999999999,21.03723384622373,76.81039548609378,0.5,159.87077458352877,1000,469,166,166,0.166,1.0,0.0,0.3651380808918878,1.0,1.0,67.68965276758928,63.239271286537786,74.60968163200587,0.46538503544061416,2.953893403388159,15.0,38.0
weibull,59.8277927739708,72.71341417554534,21.5,0.7,36.2936509741128,28.728965980328912,0.6,52.9189103775207,1000,447,166,166,0.166,1.0,0.0,0.6893683615084445,0.30120481927710846,0.30120481927710846,68.5123540500791,64.24351048500671,74.8516630413894,0.6940615236613452,1.4240990901887782,23.0,32.0
weibull,59.820680386321854,72.70267914531613,21.0,0.7999999999999999,33.2037754705867,31.697863849222255,0.5,65.97495057991023,1000,465,165,165,0.165,1.0,0.0,0.5997791665961731,0.6363636363636364,0.6363636363636364,67.79348601664219,63.642883949898106,74.9907402127581,0.6825494732570995,1.4746883365435122,21.0,33.0
weibull,60.27063590156764,71.24786082144306,21.5,0.6,39.603116029157874,28.728965980328912,0.5,59.79557864782196,1000,450,165,165,0.165,1.0,0.0,0.7125248169512675,0.2909090909090909,0.2909090909090909,71.34933174595542,64.35007171647865,79.03554486173282,0.7055110687759385,1.3321350202021613,23.0,32.0
weibull,59.17427302157157,71.02997485220664,22.5,0.6,41.44512142586289,28.728965980328912,0.6,52.9189103775207,1000,419,165,165,0.165,1.0,0.0,0.7161046199669848,0.20606060606060606,0.20606060606060606,69.52420995995442,64.26124141021981,77.90263419843977,0.7029148325196778,1.3668585714147483,23.0,31.0
weibull,59.43204428225283,72.22464649967024,13.5,0.7999999999999999,21.345284231091448,63.0957344480193,0.6,116.22268336231822,1000,470,164,164,0.164,1.0,0.0,0.3995842103158638,0.9817073170731707,0.9817073170731707,67.40120083833213,63.5852607896571,73.88249522637796,0.470025550871743,2.8990095487165224,16.0,37.0
weibull,61.187729153426474,73.1734656281123,12.0,0.7,20.256921473923423,57.18603679678211,0.6,105.33698839584436,1000,474,163,163,0.163,1.0,0.0,0.412152644424366,0.9938650306748467,0.9938650306748467,68.52950089647007,63.38449383271362,75.29472330148805,0.46381226271568327,2.9567325580033272,17.0,37.0
weibull,59.373917334941716,71.24002479221194,13.0,0.7999999999999999,20.55471814845843,84.74810614451644,0.5,176.39207932816728,1000,494,163,163,0.163,1.0,0.0,0.36948441811296784,1.0,1.0,70.19625497838567,64.15742879701108,77.16280152613075,0.4574390516141882,2.976462298714841,16.0,39.0
weibull,61.42639409330647,73.46300986067551,20.0,0.7,33.76153578987237,28.728965980328912,0.5,59.79557864782196,1000,463,163,163,0.163,1.0,0.0,0.6641999395474892,0.39263803680981596,0.39263803680981596,68.83457905096633,64.14760972578067,75.5831929400266,0.7179313171734466,1.2763014925796685,22.0,32.0
weibull,58.89437260769067,70.72980644923695,23.0,0.6,42.366124124215396,28.728965980328912,0.6,52.9189103775207,1000,423,163,163,0.163,1.0,0.0,0.7308240000336558,0.1901840490797546,0.1901840490797546,70.01065857687809,64.40911108157624,77.32367534021766,0.7066867840374322,1.3678093974094483,24.0,31.0
weibull,58.96578897827533,72.55040412464119,13.5,0.7,22.78903665816385,46.975347139277204,0.7999999999999999,74.27423233644892,1000,461,162,162,0.162,1.0,0.0,0.4714699850727708,0.9444444444444444,0.9444444444444444,66.38294671264794,62.899664844618336,72.98134273358865,0.4642130941009288,2.9093902176155746,18.0,35.0
weibull,60.90293275091773,71.90820488784792,21.5,0.5,44.749433091620574,26.03814219863106,0.6,47.96239845005106,1000,431,162,162,0.162,1.0,0.0,0.78837361265588,0.11728395061728394,0.11728395061728394,70.4460896998774,64.86358908478353,77.65423061533845,0.7109598843686683,1.318828576660008,25.0,30.0
weibull,61.4829649172129,71.55048252530594,21.0,0.5,43.70874860111777,26.03814219863106,0.5,54.19498149524385,1000,423,160,160,0.16,1.0,0.0,0.7338035984087725,0.1875,0.1875,73.06309546474031,65.9903663333537,83.83579652476051,0.7141003215287742,1.3004760129680515,24.0,31.0
weibull,59.872635758545314,71.76837878720276,23.0,0.5,47.87148656312898,26.03814219863106,0.7,43.95438348704343,1000,438,160,160,0.16,1.0,0.0,0.7913436410252845,0.1,0.1,69.00573811834535,63.323628739493415,78.14348300198131,0.6933480286093034,1.4053391295260478,25.0,30.0
weibull,58.643784621538956,72.3048571758184,24.5,0.5,50.9935400346374,26.03814219863106,0.8999999999999999,39.1264633109877,1000,408,160,160,0.16,1.0,0.0,0.8872845963786817,0.04375,0.04375,66.43294095557223,63.37216527076547,71.9795609717168,0.6917769311455433,1.4142330644604084,26.0,28.0
weibull,60.388897591066566,73.34170412385643,13.5,0.7999999999999999,21.345284231091448,57.18603679678211,0.6,105.33698839584436,1000,438,159,159,0.159,1.0,0.0,0.4057864931273052,1.0,1.0,67.07183036632313,63.46046986466905,74.26854414488744,0.4803560331869075,2.798684648524497,17.0,37.0
weibull,58.5307093380497,72.24389126938622,21.5,0.8999999999999999,32.30718054955788,34.97357243180279,0.5,72.7929088145072,1000,418,159,159,0.159,1.0,0.0,0.6004355225628785,0.6477987421383647,0.6477987421383647,66.96629446087422,62.950973251734226,74.33696761974831,0.6870780814846941,1.4109240472145042,21.0,33.0
weibull,60.49068652482826,73.32374364101307,13.5,0.8999999999999999,20.285904066001457,76.81039548609378,0.5,159.87077458352877,1000,475,158,158,0.158,1.0,0.0,0.36029123066088886,1.0,1.0,67.03885298800193,63.072402354151215,75.16304650923342,0.4653223636314391,2.9468984993202265,15.5,38.0
weibull,58.76813296688622,72.51152479889996,14.5,0.7999999999999999,22.92641639635748,51.82985558583315,0.7,87.49277621725112,1000,448,158,158,0.158,1.0,0.0,0.44466333384096335,0.9810126582278481,0.9810126582278481,67.04188076755624,63.13029413830769,73.46483413107777,0.4810595226666574,2.796669423332645,18.0,36.0
weibull,60.57377688182197,71.5703256081035,21.0,0.6,38.682113330805365,28.728965980328912,0.5,59.79557864782196,1000,446,158,158,0.158,1.0,0.0,0.6936766193110631,0.27848101265822783,0.27848101265822783,70.7946690161502,65.52200489645651,78.85994546268591,0.710651600389155,1.313240213897176,23.0,31.0
weibull,60.696423082211766,72.46926646069572,11.0,0.6,20.262059363755192,51.82985558583315,0.7,87.49277621725112,1000,474,157,157,0.157,1.0,0.0,0.4497296132675403,0.9808917197452229,0.9808917197452229,68.43636493131385,63.6153534896921,76.09447031220473,0.4622471853864907,2.9576952854743226,18.0,36.0
weibull,59.79438657703966,72.67836207360912,23.0,0.6,42.366124124215396,26.03814219863106,0.7,43.95438348704343,1000,433,157,157,0.157,1.0,0.0,0.7721094926689626,0.17197452229299362,0.17197452229299362,67.52299482640106,63.66216974215257,74.13625091688507,0.7131163460164992,1.307918268242376,24.0,30.0
weibull,59.08544663236894,72.7763852893444,23.5,0.5,48.91217105363179,26.03814219863106,0.8999999999999999,39.1264633109877,1000,451,157,157,0.157,1.0,0.0,0.8680372392464291,0.03184713375796178,0.03184713375796178,66.7400639648545,62.89050868750191,72.55288236818218,0.6820619447441528,1.455495727206326,26.0,28.0
weibull,59.12750737938695,72.55706765036018,12.0,0.5,24.976427772067296,38.587798044080735,0.9999999999999999,55.67042487702013,1000,440,156,156,0.156,1.0,0.0,0.5773966655903976,0.7243589743589743,0.7243589743589743,66.3650112637038,62.96779811443852,72.12716456663267,0.47036384681728366,2.864475747230463,21.0,32.0
weibull,59.4220500407564,72.27602751833689,21.5,0.7999999999999999,33.99434155321971,31.697863849222255,0.5,65.97495057991023,1000,459,156,156,0.156,1.0,0.0,0.637876072556725,0.48717948717948717,0.48717948717948717,67.79898182733731,63.37272782274452,74.36149512362257,0.6984064301715787,1.3893006416739415,21.0,32.0
weibull,59.131747313107276,71.91312806838275,24.0,0.5,49.95285554413459,26.03814219863106,0.7999999999999999,41.1697441540264,1000,445,156,156,0.156,1.0,0.0,0.8685378259800033,0.05128205128205128,0.05128205128205128,66.71213228110449,63.04141532952415,73.62146381669228,0.7084577557569411,1.3107567245105285,26.0,28.0
weibull,61.06089018788643,72.09468300126369,11.0,0.6,20.262059363755192,57.18603679678211,0.6,105.33698839584436,1000,466,155,155,0.155,1.0,0.0,0.4354628245930952,0.9806451612903225,0.9806451612903225,70.84826915908528,64.29538087625505,78.66766175082647,0.46545370817375276,2.9246568638482806,18.0,36.0
weibull,60.17976470629594,71.14082581410523,23.0,0.5,47.87148656312898,26.03814219863106,0.6,47.96239845005106,1000,432,155,155,0.155,1.0,0.0,0.7988903061177173,0.06451612903225806,0.06451612903225806,70.6870967183653,64.81962773122896,79.49043324839667,0.7281588560240727,1.2258650572219667,25.0,30.0
weibull,59.950694993355505,70.89687553526275,23.5,0.5,48.91217105363179,26.03814219863106,0.6,47.96239845005106,1000,459,154,154,0.154,1.0,0.0,0.7802086306859741,0.11038961038961038,0.11038961038961038,71.62166188787043,65.27440473451487,80.45327266817581,0.7253733014288061,1.2318837053929785,25.0,30.0
weibull,59.52157791727241,72.38506242944416,23.5,0.6,43.287126822567906,26.03814219863106,0.7,43.95438348704343,1000,459,154,154,0.154,1.0,0.0,0.7765671082776007,0.14285714285714285,0.14285714285714285,68.68593784501346,63.49273510506757,74.36165607260993,0.7113768068988053,1.3013219120025696,24.0,30.0
weibull,58.700543870001965,71.45202398322533,25.0,0.5,52.034224525140196,26.03814219863106,0.7999999999999999,41.1697441540264,1000,414,154,154,0.154,1.0,0.0,0.8521351630950414,0.032467532467532464,0.032467532467532464,67.54466084418465,63.358842104832384,73.67560336270358,0.7037784080840543,1.3459478423454603,26.0,28.0
weibull,59.596571406484074,71.45137734587348,12.5,0.7,21.100959868670234,63.0957344480193,0.6,116.22268336231822,1000,478,153,153,0.153,1.0,0.0,0.42536876833626186,0.9869281045751634,0.9869281045751634,69.48118614310724,64.12942288782881,77.36744656099656,0.4734298070758717,2.8828075477303337,17.0,37.0
weibull,60.69321308740198,72.68462466629737,21.0,0.7,35.44961257936599,28.728965980328912,0.5,59.79557864782196,1000,453,153,153,0.153,1.0,0.0,0.6623493588543353,0.43137254901960786,0.43137254901960786,68.53120949734965,63.421178360749934,75.88153150025873,0.7342255083105137,1.203044224631563,22.0,32.0
weibull,60.96376799856077,72.97302155045998,21.5,0.6,39.603116029157874,26.03814219863106,0.6,47.96239845005106,1000,444,153,153,0.153,1.0,0.0,0.7296545900877933,0.12418300653594772,0.12418300653594772,68.59319626526724,63.8636995326925,75.99029181990845,0.7237145508890029,1.2606496801219156,23.0,30.0
weibull,58.532297606720796,73.16111480205456,22.0,0.7,37.13768936885961,28.728965980328912,0.7999999999999999,45.424292186331655,1000,391,153,153,0.153,1.0,0.0,0.7227482135575896,0.2679738562091503,0.2679738562091503,66.10279610288814,62.76054399250616,71.46447038989616,0.666420855421841,1.5406384554240748,23.0,30.0
weibull,58.963547294048034,71.4350285218527,11.5,0.5,23.93574328156449,42.5755235841089,0.8999999999999999,63.976517554593755,1000,453,152,152,0.152,1.0,0.0,0.5443148940900544,0.8289473684210527,0.8289473684210527,67.87526425513074,63.86407006129673,74.46164489191976,0.4590865722162697,2.948289903177597,21.0,33.0
weibull,59.6900077975526,73.49524390863107,21.0,0.7,35.44961257936599,28.728965980328912,0.7,48.49670065754502,1000,409,152,152,0.152,1.0,0.0,0.7159074774446377,0.2565789473684211,0.2565789473684211,67.19719635564022,63.45651951245669,73.06999322558468,0.6800925107581173,1.4696703308477557,23.0,31.0
weibull,59.48591795589959,72.34682165885206,22.0,0.7,37.13768936885961,28.728965980328912,0.6,52.9189103775207,1000,424,152,152,0.152,1.0,0.0,0.6961147086955664,0.29605263157894735,0.29605263157894735,67.53549414818539,63.45741163971137,74.8103058960496,0.7055762256942811,1.3458942569753471,23.0,31.0
weibull,59.153170226797656,71.98869339168041,22.5,0.7,37.98172776360642,28.728965980328912,0.6,52.9189103775207,1000,445,152,152,0.152,1.0,0.0,0.6876088944209726,0.2894736842105263,0.2894736842105263,67.82462439903455,63.31559950635267,75.5390818208261,0.6999949395752265,1.3564507108718975,22.5,31.0
weibull,58.663975757054764,72.39515455627182,22.5,0.7,37.98172776360642,28.728965980328912,0.7,48.49670065754502,1000,448,152,152,0.152,1.0,0.0,0.7284421521973306,0.21052631578947367,0.21052631578947367,67.10797744823331,62.85999932227219,73.33146091077356,0.7071865443255592,1.3415021787071706,23.0,31.0
weibull,60.98536212364453,72.85260818741241,10.5,0.5,21.854374300558884,42.5755235841089,0.7999999999999999,67.31752979187716,1000,482,151,151,0.151,1.0,0.0,0.5216982140979367,0.8675496688741722,0.8675496688741722,68.46030103011505,62.960570316926194,74.50506062984672,0.4655709907331053,2.9079494185352175,20.0,34.0
weibull,60.7850349730124,70.85780522267993,10.5,0.6,19.341056665402682,76.81039548609378,0.5,159.87077458352877,1000,436,149,149,0.149,1.0,0.0,0.3969916293913214,1.0,1.0,72.77912349115952,66.06932088892877,81.81601809718407,0.45709415363632444,3.038201257238751,17.0,37.0
weibull,61.05458998196235,73.06909550087114,20.5,0.7,34.60557418461918,28.728965980328912,0.5,59.79557864782196,1000,431,149,149,0.149,1.0,0.0,0.6528998733109205,0.4228187919463087,0.4228187919463087,68.95869771732603,64.04090119653462,75.87903400348355,0.7125280946103855,1.3100805149178403,22.0,32.0
weibull,60.104036879072694,70.9776253770775,11.0,0.6,20.262059363755192,63.0957344480193,0.6,116.22268336231822,1000,481,148,148,0.148,1.0,0.0,0.435603620628884,0.9797297297297297,0.9797297297297297,70.92517504898507,64.85666602783327,79.73749303306336,0.463514290935817,2.9597763901099077,18.0,36.0
weibull,58.8291653510594,71.63873135238354,23.0,0.7,38.825766158353225,28.728965980328912,0.6,52.9189103775207,1000,449,148,148,0.148,1.0,0.0,0.7041752282967454,0.25675675675675674,0.25675675675675674,69.30721521995446,63.892392459894566,75.23588823907123,0.7035962217233493,1.3413201992024955,23.0,31.5
weibull,58.665298441696116,72.09383764307535,12.5,0.5,26.017112262570098,38.587798044080735,0.9999999999999999,55.67042487702013,1000,429,147,147,0.147,1.0,0.0,0.5792347692935101,0.7346938775510204,0.7346938775510204,67.03798639952356,63.46726171000729,72.02643888519853,0.47691545204978636,2.8406803118217665,22.0,32.0
weibull,61.22899042926811,71.28198925956849,21.5,0.5,44.749433091620574,26.03814219863106,0.5,54.19498149524385,1000,421,147,147,0.147,1.0,0.0,0.7720047717778635,0.12244897959183673,0.12244897959183673,74.0006905814922,66.52448322277341,83.99455676527727,0.7260591457882852,1.236163211629111,24.0,30.0
weibull,60.655613017445475,71.64624104141677,22.0,0.5,45.79011758212337,26.03814219863106,0.6,47.96239845005106,1000,410,147,147,0.147,1.0,0.0,0.77961508161174,0.1360544217687075,0.1360544217687075,69.75249412174868,64.72796485488627,80.4601129467778,0.7134630885725619,1.3082688157868698,24.0,30.0
weibull,59.68828384167806,70.62581677446434,22.5,0.6,41.44512142586289,28.728965980328912,0.5,59.79557864782196,1000,451,147,147,0.147,1.0,0.0,0.7034942425865133,0.30612244897959184,0.30612244897959184,71.11013448702562,65.02901215038119,79.75071767663104,0.7033284941528866,1.3612576402315777,23.0,32.0
weibull,59.71216210689273,70.51520507450297,10.5,0.5,21.854374300558884,51.82985558583315,0.7,87.49277621725112,1000,459,146,146,0.146,1.0,0.0,0.48645083860517024,0.9383561643835616,0.9383561643835616,71.45307828900414,65.42693122293463,80.74699761295611,0.45566928338123514,3.0268969758054785,20.0,35.0
weibull,60.09759415338081,71.89001108422498,11.5,0.6,21.183062062107698,51.82985558583315,0.7,87.49277621725112,1000,454,146,146,0.146,1.0,0.0,0.4562190726626999,0.9726027397260274,0.9726027397260274,69.25810728007833,63.82012163646442,75.15338373175092,0.46662153097822284,2.9023600525307884,19.0,35.0
weibull,59.498577442906964,72.09722314989801,12.0,0.6,22.104064760460208,46.975347139277204,0.7999999999999999,74.27423233644892,1000,477,146,146,0.146,1.0,0.0,0.47038657648252524,0.9726027397260274,0.9726027397260274,67.64012560564422,63.2246477538774,73.44044587005487,0.4505626696223194,3.0775763492581323,19.0,35.0
weibull,60.060113045219204,71.8785825541183,12.5,0.7999999999999999,19.764152065825414,84.74810614451644,0.5,176.39207932816728,1000,486,146,146,0.146,1.0,0.0,0.37135601736601853,1.0,1.0,68.44629904206678,64.55452496813774,77.44794139201159,0.4649268035327377,2.9190345802672333,16.0,38.0
weibull,58.98622963974124,70.86344032816223,13.0,0.7,21.94499826341704,63.0957344480193,0.6,116.22268336231822,1000,462,146,146,0.146,1.0,0.0,0.41938477974997823,0.9863013698630136,0.9863013698630136,69.79649309417474,64.13458296822758,76.4312859584423,0.46963069282630776,2.8971711075960753,17.0,37.0
weibull,60.98167069579585,71.02002541313733,22.0,0.5,45.79011758212337,26.03814219863106,0.5,54.19498149524385,1000,435,145,145,0.145,1.0,0.0,0.7579740620339286,0.19310344827586207,0.19310344827586207,72.01972290794919,65.19399446515492,83.71320309377082,0.710961033331654,1.3397780500514098,24.0,31.0
weibull,59.97559003184715,70.93312541663482,22.0,0.6,40.524118727510384,28.728965980328912,0.5,59.79557864782196,1000,462,145,145,0.145,1.0,0.0,0.7172815555372399,0.2827586206896552,0.2827586206896552,72.17232943066703,65.7996898398663,79.50985224840126,0.7284553268679618,1.226023116157271,23.0,32.0
weibull,58.65719878418586,71.4512746022418,22.5,0.7999999999999999,35.575473718485746,31.697863849222255,0.5,65.97495057991023,1000,429,145,145,0.145,1.0,0.0,0.6236327722529791,0.5655172413793104,0.5655172413793104,69.1957350428882,63.31465028869652,76.50053832191229,0.7045330370542768,1.3343769409432222,21.0,33.0
weibull,59.46770021604906,71.93540492742098,11.0,0.5,22.895058791061686,42.5755235841089,0.8999999999999999,63.976517554593755,1000,481,144,144,0.144,1.0,0.0,0.5356352418751901,0.8125,0.8125,68.09917759937778,63.46704263397755,75.09964184202057,0.47102329113825614,2.882983037150032,21.0,33.0
weibull,59.25622286563972,72.73088620514487,12.5,0.6,23.025067458812718,42.5755235841089,0.8999999999999999,63.976517554593755,1000,454,144,144,0.144,1.0,0.0,0.5021360770108338,0.9097222222222222,0.9097222222222222,66.38137017679509,62.82381252662349,73.00155670879869,0.4560114269072023,2.983311031727257,20.0,34.0
weibull,59.38533910584859,73.10675644413398,14.0,0.7999999999999999,22.135850313724465,51.82985558583315,0.7,87.49277621725112,1000,454,143,143,0.143,1.0,0.0,0.42780471142671034,0.993006993006993,0.993006993006993,66.365860630648,63.28072876652118,72.72469793557649,0.4610494378136047,2.9645947923939473,17.0,36.0
weibull,60.38141593867118,72.35097750348127,22.5,0.6,41.44512142586289,26.03814219863106,0.6,47.96239845005106,1000,452,143,143,0.143,1.0,0.0,0.7531028445755381,0.16083916083916083,0.16083916083916083,69.94199285417338,63.58261407757764,78.58878740437011,0.7005445433830313,1.365997529229782,24.0,31.0
weibull,59.14363962548484,72.9417816017507,22.5,0.7999999999999999,35.575473718485746,28.728965980328912,0.6,52.9189103775207,1000,425,143,143,0.143,1.0,0.0,0.6693324856291418,0.38461538461538464,0.38461538461538464,66.33029683663842,63.43133642994171,72.54101716636431,0.7061768119295039,1.3382219591128983,22.0,31.0
weibull,59.715058112572976,72.43502020946751,13.5,0.8999999999999999,20.285904066001457,84.74810614451644,0.5,176.39207932816728,1000,503,142,142,0.142,1.0,0.0,0.3559789666660147,1.0,1.0,67.79394042541261,62.6588682440622,75.02546633653051,0.46593994341679346,2.912090847966766,15.0,39.0
weibull,59.66718104690414,71.58453531393812,22.5,0.7,37.98172776360642,28.728965980328912,0.5,59.79557864782196,1000,434,142,142,0.142,1.0,0.0,0.6814269841722379,0.31690140845070425,0.31690140845070425,69.870732132947,63.70034050580002,77.2841755170461,0.7348946633067903,1.202667413665178,22.0,32.0
weibull,59.511359498669236,73.31587467566214,21.5,0.8999999999999999,32.30718054955788,31.697863849222255,0.5,65.97495057991023,1000,426,141,141,0.141,1.0,0.0,0.6102372961762972,0.624113475177305,0.624113475177305,67.18592112555652,63.30099983389977,73.0211828355873,0.72977142164154,1.236770364428046,21.0,33.0
weibull,59.03437358717653,71.85899113182748,22.0,0.7999999999999999,34.784907635852726,31.697863849222255,0.5,65.97495057991023,1000,441,141,141,0.141,1.0,0.0,0.6356545275271721,0.5035460992907801,0.5035460992907801,68.98682781843752,63.57682361592428,76.43008781495833,0.7010775378481114,1.3697870295412213,22.0,33.0
weibull,60.170404903160986,71.07045000339605,11.5,0.7,19.412883079176613,84.74810614451644,0.5,176.39207932816728,1000,488,140,140,0.14,1.0,0.0,0.389445615377562,1.0,1.0,70.16484167139274,64.15809849862052,79.70460608469135,0.47176136356854026,2.891123729585466,16.5,37.0
weibull,58.65444515574194,73.34824276634211,22.5,0.7999999999999999,35.575473718485746,28.728965980328912,0.7,48.49670065754502,1000,402,140,140,0.14,1.0,0.0,0.684356401781256,0.32857142857142857,0.32857142857142857,65.81823651175227,62.747065022180074,70.53095061893558,0.6966197504266096,1.373282263184811,22.0,31.5
weibull,59.233259295687944,73.01218296055572,23.5,0.6,43.287126822567906,26.03814219863106,0.7999999999999999,41.1697441540264,1000,443,140,140,0.14,1.0,0.0,0.8077913189000483,0.09285714285714286,0.09285714285714286,66.75887726827568,63.177082246606965,72.6979518694437,0.7161456581456418,1.267550799923292,25.0,29.0
weibull,60.188957609623145,72.94301842949169,12.5,0.7,21.100959868670234,51.82985558583315,0.7,87.49277621725112,1000,447,139,139,0.139,1.0,0.0,0.4443757290429655,0.9928057553956835,0.9928057553956835,67.2469889909913,63.46082193479866,74.35537074546356,0.4588836948197906,2.925580830114405,18.0,36.0
weibull,60.074286990920555,72.97853047657881,22.5,0.6,41.44512142586289,26.03814219863106,0.7,43.95438348704343,1000,475,139,139,0.139,1.0,0.0,0.7663131501180735,0.12949640287769784,0.12949640287769784,66.3548921672959,62.98727500916913,73.4226517556066,0.7158845344355916,1.2964959803643707,24.0,29.0
weibull,59.55352728987384,73.12180094515469,13.0,0.7,21.94499826341704,46.975347139277204,0.7999999999999999,74.27423233644892,1000,474,138,138,0.138,1.0,0.0,0.4560534857149796,0.9782608695652174,0.9782608695652174,66.2826928635192,63.22364732775763,71.98266012274765,0.4652073835549613,2.8922018072587274,18.0,35.0
weibull,58.65855731580042,72.39469114350746,22.5,0.8999999999999999,33.809840110002426,31.697863849222255,0.5,65.97495057991023,1000,431,138,138,0.138,1.0,0.0,0.6443571889118965,0.4782608695652174,0.4782608695652174,68.18423544788016,63.46263336309834,75.10248552263961,0.7199823164126983,1.2382399768093661,21.0,33.0
weibull,58.98886249158643,70.82490345211377,25.0,0.5,52.034224525140196,26.03814219863106,0.7,43.95438348704343,1000,425,138,138,0.138,1.0,0.0,0.8265129598607934,0.050724637681159424,0.050724637681159424,69.1014273946146,64.40305357741772,76.08303644560938,0.7275649315867396,1.222793465031274,25.0,29.0
weibull,59.1593574710061,70.76096912143306,11.0,0.5,22.895058791061686,46.975347139277204,0.7999999999999999,74.27423233644892,1000,443,137,137,0.137,1.0,0.0,0.5031605048278315,0.9562043795620438,0.9562043795620438,68.4914104099606,64.25500167994441,75.5870154158923,0.4575668945069286,2.9695362259287905,20.0,34.0
weibull,60.23087584461274,72.05640800392611,12.0,0.7,20.256921473923423,63.0957344480193,0.6,116.22268336231822,1000,492,137,137,0.137,1.0,0.0,0.40460705400645475,1.0,1.0,68.49647440807048,63.52110355697093,76.63741725127436,0.4573858803623415,2.9629243528081184,17.0,37.0
weibull,59.16656764225348,72.77368929640994,14.5,0.9999999999999999,20.919078092889972,84.74810614451644,0.5,176.39207932816728,1000,453,137,137,0.137,1.0,0.0,0.3501637573982355,1.0,1.0,66.73808367563429,62.951310733111654,74.15821847063388,0.46890359908656337,2.93065016986242,14.0,39.0
weibull,58.62761343008694,73.26543000943856,21.5,0.9999999999999999,31.01794337911272,34.97357243180279,0.5,72.7929088145072,1000,433,137,137,0.137,1.0,0.0,0.562530702233008,0.7591240875912408,0.7591240875912408,66.09779866896216,63.06081574287442,71.26237164622331,0.7080369664317053,1.3157955683020688,20.0,34.0
weibull,59.07903583903354,72.85030965210805,22.0,0.8999999999999999,33.058510329780155,31.697863849222255,0.5,65.97495057991023,1000,429,137,137,0.137,1.0,0.0,0.5941275733319492,0.6204379562043796,0.6204379562043796,67.9111588471123,63.06300610597236,74.83002310235479,0.7054538574704505,1.3743249067497914,20.0,33.0
weibull,60.89060264657907,72.67906779372464,11.5,0.7,19.412883079176613,63.0957344480193,0.6,116.22268336231822,1000,468,136,136,0.136,1.0,0.0,0.39604322448478235,1.0,1.0,68.67451399378245,63.295494341243796,77.38742807054408,0.45461561351099533,3.0384259168056724,16.5,37.0
weibull,59.99992877600607,71.94266358110977,22.0,0.7,37.13768936885961,28.728965980328912,0.5,59.79557864782196,1000,462,136,136,0.136,1.0,0.0,0.6790925946303752,0.34558823529411764,0.34558823529411764,68.8454039062704,64.284183555896,75.23954792660169,0.72354166470461,1.263069069316516,22.0,32.0
weibull,58.61022455945046,73.1586032430616,24.0,0.5,49.95285554413459,26.03814219863106,0.9999999999999999,37.56509862392669,1000,392,136,136,0.136,1.0,0.0,0.8882476077845677,0.051470588235294115,0.051470588235294115,65.22028651701464,62.75988372162551,71.26970807219632,0.6753674605713509,1.50988195751695,27.0,27.0
weibull,58.80560269013283,72.30895187804059,14.0,0.8999999999999999,21.03723384622373,69.616149824864,0.6,128.23332367522454,1000,478,135,135,0.135,1.0,0.0,0.374359528013388,1.0,1.0,66.89472055506886,63.125670726913256,72.16633416611513,0.45997620461743993,2.945760782282381,15.0,38.0
weibull,60.99477980719065,72.03207051737232,22.0,0.6,40.524118727510384,26.03814219863106,0.5,54.19498149524385,1000,465,135,135,0.135,1.0,0.0,0.7250147135098651,0.22962962962962963,0.22962962962962963,70.86136364613725,64.86475476461365,81.4084117337194,0.7253867575025643,1.2341413407749924,24.0,31.0
weibull,59.68707355388626,71.28192460787722,10.5,0.5,21.854374300558884,46.975347139277204,0.7999999999999999,74.27423233644892,1000,459,134,134,0.134,1.0,0.0,0.4929008573433777,0.9328358208955224,0.9328358208955224,70.57150576448865,64.2948528847545,77.71601018289573,0.45066328071120976,3.0100364117475285,20.0,34.0
weibull,58.86491301330821,73.30499438142358,13.5,0.6,24.867072855517733,38.587798044080735,0.9999999999999999,55.67042487702013,1000,409,134,134,0.134,1.0,0.0,0.5473171400111903,0.753731343283582,0.753731343283582,65.99402841154351,62.71451526767859,70.96368835926546,0.47791100371966067,2.821511655178117,21.0,32.0
weibull,60.094115078359806,72.84864258254053,13.0,0.7999999999999999,20.55471814845843,63.0957344480193,0.6,116.22268336231822,1000,470,133,133,0.133,1.0,0.0,0.39026139811286653,1.0,1.0,67.55020640556305,62.81466241786369,74.05004964174148,0.4631968426088427,2.945805543697798,16.0,37.0
weibull,60.66872212884028,72.65828614565176,22.0,0.6,40.524118727510384,26.03814219863106,0.6,47.96239845005106,1000,418,133,133,0.133,1.0,0.0,0.7430216966052872,0.15789473684210525,0.15789473684210525,69.50115367129615,63.95572418902604,76.83588540459321,0.7176514395718494,1.288987438262091,24.0,31.0
weibull,59.82870686502304,71.75750945634663,23.5,0.6,43.287126822567906,26.03814219863106,0.6,47.96239845005106,1000,446,133,133,0.133,1.0,0.0,0.7508735247411579,0.10526315789473684,0.10526315789473684,68.01213443596862,63.910752675834544,75.41334981816674,0.7218761209122654,1.2637124365750234,24.0,30.0
weibull,58.99607033629641,71.81805293938632,24.5,0.6,45.129132219272925,26.03814219863106,0.7,43.95438348704343,1000,443,133,133,0.133,1.0,0.0,0.788238692897282,0.06015037593984962,0.06015037593984962,68.65620325099916,63.16848342201315,75.18958992025223,0.7194460654427967,1.2788086431921195,24.0,30.0
weibull,58.78073597216241,70.60182409468158,25.5,0.5,53.074909015643,26.03814219863106,0.7,43.95438348704343,1000,436,133,133,0.133,1.0,0.0,0.856426532753328,0.03759398496240601,0.03759398496240601,69.23444470913331,63.85475558161488,77.68861781853519,0.7087188655503175,1.3244903746727006,26.0,29.0
weibull,61.43936702113817,71.47982524609839,10.0,0.6,18.420053967050173,76.81039548609378,0.5,159.87077458352877,1000,442,132,132,0.132,1.0,0.0,0.41498356351338256,0.9924242424242424,0.9924242424242424,72.00701603104417,65.21601236910094,81.86689064963262,0.46159246790662256,2.9787304823086007,17.0,37.0
weibull,60.94603331541627,71.95917343494162,11.5,0.7,19.412883079176613,76.81039548609378,0.5,159.87077458352877,1000,476,132,132,0.132,1.0,0.0,0.3857150984601812,1.0,1.0,69.93917752679084,64.70868179523919,79.22074781932837,0.4591587498583951,2.9759207012166433,17.0,38.0
weibull,60.07250560037434,72.65673061759922,11.5,0.6,21.183062062107698,46.975347139277204,0.7999999999999999,74.27423233644892,1000,467,132,132,0.132,1.0,0.0,0.4724423143251979,0.9848484848484849,0.9848484848484849,67.37951254745548,63.025370951304005,73.19194746479353,0.4553879805005275,2.9736153603653492,19.0,35.0
weibull,59.727194882442376,70.65845456417364,24.0,0.5,49.95285554413459,26.03814219863106,0.6,47.96239845005106,1000,423,132,132,0.132,1.0,0.0,0.8057545350994071,0.06818181818181818,0.06818181818181818,70.67511978023398,64.70015154892793,77.23206857697576,0.6938204607582981,1.4074460858277318,25.0,29.0
weibull,59.09500440620113,71.63341181177854,12.5,0.7,21.100959868670234,57.18603679678211,0.7,96.53442139977588,1000,485,131,131,0.131,1.0,0.0,0.4204344281741218,0.9923664122137404,0.9923664122137404,68.04081806839648,63.6338407044493,74.89486990979464,0.4599101539485645,2.9546247288670298,18.0,36.0
weibull,60.44563415227013,73.09707920241542,13.0,0.8999999999999999,19.53457428577918,84.74810614451644,0.5,176.39207932816728,1000,479,131,131,0.131,1.0,0.0,0.3502209305779918,1.0,1.0,67.5963541334019,63.58822738920723,73.35460537401218,0.4474837980654524,3.0807744504877532,15.0,39.0
weibull,59.52081442847551,73.34949813133639,22.0,0.7999999999999999,34.784907635852726,28.728965980328912,0.6,52.9189103775207,1000,446,131,131,0.131,1.0,0.0,0.6751202870007299,0.37404580152671757,0.37404580152671757,65.91651923723819,63.06747493889277,71.76855484337207,0.689087897281191,1.4227750334770493,22.0,32.0
weibull,61.21104674799069,71.25052410523008,9.5,0.5,19.773005319553274,57.18603679678211,0.6,105.33698839584436,1000,438,130,130,0.13,1.0,0.0,0.45402849841272785,1.0,1.0,72.06133605674489,64.65818509709003,81.5250224304851,0.45586284675607636,3.0703727512237755,19.0,36.0
weibull,61.36099336942078,73.40820119854055,21.5,0.7,36.2936509741128,26.03814219863106,0.5,54.19498149524385,1000,443,130,130,0.13,1.0,0.0,0.6890166105344688,0.34615384615384615,0.34615384615384615,68.23613580468727,63.832970667291704,76.33426774730948,0.7266947679343445,1.207203946254828,22.0,31.0
weibull,59.34317617116589,71.23457327464126,23.0,0.7,38.825766158353225,28.728965980328912,0.5,59.79557864782196,1000,454,130,130,0.13,1.0,0.0,0.6615891718731688,0.36153846153846153,0.36153846153846153,68.82778710642225,64.47156928061311,77.10207378003403,0.7307005527871959,1.2169142425786286,22.0,32.0
weibull,60.843059489324524,72.84337703562102,24.0,0.5,49.95285554413459,23.599347418920555,0.7,39.83751062507593,1000,450,130,130,0.13,1.0,0.0,0.8384819010730435,0.046153846153846156,0.046153846153846156,67.50534826395628,63.12080787163039,74.66802324929674,0.7215397650417692,1.2599039736734325,25.0,28.5
weibull,60.72960430417521,71.57769958146295,10.5,0.6,19.341056665402682,63.0957344480193,0.6,116.22268336231822,1000,459,129,129,0.129,1.0,0.0,0.40525678879988264,0.9844961240310077,0.9844961240310077,70.91444797239524,64.12846641086186,78.38937461671144,0.4550709858299416,3.031451035733409,17.0,37.0
weibull,60.10151552479029,72.05080910051159,23.0,0.6,42.366124124215396,26.03814219863106,0.6,47.96239845005106,1000,468,129,129,0.129,1.0,0.0,0.7420519198763338,0.11627906976744186,0.11627906976744186,68.42543809573132,64.41507629560266,76.0467004408936,0.7163441644171546,1.2789859584980867,24.0,30.0
weibull,59.72068371839386,72.61765332833747,23.5,0.7,39.669804553100036,26.03814219863106,0.6,47.96239845005106,1000,470,129,129,0.129,1.0,0.0,0.7219678633328914,0.14728682170542637,0.14728682170542637,67.14063524292357,62.98697366990581,72.42895253817038,0.7289219518953772,1.208918619299413,23.0,31.0
weibull,59.72855014086245,73.39301689540086,14.0,0.8999999999999999,21.03723384622373,63.0957344480193,0.6,116.22268336231822,1000,432,128,128,0.128,1.0,0.0,0.37759561742577497,1.0,1.0,66.391101430319,62.92100520189753,72.11425639600643,0.4695491889442069,2.883231740197505,16.0,38.0
weibull,61.06655960023765,73.08179800671013,23.5,0.5,48.91217105363179,23.599347418920555,0.7,39.83751062507593,1000,438,128,128,0.128,1.0,0.0,0.8299062576234713,0.0546875,0.0546875,68.94619749668342,63.79369943946974,76.80663193387865,0.7131185718565526,1.2986425267675379,25.0,29.0
weibull,60.26545137471106,71.05826262446418,10.0,0.5,20.81368981005608,51.82985558583315,0.7,87.49277621725112,1000,453,127,127,0.127,1.0,0.0,0.4776938462780327,0.968503937007874,0.968503937007874,70.27919494288271,64.19046058437594,79.22328319805692,0.46371463772057664,2.9170910121080067,19.0,35.0
weibull,59.60246987878975,71.15965984298256,11.0,0.6,20.262059363755192,57.18603679678211,0.7,96.53442139977588,1000,477,127,127,0.127,1.0,0.0,0.4457951590745297,0.9921259842519685,0.9921259842519685,69.98987083157915,63.86943892861874,76.78449835704644,0.44528183905922103,3.107606145721345,18.0,36.0
weibull,58.69744596140585,73.35033091367288,24.0,0.6,44.208129520920416,26.03814219863106,0.8999999999999999,39.1264633109877,1000,383,127,127,0.127,1.0,0.0,0.8272238656713958,0.10236220472440945,0.10236220472440945,65.41747284160267,62.470623267363635,70.24393792854987,0.6890062835673273,1.4178153729872351,25.0,28.0
weibull,59.027551621400725,70.89249259932055,23.5,0.7,39.669804553100036,28.728965980328912,0.5,59.79557864782196,1000,437,126,126,0.126,1.0,0.0,0.685541712275054,0.3492063492063492,0.3492063492063492,70.53670522069459,64.84473435496504,77.2559678233191,0.7202481539321716,1.2785256581852096,22.5,32.0
weibull,58.72723599011459,72.2078925122568,13.0,0.6,23.946070157165224,42.5755235841089,0.8999999999999999,63.976517554593755,1000,411,125,125,0.125,1.0,0.0,0.5338623687813937,0.856,0.856,67.40295240632065,63.23086564446007,73.3347928489785,0.4847436818183328,2.7338374764982794,21.0,33.0
weibull,60.740707746531044,70.76431801678663,22.5,0.5,46.83080207262618,26.03814219863106,0.5,54.19498149524385,1000,405,125,125,0.125,1.0,0.0,0.7619008039847044,0.168,0.168,70.80864912807208,65.06603416880748,80.08417508594997,0.7279296795251822,1.2258525677955903,24.0,31.0
weibull,59.506067955455194,73.30548260472068,23.0,0.6,42.366124124215396,26.03814219863106,0.7999999999999999,41.1697441540264,1000,392,124,124,0.124,1.0,0.0,0.8068334722297006,0.08064516129032258,0.08064516129032258,66.57805808223395,63.33595574121353,72.16565808667734,0.7126339124583537,1.294617529261748,25.0,29.0
weibull,59.17116762763018,71.76457756518026,13.0,0.7999999999999999,20.55471814845843,69.616149824864,0.6,128.23332367522454,1000,491,123,123,0.123,1.0,0.0,0.3935401168978182,1.0,1.0,68.06469662541602,63.193097986277735,75.6108611469758,0.4546450643408467,2.9663285842017064,16.0,38.0
weibull,61.321990507314275,73.06934066508117,10.5,0.6,19.341056665402682,51.82985558583315,0.7,87.49277621725112,1000,488,122,122,0.122,1.0,0.0,0.43215699798497786,0.9754098360655737,0.9754098360655737,67.48800284168769,63.443433808238694,76.72759928359272,0.45603405050516266,3.0400120949142386,18.0,36.0
weibull,60.780310788637294,73.48720034444689,12.5,0.7999999999999999,19.764152065825414,63.0957344480193,0.6,116.22268336231822,1000,458,122,122,0.122,1.0,0.0,0.3905100321404267,1.0,1.0,67.5387879078439,63.213655918622024,73.52391886587846,0.45255055982199477,3.039833988761095,16.0,37.0
weibull,58.70773180836536,73.16942253581394,14.0,0.7,23.63307505291066,42.5755235841089,0.8999999999999999,63.976517554593755,1000,396,122,122,0.122,1.0,0.0,0.495633191205763,0.9098360655737705,0.9098360655737705,65.78301912997662,62.778831127445244,71.57204679794752,0.4755861569334029,2.805877758825172,19.0,34.0
weibull,61.2956293131781,73.3257482855526,23.0,0.5,47.87148656312898,23.599347418920555,0.7,39.83751062507593,1000,453,122,122,0.122,1.0,0.0,0.8427903587558734,0.06557377049180328,0.06557377049180328,67.91289063563876,63.45692298640582,74.98479390824978,0.709290917280762,1.303509104034728,25.0,29.0
weibull,59.995416298929214,72.45636041386513,10.5,0.5,21.854374300558884,42.5755235841089,0.8999999999999999,63.976517554593755,1000,491,120,120,0.12,1.0,0.0,0.5235962201615658,0.8833333333333333,0.8833333333333333,67.6832961118836,63.746364532657566,74.14591415289148,0.45980610824105816,2.9609457993992794,21.0,33.0
weibull,59.00364094995879,70.58040446651182,11.5,0.6,21.183062062107698,57.18603679678211,0.7,96.53442139977588,1000,455,119,119,0.119,1.0,0.0,0.44465013548118676,1.0,1.0,70.24941537232799,64.48998636012146,75.44563202621529,0.45611596772808366,2.9733686260965335,18.0,36.0
weibull,58.70775171471195,72.44517347049788,24.5,0.6,45.129132219272925,26.03814219863106,0.7999999999999999,41.1697441540264,1000,410,119,119,0.119,1.0,0.0,0.8029275823378895,0.07563025210084033,0.07563025210084033,66.23331810434412,63.35441217646083,73.70923764338552,0.6954453072186633,1.3749227385994955,25.0,29.0
weibull,60.36031314389727,73.30969604295505,22.5,0.7,37.98172776360642,26.03814219863106,0.6,47.96239845005106,1000,434,118,118,0.118,1.0,0.0,0.7194162181725969,0.1864406779661017,0.1864406779661017,67.68431148992394,63.738484311516814,73.47524383829901,0.7074428436826412,1.31227556189183,23.0,31.0
weibull,61.412010410273936,72.47517764213549,23.0,0.5,47.87148656312898,23.599347418920555,0.6,43.47012530436828,1000,415,118,118,0.118,1.0,0.0,0.8070970521873342,0.06779661016949153,0.06779661016949153,69.58732471484628,64.30724101223048,76.65619813780434,0.721803202204197,1.2730676402610077,25.0,30.0
weibull,58.51354080129424,71.29665067706283,23.5,0.7,39.669804553100036,28.728965980328912,0.6,52.9189103775207,1000,445,118,118,0.118,1.0,0.0,0.7122697946778023,0.211864406779661,0.211864406779661,68.81513138020958,63.76022883634022,76.89120581108718,0.7127133232709961,1.3027529316679907,23.0,31.0
weibull,60.74127868650351,71.75969924976701,24.5,0.5,50.9935400346374,23.599347418920555,0.6,43.47012530436828,1000,439,118,118,0.118,1.0,0.0,0.7957484924291898,0.07627118644067797,0.07627118644067797,69.72482071574763,64.45001980298495,79.0491121249593,0.7062385413676422,1.3135818701438675,25.0,30.0
weibull,60.50582238464632,70.5146101858258,23.0,0.5,47.87148656312898,26.03814219863106,0.5,54.19498149524385,1000,404,117,117,0.117,1.0,0.0,0.7562297237721695,0.13675213675213677,0.13675213675213677,71.76850916235946,65.8343343939448,81.12118621447364,0.7348363769606624,1.189274132746433,24.0,31.0
weibull,59.25556537464178,72.09837413268876,24.0,0.6,44.208129520920416,26.03814219863106,0.7,43.95438348704343,1000,419,117,117,0.117,1.0,0.0,0.7882509861822031,0.06837606837606838,0.06837606837606838,68.29368001802371,64.37476044276725,74.08020170912228,0.7093269566311998,1.3110529815055532,25.0,29.0
weibull,59.60955763566362,73.41466054767389,26.5,0.5,55.15627799664861,23.599347418920555,0.8999999999999999,35.461785019293444,1000,450,117,117,0.117,1.0,0.0,0.946522622519593,0.008547008547008548,0.008547008547008548,66.09369520473525,62.82717411091934,72.01100005384987,0.7390617138830993,1.1472869551445453,27.0,27.0
weibull,58.930477281969885,72.4066809655753,13.5,0.7999999999999999,21.345284231091448,57.18603679678211,0.7,96.53442139977588,1000,467,116,116,0.116,1.0,0.0,0.40594764056095123,1.0,1.0,66.99712407957371,62.90214359421248,72.60417210969337,0.45539334524691255,3.006341800585811,17.0,37.0
weibull,58.96322842857886,71.57008705581951,13.5,0.8999999999999999,20.285904066001457,93.5061126769298,0.5,194.62072246017695,1000,497,116,116,0.116,1.0,0.0,0.35403821081295683,1.0,1.0,68.64329681476157,63.59315572522961,73.16236189127471,0.4636521334805058,2.9689534502640322,15.0,39.0
weibull,60.42250170216186,73.3623764401035,21.5,0.7999999999999999,33.99434155321971,28.728965980328912,0.5,59.79557864782196,1000,451,116,116,0.116,1.0,0.0,0.6368695382110114,0.49137931034482757,0.49137931034482757,68.30720525318095,64.06841189096481,73.87501403432162,0.6965627316333223,1.371530158915097,21.0,33.0
weibull,58.5432436588109,72.93623677688082,14.5,0.8999999999999999,21.78856362644601,57.18603679678211,0.7,96.53442139977588,1000,423,115,115,0.115,1.0,0.0,0.3912032825815568,1.0,1.0,66.15296942220385,63.294350799348116,72.25228220491873,0.4629829901928367,2.9187006499481507,17.0,37.0
weibull,61.289825676911136,72.34680592218055,21.5,0.6,39.603116029157874,26.03814219863106,0.5,54.19498149524385,1000,428,115,115,0.115,1.0,0.0,0.7191912270094993,0.26956521739130435,0.26956521739130435,71.23306295648692,64.84363915633342,79.57463327464045,0.7132549440932873,1.2823551883500524,23.0,32.0
weibull,59.56269432239242,71.47082115959122,24.0,0.6,44.208129520920416,26.03814219863106,0.6,47.96239845005106,1000,449,115,115,0.115,1.0,0.0,0.7691537512732256,0.1391304347826087,0.1391304347826087,69.0038056854801,63.981758478032525,77.08136536719353,0.737485317688792,1.1676707964490771,24.0,30.0
weibull,58.96724675305732,72.72549466380033,24.0,0.6,44.208129520920416,26.03814219863106,0.7999999999999999,41.1697441540264,1000,432,115,115,0.115,1.0,0.0,0.8153418968656793,0.06086956521739131,0.06086956521739131,67.06162934130688,63.146657480419556,71.53808390067299,0.7135798381183629,1.3110440706542636,25.0,29.0
weibull,59.307928393883124,70.97234298656583,12.0,0.7,20.256921473923423,69.616149824864,0.6,128.23332367522454,1000,465,114,114,0.114,1.0,0.0,0.39207470801145766,1.0,1.0,68.44962628802952,63.881464953706946,76.87366057735271,0.45637032708033787,3.0444145109898733,17.0,37.0
weibull,58.509096831523216,71.14058148230997,13.5,0.7999999999999999,21.345284231091448,69.616149824864,0.6,128.23332367522454,1000,461,114,114,0.114,1.0,0.0,0.3866176690237302,1.0,1.0,67.20048289125734,63.372603238136776,74.35614157268608,0.4576730905858183,2.9685498400102235,16.0,38.0
weibull,58.74304441387975,73.2782443322742,14.5,0.7999999999999999,22.92641639635748,46.975347139277204,0.7999999999999999,74.27423233644892,1000,380,114,114,0.114,1.0,0.0,0.43620864533548276,0.9736842105263158,0.9736842105263158,65.87538541710518,63.02726917315589,70.60463046272919,0.46908079207422126,2.8631398384099773,18.0,35.5
weibull,59.51230840526144,72.95957298243582,13.5,0.8999999999999999,20.285904066001457,69.616149824864,0.6,128.23332367522454,1000,474,113,113,0.113,1.0,0.0,0.3566387436087387,1.0,1.0,66.62928876718263,63.41679598316606,72.94269521411671,0.4503924206134296,3.0382508547880933,15.0,38.0
weibull,58.776538204754495,72.54309823502587,23.0,0.7999999999999999,36.36603980111876,28.728965980328912,0.6,52.9189103775207,1000,437,113,113,0.113,1.0,0.0,0.6930352103055861,0.34513274336283184,0.34513274336283184,67.34473256454977,63.03936730307532,73.18576449282746,0.695158689366502,1.394505584518761,23.0,32.0
weibull,59.657650445591315,72.53762352400841,22.5,0.7999999999999999,35.575473718485746,28.728965980328912,0.5,59.79557864782196,1000,454,112,112,0.112,1.0,0.0,0.6645683181262163,0.38392857142857145,0.38392857142857145,67.51658611885614,63.91248950169487,74.20926757823901,0.7372468019348855,1.1685062909480965,22.0,32.0
weibull,60.959440586420364,71.9928063922039,24.0,0.5,49.95285554413459,23.599347418920555,0.6,43.47012530436828,1000,449,112,112,0.112,1.0,0.0,0.8122829457708014,0.0625,0.0625,69.80124642520292,64.36819171812886,78.57189930059931,0.7329055472426138,1.2180722378298494,25.0,30.0
weibull,60.66373860888288,70.59110181455283,10.0,0.6,18.420053967050173,84.74810614451644,0.5,176.39207932816728,1000,456,111,111,0.111,1.0,0.0,0.3944206428085033,1.0,1.0,73.3262427374971,66.16947176669113,82.50061205565828,0.4605891235479608,2.9559118125974693,17.0,37.0
weibull,60.77162767026617,72.53171031606827,12.0,0.7999999999999999,18.973585983192397,84.74810614451644,0.5,176.39207932816728,1000,467,111,111,0.111,1.0,0.0,0.3495994410435933,1.0,1.0,68.69439222822501,64.1283169911677,76.22330860104347,0.44137208360757596,3.1462591376977223,15.0,39.0
weibull,60.15476454337342,71.13129382806719,23.5,0.6,43.287126822567906,26.03814219863106,0.5,54.19498149524385,1000,453,111,111,0.111,1.0,0.0,0.732854274223281,0.2072072072072072,0.2072072072072072,71.52722656236654,64.28628237985518,80.13051913346887,0.7309901414546734,1.2338149606150175,24.0,31.0
weibull,59.41505604424428,73.20527732011033,27.0,0.5,56.19696248715142,23.599347418920555,0.8999999999999999,35.461785019293444,1000,435,111,111,0.111,1.0,0.0,0.9494134797386834,0.0,0.0,65.86104790678733,62.95221674053829,70.90819155761731,0.739193241082907,1.1756613227476211,27.0,27.0
weibull,59.80692018794992,73.27165895588593,12.0,0.6,22.104064760460208,42.5755235841089,0.8999999999999999,63.976517554593755,1000,456,110,110,0.11,1.0,0.0,0.4947254482349523,0.9363636363636364,0.9363636363636364,66.0917779948831,63.23918739938696,71.57109353890836,0.4473451522615144,3.076480359167509,19.0,34.0
weibull,58.96381793494195,73.29824206937826,14.5,0.9999999999999999,20.919078092889972,69.616149824864,0.6,128.23332367522454,1000,476,110,110,0.11,1.0,0.0,0.3685679228569802,1.0,1.0,65.48915911986214,62.83763459023778,72.14616686929621,0.47256324439338593,2.8519714677804804,15.0,38.0
weibull,59.30828336122509,71.01364940047031,12.5,0.7999999999999999,19.764152065825414,93.5061126769298,0.5,194.62072246017695,1000,490,109,109,0.109,1.0,0.0,0.35612375512191535,1.0,1.0,69.08220730652413,63.71320254508812,78.23734806444843,0.45900583037291726,2.9215864974360453,15.0,38.0
weibull,61.18294069733349,72.231227363293,23.5,0.5,48.91217105363179,23.599347418920555,0.6,43.47012530436828,1000,436,109,109,0.109,1.0,0.0,0.8332901450889308,0.08256880733944955,0.08256880733944955,70.69638978602082,65.10218924254285,79.46870124492443,0.739218373651786,1.166628447606154,25.0,29.0
weibull,60.411856046219214,72.38227295046362,25.0,0.5,52.034224525140196,23.599347418920555,0.7,39.83751062507593,1000,432,109,109,0.109,1.0,0.0,0.8230052047129515,0.06422018348623854,0.06422018348623854,68.33436572347952,63.84976741906105,74.97938300699781,0.6915395211042024,1.4220611254074467,25.0,29.0
weibull,60.70747361702156,71.72476187520184,22.5,0.6,41.44512142586289,26.03814219863106,0.5,54.19498149524385,1000,413,108,108,0.108,1.0,0.0,0.7321676218332107,0.18518518518518517,0.18518518518518517,71.06256551305688,65.08453923559826,78.79121889663843,0.723207074955999,1.2699491545188417,24.0,31.0
weibull,60.22803730389226,71.75973404736803,10.5,0.6,19.341056665402682,57.18603679678211,0.7,96.53442139977588,1000,518,107,107,0.107,1.0,0.0,0.42998194836529546,1.0,1.0,68.47757972409603,63.742665749125905,75.83294252235814,0.440483660959451,3.141273813904124,18.0,36.0
weibull,60.85712015650545,71.71124223330523,11.0,0.7,18.568844684429806,84.74810614451644,0.5,176.39207932816728,1000,455,107,107,0.107,1.0,0.0,0.3760238019778914,1.0,1.0,70.10536998175942,63.6563434619057,77.9165986166603,0.44990501870163335,3.0478269833194367,16.0,38.0
weibull,60.624897589407674,72.61026989318412,24.5,0.5,50.9935400346374,23.599347418920555,0.7,39.83751062507593,1000,436,107,107,0.107,1.0,0.0,0.8645543915939979,0.028037383177570093,0.028037383177570093,68.27220300160626,63.525071075504485,73.61999569940892,0.7315826720535759,1.2011724401308492,25.0,28.0
weibull,60.30926195264741,73.22938978553933,25.0,0.5,52.034224525140196,23.599347418920555,0.7999999999999999,37.31368728334323,1000,428,107,107,0.107,1.0,0.0,0.8971211562126984,0.04672897196261682,0.04672897196261682,67.50020473635874,63.40692556204854,72.82246339961875,0.7484189985067088,1.1180908571681636,27.0,27.0
weibull,58.51777752685811,73.21073226854787,24.5,0.7,41.35788134259366,26.03814219863106,0.7999999999999999,41.1697441540264,1000,393,106,106,0.106,1.0,0.0,0.7827413352316935,0.16037735849056603,0.16037735849056603,66.06289584789681,62.72998526564909,70.38984648945359,0.7080146395314106,1.3218705411793281,24.0,29.5
weibull,60.54870556674755,72.99941796382635,10.0,0.5,20.81368981005608,42.5755235841089,0.8999999999999999,63.976517554593755,1000,450,105,105,0.105,1.0,0.0,0.5024378975513266,0.9142857142857143,0.9142857142857143,67.57300407929031,63.76253974857853,72.6260195211647,0.4533627426109557,3.0282294330959583,20.0,34.0
weibull,60.42757320314066,71.42459347223215,23.0,0.6,42.366124124215396,26.03814219863106,0.5,54.19498149524385,1000,447,105,105,0.105,1.0,0.0,0.7325307320746365,0.20952380952380953,0.20952380952380953,71.6587317602154,65.65767519725333,81.76960721544387,0.7452267098169523,1.168520317664164,23.0,31.0
weibull,60.03630826815902,72.95973400365818,23.0,0.7,38.825766158353225,26.03814219863106,0.6,47.96239845005106,1000,434,105,105,0.105,1.0,0.0,0.7226282922273978,0.19047619047619047,0.19047619047619047,67.0756281313296,63.06831910178757,74.25216000038394,0.7315962551174487,1.2114378683703726,23.0,31.0
weibull,59.29054902486098,72.13894015728359,23.0,0.7999999999999999,36.36603980111876,28.728965980328912,0.5,59.79557864782196,1000,450,105,105,0.105,1.0,0.0,0.6791431705430073,0.3904761904761905,0.3904761904761905,67.32024930961008,62.924578464589814,72.26572049531558,0.7368489449710686,1.1621162560452212,22.0,32.0
weibull,60.52230349583587,73.45738672825985,24.5,0.5,50.9935400346374,23.599347418920555,0.7999999999999999,37.31368728334323,1000,443,105,105,0.105,1.0,0.0,0.8763933378674634,0.02857142857142857,0.02857142857142857,66.94231042977698,63.70125937984935,73.64079656016831,0.7159408563879577,1.2513024195685631,26.0,28.0
weibull,60.82149108930956,72.39182709803636,9.5,0.5,19.773005319553274,46.975347139277204,0.7999999999999999,74.27423233644892,1000,471,104,104,0.104,1.0,0.0,0.4854639698663098,0.9423076923076923,0.9423076923076923,68.66449549712314,63.74016422366864,76.45127500222407,0.45129203844544485,3.046449333359406,20.0,34.0
weibull,60.84657964231603,71.62510756466212,9.5,0.5,19.773005319553274,51.82985558583315,0.7,87.49277621725112,1000,447,104,104,0.104,1.0,0.0,0.4806738689989143,0.9615384615384616,0.9615384615384616,70.60876846738839,63.99132036702168,79.21853567931801,0.4583368542768739,3.0302271776230327,19.0,35.0
weibull,61.01911855134958,73.04160868184726,22.0,0.7,37.13768936885961,26.03814219863106,0.5,54.19498149524385,1000,447,104,104,0.104,1.0,0.0,0.6730276029466071,0.3076923076923077,0.3076923076923077,70.0289529657841,63.037272230260086,77.82399644317914,0.7176535113902965,1.2694280124709802,23.0,32.0
weibull,61.33376122876828,73.38516092854184,23.0,0.6,42.366124124215396,23.599347418920555,0.6,43.47012530436828,1000,435,104,104,0.104,1.0,0.0,0.7653283325084876,0.11538461538461539,0.11538461538461539,68.65202134520544,63.489625754192765,76.39030860638874,0.7239885439705804,1.235815080375391,24.0,30.0
weibull,59.413097166471275,72.28318170155856,24.0,0.7,40.51384294784685,26.03814219863106,0.6,47.96239845005106,1000,433,104,104,0.104,1.0,0.0,0.7399259309184332,0.17307692307692307,0.17307692307692307,68.3044960496797,62.65337070869069,75.22250405673753,0.7419281367013393,1.150687777497445,23.0,31.0
weibull,60.10113543322339,73.00631042810713,25.5,0.5,53.074909015643,23.599347418920555,0.7999999999999999,37.31368728334323,1000,439,104,104,0.104,1.0,0.0,0.8878391536209915,0.009615384615384616,0.009615384615384616,67.13665702785434,63.09399400057734,72.8709961449005,0.7191980212681099,1.2446419877623063,26.0,28.0
weibull,60.24036282170459,71.82498215783843,10.0,0.5,20.81368981005608,46.975347139277204,0.7999999999999999,74.27423233644892,1000,448,103,103,0.103,1.0,0.0,0.4970513309290632,0.9320388349514563,0.9320388349514563,68.34801597701637,64.00695995476892,76.40389639350744,0.45532168534600936,3.038276298950972,20.0,34.0
weibull,59.693804468276014,72.23214604876742,13.0,0.8999999999999999,19.53457428577918,93.5061126769298,0.5,194.62072246017695,1000,491,103,103,0.103,1.0,0.0,0.34732240302728173,1.0,1.0,69.23499613188082,63.94004843007864,76.99177746246244,0.44098045795956875,3.087527851910096,15.0,39.0
weibull,59.15980708689619,72.57838484729072,14.0,0.9999999999999999,20.19773057244549,93.5061126769298,0.5,194.62072246017695,1000,446,103,103,0.103,1.0,0.0,0.32999457483300015,1.0,1.0,66.05320764482808,62.97535841810671,72.40242992523733,0.43871493832764286,3.1185119528136416,14.0,39.0
weibull,59.10596821872065,72.9107346746561,24.0,0.7,40.51384294784685,26.03814219863106,0.7,43.95438348704343,1000,429,103,103,0.103,1.0,0.0,0.7642688006222874,0.07766990291262135,0.07766990291262135,66.92380339307925,62.8058128520661,72.28127971361114,0.7332750140901383,1.2237627031342333,24.0,30.0
weibull,61.45811243906161,72.21760923261205,9.0,0.5,18.732320829050472,51.82985558583315,0.7,87.49277621725112,1000,457,102,102,0.102,1.0,0.0,0.5006701440623559,0.9607843137254902,0.9607843137254902,70.33248355572081,63.78791174343693,78.28325800682684,0.4724806973787822,2.8852030901351684,20.0,34.0
weibull,58.92386756538339,72.1924819715658,12.5,0.7,21.100959868670234,51.82985558583315,0.7999999999999999,81.94985178785417,1000,472,102,102,0.102,1.0,0.0,0.4408731712652149,0.9901960784313726,0.9901960784313726,67.39048111275649,63.07220260643168,72.83774233473461,0.4505196358500255,3.013744606621744,18.0,36.0
weibull,58.742829973225106,71.54386693816429,25.0,0.6,46.050134917625435,26.03814219863106,0.7,43.95438348704343,1000,438,102,102,0.102,1.0,0.0,0.8188631691971036,0.058823529411764705,0.058823529411764705,67.69946885309731,63.800565859125065,74.5232885191432,0.7415807234930846,1.1529841218205548,25.0,29.5
weibull,60.00032429644789,71.94084945670876,26.0,0.5,54.11559350614581,23.599347418920555,0.7,39.83751062507593,1000,464,102,102,0.102,1.0,0.0,0.8664535986941291,0.0,0.0,68.29157578985523,63.91779628228697,75.55653166931751,0.7006591460451381,1.3488258106982285,26.0,28.5
weibull,59.80145737832484,71.7270677275882,26.5,0.5,55.15627799664861,23.599347418920555,0.7,39.83751062507593,1000,464,102,102,0.102,1.0,0.0,0.8421174929195255,0.0392156862745098,0.0392156862745098,68.74538598895523,63.833077619942415,75.57453084316425,0.7408769740328538,1.1673081576762572,25.0,28.0
weibull,59.85736333790767,72.40313532708662,12.5,0.7999999999999999,19.764152065825414,69.616149824864,0.6,128.23332367522454,1000,502,101,101,0.101,1.0,0.0,0.37047628952236816,1.0,1.0,67.93856451763321,63.635895243665544,73.68693539434696,0.4435638730570589,3.076737693561659,16.0,38.0
weibull,58.71996506947815,70.55802097254164,24.0,0.7,40.51384294784685,28.728965980328912,0.5,59.79557864782196,1000,441,101,101,0.101,1.0,0.0,0.7005150855695994,0.26732673267326734,0.26732673267326734,70.60401788713826,64.07052207909292,77.79818404787359,0.7466985859323302,1.1119619615620606,23.0,32.0
weibull,59.30319928404704,71.19049996628878,24.5,0.6,45.129132219272925,26.03814219863106,0.6,47.96239845005106,1000,442,101,101,0.101,1.0,0.0,0.7859705952875458,0.12871287128712872,0.12871287128712872,68.93841474371028,63.54804111493935,77.79017327555917,0.7431996491989218,1.1692727034039434,24.0,30.0
weibull,59.04995892097574,70.91631396506673,25.0,0.6,46.050134917625435,26.03814219863106,0.6,47.96239845005106,1000,454,101,101,0.101,1.0,0.0,0.7706293065441641,0.1188118811881188,0.1188118811881188,70.23049816183496,64.23786346639068,77.67785518051004,0.7224862991609562,1.2434028331336655,24.0,30.0
weibull,60.86572623592254,70.72596814899383,9.0,0.5,18.732320829050472,63.0957344480193,0.6,116.22268336231822,1000,431,100,100,0.1,1.0,0.0,0.46310375963616535,0.98,0.98,72.91431576175202,66.13640080795537,82.72947143057063,0.4565321526847675,3.032429402586107,19.0,35.0
weibull,58.83020431992156,72.84230911887148,11.5,0.5,23.93574328156449,38.587798044080735,1.0999999999999999,53.84608385870344,1000,427,100,100,0.1,1.0,0.0,0.5648830660599674,0.78,0.78,66.04725109268425,63.435444443137726,70.99443564043892,0.4587438055669121,2.951139263322685,22.0,32.0
weibull,59.72930884432979,72.23844246983117,12.0,0.7,20.256921473923423,57.18603679678211,0.7,96.53442139977588,1000,513,100,100,0.1,1.0,0.0,0.42110067883489616,1.0,1.0,67.35164448990798,63.1042553010331,74.63305265454814,0.46017804919473215,2.956985608579198,17.0,36.0
weibull,59.59254807807685,73.0306770484456,13.0,0.7999999999999999,20.55471814845843,57.18603679678211,0.7,96.53442139977588,1000,484,100,100,0.1,1.0,0.0,0.40165200468454526,1.0,1.0,67.28619145895452,63.25817641843229,72.32606854572981,0.4676200007404471,2.90914785088831,16.5,37.0
weibull,61.08997182020554,71.14184815685687,24.0,0.5,49.95285554413459,23.599347418920555,0.5,49.118949689716,1000,399,100,100,0.1,1.0,0.0,0.8101215172710498,0.1,0.1,72.91817307405009,66.48187357439754,83.22351122077013,0.7515238620101441,1.122302532000056,24.5,30.0
weibull,59.888752000742784,70.8446055313118,24.0,0.6,44.208129520920416,26.03814219863106,0.5,54.19498149524385,1000,426,100,100,0.1,1.0,0.0,0.732593623687541,0.2,0.2,71.6325243256584,64.86503380037716,79.47771199745641,0.7381005817380831,1.1680345876356575,23.0,31.0
weibull,60.20372952679519,72.15919359303143,25.5,0.5,53.074909015643,23.599347418920555,0.7,39.83751062507593,1000,451,100,100,0.1,1.0,0.0,0.8754851779988596,0.01,0.01,69.02164278005924,63.738218279438385,75.96243379527748,0.7401518371875424,1.1591702824524135,26.0,28.0
weibull,60.38903564629612,72.8611022596297,11.5,0.7,19.412883079176613,57.18603679678211,0.7,96.53442139977588,1000,466,99,99,0.099,1.0,0.0,0.41202482033290727,0.98989898989899,0.98989898989899,67.59173680849234,63.75842935934028,75.58222522176905,0.45345629870166354,3.0225006073276206,17.0,37.0
weibull,59.911636770890304,73.4433180009387,14.0,0.9999999999999999,20.19773057244549,84.74810614451644,0.5,176.39207932816728,1000,427,99,99,0.099,1.0,0.0,0.33761252157969124,1.0,1.0,66.03776422656978,62.890478869292096,71.25251204327569,0.44781476160820605,3.0491495135595046,13.0,39.0
weibull,60.034825248581996,72.9453400535941,22.0,0.7999999999999999,34.784907635852726,28.728965980328912,0.5,59.79557864782196,1000,432,99,99,0.099,1.0,0.0,0.6478778868962521,0.41414141414141414,0.41414141414141414,68.45911967353982,63.91775564892154,73.84822453966086,0.7275249203670043,1.2411046476058651,22.0,32.0
weibull,59.223752482668985,73.41680522906813,14.5,1.0999999999999999,20.233551939379645,93.5061126769298,0.5,194.62072246017695,1000,469,98,98,0.098,1.0,0.0,0.32892104016336904,1.0,1.0,65.95587150662337,63.242924284152714,73.30327027904816,0.45498529543055727,3.0189361799022802,13.0,39.5
weibull,61.06095256900103,73.09186128437688,23.5,0.6,43.287126822567906,23.599347418920555,0.6,43.47012530436828,1000,454,97,97,0.097,1.0,0.0,0.7854965175630095,0.05154639175257732,0.05154639175257732,69.27183937845403,64.64964716274237,76.09765882935974,0.7390418630841509,1.1650235434445677,24.0,30.0
weibull,59.113225096193204,71.95605876433876,24.5,0.7,41.35788134259366,26.03814219863106,0.6,47.96239845005106,1000,426,97,97,0.097,1.0,0.0,0.734784151654374,0.23711340206185566,0.23711340206185566,67.56897651663246,63.21595252924009,74.6283224636422,0.733653167740356,1.2004172579506223,23.0,31.0
weibull,58.51363257904152,72.26358851504789,25.0,0.7,42.20191973734047,26.03814219863106,0.7,43.95438348704343,1000,435,96,96,0.096,1.0,0.0,0.7587114324232362,0.09375,0.09375,67.22645465498604,63.18498682705793,73.83581283653012,0.7270980120693215,1.2240460404115958,24.0,30.0
weibull,60.11670539354373,71.09027881329163,26.0,0.5,54.11559350614581,23.599347418920555,0.6,43.47012530436828,1000,452,96,96,0.096,1.0,0.0,0.8052010884506384,0.08333333333333333,0.08333333333333333,71.17855893618191,65.06025346160533,81.14408505135945,0.7270621125822103,1.214521523924735,25.0,29.0
weibull,58.94545460153502,71.76152517376278,28.5,0.5,59.319015958659826,23.599347418920555,0.7999999999999999,37.31368728334323,1000,455,96,96,0.096,1.0,0.0,0.9186635895344712,0.010416666666666666,0.010416666666666666,68.17615930203846,63.495819960824,75.30977147836198,0.7465441775492091,1.0945673553876474,27.0,27.0
weibull,60.671334529205296,73.23598599406996,11.0,0.6,20.262059363755192,46.975347139277204,0.7999999999999999,74.27423233644892,1000,483,95,95,0.095,1.0,0.0,0.4658178049586128,0.9473684210526315,0.9473684210526315,67.26233701805933,63.251982347551575,73.9438850473982,0.45804396871575515,3.0124521271664757,19.0,35.0
weibull,59.33435724192259,73.34268552443976,11.0,0.5,22.895058791061686,38.587798044080735,1.0999999999999999,53.84608385870344,1000,439,95,95,0.095,1.0,0.0,0.5670902789544202,0.8210526315789474,0.8210526315789474,65.88557170808313,62.81825771941362,71.15821437060467,0.4750988223125996,2.871314884148401,21.0,32.0
weibull,58.75934044115215,72.96575112536256,13.5,0.7999999999999999,21.345284231091448,51.82985558583315,0.7999999999999999,81.94985178785417,1000,422,95,95,0.095,1.0,0.0,0.420616302241626,1.0,1.0,66.48718788603736,63.209278133000254,70.4558581074025,0.44824889818792524,3.017251520829203,17.0,36.0
weibull,58.58496439479985,71.367570153227,24.0,0.7999999999999999,37.94717196638479,28.728965980328912,0.5,59.79557864782196,1000,442,95,95,0.095,1.0,0.0,0.6850371324098286,0.30526315789473685,0.30526315789473685,68.3255253253086,63.44567329791306,74.96050159060327,0.7296423897729142,1.2039103121028782,23.0,32.0
weibull,60.65876837710023,70.68074407169945,25.0,0.5,52.034224525140196,23.599347418920555,0.5,49.118949689716,1000,440,95,95,0.095,1.0,0.0,0.8019509260453728,0.021052631578947368,0.021052631578947368,71.90782544551408,65.50780658869377,84.7445374278699,0.7355035795838947,1.1694438298644643,25.0,30.0
weibull,61.383936352300964,72.19971960488141,10.0,0.6,18.420053967050173,63.0957344480193,0.6,116.22268336231822,1000,458,94,94,0.094,1.0,0.0,0.42834302182190487,0.9893617021276596,0.9893617021276596,70.38693675954109,65.63226672452042,80.61744084125785,0.4661825571804178,2.980125372839697,18.0,37.0
weibull,59.96765519584945,71.59500277636437,11.5,0.7,19.412883079176613,69.616149824864,0.6,128.23332367522454,1000,494,94,94,0.094,1.0,0.0,0.3880715460061144,1.0,1.0,68.57960375221683,64.88779426826518,76.7870935492426,0.4562540750062509,3.031045211917843,17.0,37.0
weibull,59.92821326690679,73.25601521771753,13.5,0.9999999999999999,19.476383052001008,93.5061126769298,0.5,194.62072246017695,1000,483,94,94,0.094,1.0,0.0,0.3266019188535938,1.0,1.0,66.74671828049054,63.52375243200499,71.75761481675934,0.44279108030975467,3.113875726709164,13.0,40.0
weibull,60.309738800204485,73.23788525802108,23.0,0.7999999999999999,36.36603980111876,26.03814219863106,0.5,54.19498149524385,1000,432,94,94,0.094,1.0,0.0,0.6601741100899716,0.3723404255319149,0.3723404255319149,67.09115024135505,63.20303519379617,74.12257158488718,0.7373408494940532,1.1809395360731665,22.0,32.0
weibull,58.87521832649513,72.886662947659,12.0,0.6,22.104064760460208,42.5755235841089,0.9999999999999999,61.423496738045024,1000,451,93,93,0.093,1.0,0.0,0.5112077968050204,0.9247311827956989,0.9247311827956989,66.74769458787907,62.65056697251016,71.76648275112727,0.4660404139522606,2.9085154561809063,20.0,34.0
weibull,60.794940026370405,72.80517298762149,24.0,0.6,44.208129520920416,23.599347418920555,0.6,43.47012530436828,1000,445,93,93,0.093,1.0,0.0,0.7898794478581311,0.08602150537634409,0.08602150537634409,68.61416014734004,63.58888097308508,74.67230306308832,0.7486063761931271,1.1020668232168807,24.0,30.0
weibull,58.802725056117026,70.64804280365476,25.5,0.6,46.971137615977945,26.03814219863106,0.6,47.96239845005106,1000,419,93,93,0.093,1.0,0.0,0.7816146258411353,0.08602150537634409,0.08602150537634409,68.60802816362019,63.37948120966623,75.79904329429328,0.7459829664766976,1.137928740155495,25.0,30.0
weibull,59.03850271460894,72.79909179786574,28.0,0.5,58.27833146815702,23.599347418920555,0.8999999999999999,35.461785019293444,1000,428,93,93,0.093,1.0,0.0,0.9724643967381676,0.03225806451612903,0.03225806451612903,65.92836996376211,63.1150397473169,72.6709396758463,0.7488328936619021,1.0916998972692316,27.0,26.0
weibull,59.048048695106814,70.91440833868708,28.5,0.5,59.319015958659826,23.599347418920555,0.7,39.83751062507593,1000,439,93,93,0.093,1.0,0.0,0.8705362844271197,0.03225806451612903,0.03225806451612903,68.82241388518008,63.83109927085722,77.09782798867207,0.7140029044851873,1.2982279341824357,26.0,29.0
weibull,59.659008977205886,73.48104006527407,22.5,0.8999999999999999,33.809840110002426,28.728965980328912,0.5,59.79557864782196,1000,392,92,92,0.092,1.0,0.0,0.6101698023236045,0.6304347826086957,0.6304347826086957,67.01738610055588,63.136577120148935,73.3426952134097,0.7250917921106494,1.2519405174772207,21.0,33.0
weibull,58.73590070197321,73.43927767253363,23.0,0.8999999999999999,34.561169890224704,28.728965980328912,0.6,52.9189103775207,1000,387,92,92,0.092,1.0,0.0,0.6597734073496231,0.42391304347826086,0.42391304347826086,65.9951083469227,62.978086583851145,71.88294432799074,0.7091877412674961,1.2955785859700852,21.0,32.0
weibull,59.31406173424832,72.15966102206269,27.5,0.5,57.23764697765422,23.599347418920555,0.7999999999999999,37.31368728334323,1000,429,92,92,0.092,1.0,0.0,0.9088043532749537,0.021739130434782608,0.021739130434782608,67.87341985416789,63.48658962477914,76.69482828711413,0.7112273127836832,1.2995381451735883,26.0,28.0
weibull,60.56887796295464,73.05626308903658,12.0,0.7999999999999999,18.973585983192397,69.616149824864,0.6,128.23332367522454,1000,505,91,91,0.091,1.0,0.0,0.3862904777412205,1.0,1.0,67.01831769709041,62.92508454458755,75.39465985395438,0.44616131428232364,3.065548433941232,16.0,38.0
weibull,58.93311522112379,71.74901205802789,23.5,0.7999999999999999,37.15660588375178,28.728965980328912,0.5,59.79557864782196,1000,450,91,91,0.091,1.0,0.0,0.663991923270846,0.37362637362637363,0.37362637362637363,67.17829459255415,63.70314623900949,77.25319332370896,0.7391048241129985,1.165677871292864,22.0,32.0
weibull,59.23040245727015,71.11149897778006,28.0,0.5,58.27833146815702,23.599347418920555,0.7,39.83751062507593,1000,454,91,91,0.091,1.0,0.0,0.8840997597199828,0.02197802197802198,0.02197802197802198,68.65608879528946,63.72455002277084,74.53544148165123,0.7349165511496241,1.1804252168621683,26.0,28.0
weibull,60.362365946509385,72.33351837537876,23.0,0.7,38.825766158353225,26.03814219863106,0.5,54.19498149524385,1000,446,90,90,0.09,1.0,0.0,0.7178812055978587,0.24444444444444444,0.24444444444444444,69.10149691736905,63.76351889227266,77.24104467913773,0.7376451735230736,1.1867187678710502,23.0,32.0
weibull,60.32011062389103,71.30862294961429,25.5,0.5,53.074909015643,23.599347418920555,0.6,43.47012530436828,1000,453,90,90,0.09,1.0,0.0,0.8050759995930077,0.08888888888888889,0.08888888888888889,70.88987156961504,64.02360790753654,78.80455756598778,0.7284096529220092,1.243990971175608,25.0,30.0
weibull,59.89773020287609,72.78796629178447,26.0,0.5,54.11559350614581,23.599347418920555,0.7999999999999999,37.31368728334323,1000,408,90,90,0.09,1.0,0.0,0.8944165803003661,0.0,0.0,67.19393086522783,63.13587704286345,74.09571377327362,0.7294799155547774,1.2296318440472083,26.0,28.0
weibull,58.766860992729775,71.56825538763451,29.0,0.5,60.35970044916263,23.599347418920555,0.7999999999999999,37.31368728334323,1000,458,90,90,0.09,1.0,0.0,0.9734737919039087,0.0,0.0,67.05862946789986,63.159128208099666,72.79307970342172,0.7532399936208358,1.1028652777416188,27.0,27.0
weibull,58.53599835459427,71.55040891919407,11.0,0.5,22.895058791061686,42.5755235841089,0.9999999999999999,61.423496738045024,1000,448,89,89,0.089,1.0,0.0,0.5324339147328031,0.898876404494382,0.898876404494382,66.37790455170244,63.146592548276,71.21140371095763,0.45881949376242,2.950766978424637,20.0,33.0
weibull,58.96566425196262,71.39124950107366,13.0,0.8999999999999999,19.53457428577918,103.16918578736195,0.5,214.7331430934198,1000,504,89,89,0.089,1.0,0.0,0.33659966643107764,1.0,1.0,67.42784973363831,63.43173466499793,75.5845926830992,0.46129204014513686,2.993626071636254,14.0,39.0
weibull,60.87180992028869,70.90874101441997,24.5,0.5,50.9935400346374,23.599347418920555,0.5,49.118949689716,1000,413,89,89,0.089,1.0,0.0,0.7843124435954403,0.0449438202247191,0.0449438202247191,72.792110425647,65.24362462997388,84.07692415542064,0.7480837454857037,1.1190573230400487,25.0,30.0
weibull,60.419063890929195,73.37542243773618,24.5,0.6,45.129132219272925,23.599347418920555,0.7,39.83751062507593,1000,417,89,89,0.089,1.0,0.0,0.7962890927059934,0.06741573033707865,0.06741573033707865,67.16604177912319,63.79011416271203,77.47464642977963,0.731075409869938,1.1930107732327935,25.0,29.0
weibull,59.4412158604083,72.31333960790735,26.5,0.6,48.81314301268296,23.599347418920555,0.7,39.83751062507593,1000,419,89,89,0.089,1.0,0.0,0.8288901022437108,0.033707865168539325,0.033707865168539325,66.03255298653215,63.11573266857135,73.35176360534771,0.7502276790140465,1.0990933116754777,25.0,29.0
weibull,59.50436169333369,72.36480133510035,27.0,0.5,56.19696248715142,23.599347418920555,0.7999999999999999,37.31368728334323,1000,449,89,89,0.089,1.0,0.0,0.9160662566871896,0.011235955056179775,0.011235955056179775,67.3783138496816,63.7618673774605,71.95258015399685,0.7474569866277482,1.1081493970791503,26.0,28.0
weibull,59.41355477064322,73.245206301435,23.5,0.7,39.669804553100036,26.03814219863106,0.7,43.95438348704343,1000,432,88,88,0.088,1.0,0.0,0.7386961742108027,0.18181818181818182,0.18181818181818182,66.45615949723245,63.03525157528445,72.08563387840228,0.7188273910605758,1.2809971867916388,23.0,31.0
weibull,60.92547126015558,71.95421475227445,24.0,0.6,44.208129520920416,23.599347418920555,0.5,49.118949689716,1000,454,88,88,0.088,1.0,0.0,0.7752802311296461,0.125,0.125,70.97854893706325,64.48149013988669,77.67434385755037,0.7593885222979637,1.0653454195356726,24.0,31.0
weibull,59.12780836369835,71.95861581285578,28.0,0.5,58.27833146815702,23.599347418920555,0.7999999999999999,37.31368728334323,1000,455,88,88,0.088,1.0,0.0,0.9272519474117413,0.03409090909090909,0.03409090909090909,67.41194133940115,63.633133507244786,72.26549343651509,0.7490228027192805,1.1180938926083086,27.0,27.0
weibull,58.832504109141055,71.13947462629908,11.5,0.6,21.183062062107698,51.82985558583315,0.7999999999999999,81.94985178785417,1000,469,87,87,0.087,1.0,0.0,0.48290750716551983,0.9770114942528736,0.9770114942528736,68.49481890495252,62.946375430781664,74.75806357526429,0.460569762091173,2.989299829607476,19.0,35.0
weibull,58.96826609488154,71.35281694204048,12.5,0.7999999999999999,19.764152065825414,76.81039548609378,0.6,141.48516300843144,1000,489,87,87,0.087,1.0,0.0,0.37183537868644434,1.0,1.0,68.0995337380321,63.472239999409226,75.70262637204448,0.44369092588497094,3.084548389602313,16.0,38.0
weibull,60.44915351092952,72.90512834325142,12.5,0.8999999999999999,18.783244505556905,93.5061126769298,0.5,194.62072246017695,1000,499,87,87,0.087,1.0,0.0,0.3492167474581331,1.0,1.0,66.69727442980536,63.11107476080588,72.83962752029491,0.4373022583637546,3.143073476698448,15.0,39.0
weibull,58.80609614844258,72.5836117374363,24.5,0.7,41.35788134259366,26.03814219863106,0.7,43.95438348704343,1000,396,87,87,0.087,1.0,0.0,0.7371439798463875,0.12643678160919541,0.12643678160919541,66.80219895271811,63.58491979082258,73.27842126118293,0.7265273268737407,1.2620476441626267,24.0,30.0
weibull,59.2247560851589,73.00013700707267,27.5,0.5,57.23764697765422,23.599347418920555,0.8999999999999999,35.461785019293444,1000,428,87,87,0.087,1.0,0.0,0.9444377993705472,0.011494252873563218,0.011494252873563218,66.16102110435126,62.81649372601963,72.63623849720918,0.7475016426938794,1.122250853214399,27.0,27.0
weibull,59.078557952823324,70.54468439131824,11.5,0.7,19.412883079176613,76.81039548609378,0.6,141.48516300843144,1000,491,86,86,0.086,1.0,0.0,0.3866088288791466,1.0,1.0,68.43820596418058,63.37455597882645,76.08112137912863,0.4462218951136837,3.081829893287334,16.0,37.0
weibull,58.81978982055264,72.91755238886088,14.0,0.9999999999999999,20.19773057244549,76.81039548609378,0.6,141.48516300843144,1000,471,86,86,0.086,1.0,0.0,0.3502241097253794,1.0,1.0,66.43213221918788,62.81433370628994,70.32065814154068,0.443096296068923,3.11097367240436,14.0,38.0
weibull,59.606955786905495,71.51768450002464,27.0,0.5,56.19696248715142,23.599347418920555,0.7,39.83751062507593,1000,440,86,86,0.086,1.0,0.0,0.8508311677257356,0.011627906976744186,0.011627906976744186,68.64164416912972,64.89608931051362,77.61485310048431,0.7326207023737028,1.2178404298666088,26.0,28.0
weibull,58.59547621407118,70.71319021193028,10.5,0.5,21.854374300558884,46.975347139277204,0.8999999999999999,70.58795448403654,1000,457,85,85,0.085,1.0,0.0,0.5210356798320138,0.8941176470588236,0.8941176470588236,67.08148691753912,64.0037160187526,75.16820170442085,0.4587173193700613,2.9872797136713958,20.0,34.0
weibull,59.20007305059339,72.41511867002377,13.5,0.9999999999999999,19.476383052001008,103.16918578736195,0.5,214.7331430934198,1000,506,85,85,0.085,1.0,0.0,0.3172397942599071,1.0,1.0,67.04412589264547,63.45671369956883,73.85339551664907,0.43902535226781275,3.1575726455891826,13.0,40.0
weibull,59.739154844821655,71.65696607327914,24.0,0.7,40.51384294784685,26.03814219863106,0.5,54.19498149524385,1000,467,85,85,0.085,1.0,0.0,0.6999245616487788,0.27058823529411763,0.27058823529411763,71.10214299997983,65.70247296720788,78.20795927507262,0.7342492768869076,1.2030919316354176,23.0,31.0
weibull,59.698863284753045,72.57418456266392,26.5,0.5,55.15627799664861,23.599347418920555,0.7999999999999999,37.31368728334323,1000,430,85,85,0.085,1.0,0.0,0.896542108784068,0.023529411764705882,0.023529411764705882,66.53465109190381,62.940530877388746,72.93510561467828,0.7099011475339712,1.314861038624947,27.0,28.0
weibull,59.063714437474424,72.0713644056382,10.5,0.5,21.854374300558884,42.5755235841089,0.9999999999999999,61.423496738045024,1000,418,84,84,0.084,1.0,0.0,0.5132618539249745,0.9047619047619048,0.9047619047619048,67.31374194326636,63.17096408034841,72.36710889805094,0.44334806825383133,3.0422989055064513,21.0,34.0
weibull,60.68637082224764,72.68348041467561,22.5,0.7,37.98172776360642,26.03814219863106,0.5,54.19498149524385,1000,410,84,84,0.084,1.0,0.0,0.7205751196046515,0.21428571428571427,0.21428571428571427,68.65281275079747,63.85145907630791,75.84430064111287,0.7327852107621999,1.1921839355124817,23.0,31.0
weibull,59.24991152207969,73.03511959479135,23.0,0.8999999999999999,34.561169890224704,28.728965980328912,0.5,59.79557864782196,1000,411,84,84,0.084,1.0,0.0,0.6554178216296757,0.39285714285714285,0.39285714285714285,66.40350220769434,63.45932216015582,72.1314410421851,0.7429136218559442,1.1454550304453073,21.0,32.0
weibull,59.43133303797201,71.71873000276982,11.0,0.6,20.262059363755192,51.82985558583315,0.7999999999999999,81.94985178785417,1000,486,83,83,0.083,1.0,0.0,0.453777842455876,0.9879518072289156,0.9879518072289156,68.75835352395842,63.880850271303736,75.33652822381008,0.45291180162658173,3.0455875983559033,19.0,36.0
weibull,59.072271716801595,73.14100356691901,12.5,0.7,21.100959868670234,46.975347139277204,0.8999999999999999,70.58795448403654,1000,454,83,83,0.083,1.0,0.0,0.4701670697099671,0.9759036144578314,0.9759036144578314,66.13058551726786,62.79180334768367,70.33101464130306,0.4586891204046884,2.998669929380144,18.0,35.0
weibull,58.670016438178166,73.3243338480128,22.5,0.9999999999999999,32.460638420001686,31.697863849222255,0.5,65.97495057991023,1000,369,83,83,0.083,1.0,0.0,0.615947162717957,0.6144578313253012,0.6144578313253012,66.47832032099086,62.948641265258864,70.22388949780897,0.735263834990236,1.1476585995976418,20.0,33.0
weibull,61.31347193111867,71.38026912794598,23.5,0.5,48.91217105363179,23.599347418920555,0.5,49.118949689716,1000,406,83,83,0.083,1.0,0.0,0.8014257859631928,0.07228915662650602,0.07228915662650602,71.98574406559848,64.26745517073454,81.24207655162422,0.7602742313365843,1.073557593883121,24.0,30.0
weibull,60.046741396744224,71.99143770005804,23.5,0.7,39.669804553100036,26.03814219863106,0.5,54.19498149524385,1000,458,83,83,0.083,1.0,0.0,0.6737121091264806,0.30120481927710846,0.30120481927710846,70.11829225072269,64.18237729725062,77.8535950134649,0.7375829136339197,1.1839721353337782,23.0,32.0
weibull,59.581489598076274,70.87457110673621,9.5,0.5,19.773005319553274,51.82985558583315,0.7999999999999999,81.94985178785417,1000,472,82,82,0.082,1.0,0.0,0.49099252407331123,0.9512195121951219,0.9512195121951219,68.7824327051803,63.76065657909638,76.08774564315972,0.4508939007768301,3.0585565871529408,20.0,34.0
weibull,60.88236935201802,72.38175407078649,10.0,0.6,18.420053967050173,57.18603679678211,0.7,96.53442139977588,1000,486,82,82,0.082,1.0,0.0,0.4266709473753404,1.0,1.0,69.14353891042512,63.32008893472893,78.76981146434942,0.44817200463021084,3.0680508239267628,18.0,36.0
weibull,60.65437044919392,72.23579500627355,11.0,0.7,18.568844684429806,69.616149824864,0.6,128.23332367522454,1000,508,82,82,0.082,1.0,0.0,0.3934384142973363,1.0,1.0,67.88399250562003,63.07261962405463,77.00505926805253,0.4456105368917954,3.099063130954722,17.0,37.0
weibull,59.29165776995866,70.82588061472651,12.0,0.7999999999999999,18.973585983192397,103.16918578736195,0.5,214.7331430934198,1000,471,82,82,0.082,1.0,0.0,0.3506535455328445,1.0,1.0,69.7494869151447,65.38257887888527,78.34715720736045,0.4409330373595286,3.14042614001131,15.0,39.0
weibull,58.623211162235314,71.90925459738969,13.5,0.8999999999999999,20.285904066001457,76.81039548609378,0.6,141.48516300843144,1000,446,82,82,0.082,1.0,0.0,0.34969652054378814,1.0,1.0,66.40900783346262,63.02500458507619,72.36216189892131,0.4505323630075441,3.001561648840837,15.0,38.0
weibull,59.62925696239742,70.56428433800934,24.5,0.6,45.129132219272925,26.03814219863106,0.5,54.19498149524385,1000,447,82,82,0.082,1.0,0.0,0.7491566809542372,0.15853658536585366,0.15853658536585366,70.70847670675397,63.84996017437245,79.86468597112868,0.7410307066683897,1.1772576659743579,23.0,31.0
weibull,60.52823714331505,71.53170230704649,25.0,0.5,52.034224525140196,23.599347418920555,0.6,43.47012530436828,1000,438,82,82,0.082,1.0,0.0,0.8182905987248641,0.06097560975609756,0.06097560975609756,69.03772938434334,64.37820710500121,76.71183368874854,0.7304001128086026,1.203726074133726,25.0,29.0
weibull,60.75786881946833,72.33437037206792,11.5,0.7999999999999999,18.18301990055938,93.5061126769298,0.5,194.62072246017695,1000,496,81,81,0.081,1.0,0.0,0.3535101980194436,1.0,1.0,68.56975838717045,64.1371529610216,76.48552526454189,0.44574034709943944,3.096593256501474,15.0,39.0
weibull,59.558172003512055,72.79751262961842,12.0,0.7,20.256921473923423,51.82985558583315,0.7999999999999999,81.94985178785417,1000,460,81,81,0.081,1.0,0.0,0.4413332776443492,1.0,1.0,66.70904530214999,63.09783534468045,73.37339758842037,0.4422777850571855,3.117316422236624,18.0,36.0
weibull,59.27809649179298,73.09273088224394,24.0,0.7999999999999999,37.94717196638479,26.03814219863106,0.6,47.96239845005106,1000,405,81,81,0.081,1.0,0.0,0.7199404671191204,0.24691358024691357,0.24691358024691357,67.05467330606533,63.49952752177372,73.65879832371337,0.7194406145103318,1.2763824848654535,23.0,31.0
weibull,61.34907298422877,71.23624625026697,9.5,0.6,17.499051268697663,84.74810614451644,0.5,176.39207932816728,1000,450,80,80,0.08,1.0,0.0,0.40073794925265566,1.0,1.0,72.73297772894139,65.44957302693825,82.01456996283714,0.4579175958843852,2.984840578486741,17.0,38.0
weibull,58.856148952445594,72.60200115877277,28.5,0.5,59.319015958659826,23.599347418920555,0.8999999999999999,35.461785019293444,1000,414,80,80,0.08,1.0,0.0,0.9235732213487482,0.025,0.025,65.35467878711903,62.926764926759915,72.81221764831645,0.742339620856018,1.1547380885283194,27.0,27.0
weibull,60.105290472511335,70.84630907965723,11.0,0.7,18.568844684429806,93.5061126769298,0.5,194.62072246017695,1000,456,79,79,0.079,1.0,0.0,0.3729220922774042,1.0,1.0,70.04462461902222,64.22081218010636,79.85102773604596,0.44670298438932304,3.1441111119156644,16.0,38.0
weibull,58.98090826055926,72.08799622165229,11.5,0.6,21.183062062107698,46.975347139277204,0.8999999999999999,70.58795448403654,1000,450,79,79,0.079,1.0,0.0,0.47700896858404274,0.9873417721518988,0.9873417721518988,67.54736467446523,63.43708727266412,73.12991214204972,0.4474031615364441,3.059653981371256,19.0,35.0
weibull,59.72101329461613,72.06423179555765,12.5,0.8999999999999999,18.783244505556905,103.16918578736195,0.5,214.7331430934198,1000,499,79,79,0.079,1.0,0.0,0.34108598609102475,1.0,1.0,67.39220875587262,62.92145194423801,73.22468451458474,0.4482803018484935,3.0868690086960435,14.0,39.0
weibull,60.16582352785789,73.10123643651413,25.0,0.6,46.050134917625435,23.599347418920555,0.7,39.83751062507593,1000,449,79,79,0.079,1.0,0.0,0.8287998475523147,0.06329113924050633,0.06329113924050633,67.88151050675143,63.24086846738726,74.7415613504889,0.735758914567849,1.1722597369661132,25.0,29.0
weibull,58.820761526792154,71.63603554195035,25.0,0.7,42.20191973734047,26.03814219863106,0.6,47.96239845005106,1000,423,79,79,0.079,1.0,0.0,0.7478425831607062,0.08860759493670886,0.08860759493670886,68.06401968257977,63.23742871097202,74.41979357576729,0.7324462579197182,1.1776099492390615,23.0,31.0
weibull,61.43302388605514,72.98432876598629,9.0,0.5,18.732320829050472,46.975347139277204,0.7999999999999999,74.27423233644892,1000,467,78,78,0.078,1.0,0.0,0.47617952910898426,0.9615384615384616,0.9615384615384616,67.20775170725004,63.4643016578854,72.2951303216427,0.45714815924164487,3.01382809633978,19.0,34.0
weibull,59.44914648396251,73.44617041536023,11.5,0.6,21.183062062107698,42.5755235841089,0.9999999999999999,61.423496738045024,1000,448,78,78,0.078,1.0,0.0,0.5078623892934689,0.9358974358974359,0.9358974358974359,66.27263336571437,62.684025127723494,71.41143801164624,0.4484727741881107,3.016029479008683,20.0,34.0
weibull,59.338621766836496,73.16045644298308,26.5,0.6,48.81314301268296,23.599347418920555,0.7999999999999999,37.31368728334323,1000,416,78,78,0.078,1.0,0.0,0.892547710500059,0.038461538461538464,0.038461538461538464,66.83060267335435,63.29302580768215,72.13495169333945,0.7417443242710213,1.1346598646072468,26.0,28.0
weibull,60.46098890157135,71.11565458752113,10.0,0.6,18.420053967050173,69.616149824864,0.6,128.23332367522454,1000,485,77,77,0.077,1.0,0.0,0.406709972424543,1.0,1.0,70.40247476007264,65.8222229215337,79.01496977404072,0.45150839579561863,3.064162228503001,17.0,37.0
weibull,59.626247318116924,73.47417278704481,23.5,0.7999999999999999,37.15660588375178,26.03814219863106,0.6,47.96239845005106,1000,411,77,77,0.077,1.0,0.0,0.7014892254372705,0.2077922077922078,0.2077922077922078,66.10049812390169,62.84649278485154,73.73812017215029,0.7505385106168511,1.1177110317521468,22.0,31.0
weibull,58.535416837448054,71.32287389321183,25.5,0.7,43.04595813208727,26.03814219863106,0.6,47.96239845005106,1000,430,77,77,0.077,1.0,0.0,0.7403941380281888,0.19480519480519481,0.19480519480519481,68.23558915625306,63.653949382248435,73.87852378399485,0.749596145456755,1.0985612020385105,23.0,31.0
weibull,61.009015273408494,71.52823904520933,8.5,0.5,17.691636338547667,57.18603679678211,0.7,96.53442139977588,1000,460,76,76,0.076,1.0,0.0,0.4462159408056381,1.0,1.0,70.40812459178802,64.74963731554826,78.04892133380473,0.437537254253088,3.1776954226610945,19.0,36.0
weibull,59.579737189390215,72.66725159812303,11.0,0.6,20.262059363755192,46.975347139277204,0.8999999999999999,70.58795448403654,1000,483,76,76,0.076,1.0,0.0,0.4654514592063302,0.9868421052631579,0.9868421052631579,66.29511699205068,63.03671933873512,75.57132687604573,0.4367487397344709,3.157702994363123,19.0,34.0
weibull,58.677555343640364,72.4087313726445,29.0,0.5,60.35970044916263,23.599347418920555,0.8999999999999999,35.461785019293444,1000,416,76,76,0.076,1.0,0.0,0.914406842958149,0.013157894736842105,0.013157894736842105,66.00862145734646,62.56461505990475,70.86314089928052,0.7261979323857026,1.2419231917177853,26.0,27.0
weibull,58.59189511256022,71.37867912887069,29.5,0.5,61.400384939665436,23.599347418920555,0.7999999999999999,37.31368728334323,1000,462,76,76,0.076,1.0,0.0,0.9184479457993766,0.0,0.0,67.3782148637805,63.229272810929245,72.26136477880691,0.7286476555209759,1.2395203652290978,27.0,27.5
weibull,59.14876548188951,71.2562477618915,10.0,0.5,20.81368981005608,46.975347139277204,0.8999999999999999,70.58795448403654,1000,464,75,75,0.075,1.0,0.0,0.49935075971350673,0.92,0.92,66.18273486568943,63.09908390912801,75.9037974403825,0.44939966016645505,2.9933493198835537,20.0,34.0
weibull,59.67978071992851,72.00594470399045,12.0,0.7999999999999999,18.973585983192397,76.81039548609378,0.6,141.48516300843144,1000,490,75,75,0.075,1.0,0.0,0.36884551899407564,1.0,1.0,67.36809097490004,63.34574714669627,74.22226916480778,0.45080787157962804,3.0690609630834658,15.0,38.0
weibull,60.03497076009502,71.98239463168503,25.5,0.6,46.971137615977945,23.599347418920555,0.6,43.47012530436828,1000,434,75,75,0.075,1.0,0.0,0.8059097463645325,0.06666666666666667,0.06666666666666667,68.85743553185884,63.137493344911555,76.05002444335179,0.7402191250293526,1.1560475717373782,25.0,30.0
weibull,59.41665582782012,71.31254418698698,27.5,0.5,57.23764697765422,23.599347418920555,0.7,39.83751062507593,1000,452,75,75,0.075,1.0,0.0,0.8999129867995131,0.013333333333333334,0.013333333333333334,69.74650863403109,63.19920933208399,77.59909429378315,0.7196163330671492,1.2437607858895132,26.0,28.0
weibull,58.86945508630158,70.72113855255881,29.0,0.5,60.35970044916263,23.599347418920555,0.7,39.83751062507593,1000,445,75,75,0.075,1.0,0.0,0.904789548263734,0.013333333333333334,0.013333333333333334,68.73647521302897,63.186707495240825,76.36812937145112,0.756315425850564,1.078751917675851,26.0,28.0
weibull,58.60092372732653,73.23930951429148,29.0,0.5,60.35970044916263,23.599347418920555,0.9999999999999999,34.04666148949245,1000,410,75,75,0.075,1.0,0.0,0.9615425213765061,0.013333333333333334,0.013333333333333334,65.74530428952967,62.67647273297678,70.45004612920734,0.7150414478364947,1.2623355773158733,27.0,27.0
weibull,58.68085774380772,70.97314664046871,12.0,0.7,20.256921473923423,63.0957344480193,0.7,106.51044483775433,1000,487,74,74,0.074,1.0,0.0,0.39568157622935096,0.9864864864864865,0.9864864864864865,70.38602917835453,64.02040177348808,76.8570144452547,0.44906865804607443,3.056728893914153,16.5,37.0
weibull,58.54409697755479,71.76538121908314,13.0,0.7999999999999999,20.55471814845843,63.0957344480193,0.7,106.51044483775433,1000,451,74,74,0.074,1.0,0.0,0.3813312826202574,1.0,1.0,68.22520626167213,63.90835927699755,74.08820222464351,0.44674743961648067,3.048989826863104,16.0,37.5
weibull,60.3454708001712,73.29041059236903,24.5,0.7,41.35788134259366,23.599347418920555,0.6,43.47012530436828,1000,469,74,74,0.074,1.0,0.0,0.7643228348350334,0.13513513513513514,0.13513513513513514,67.8983360759118,62.58193883146142,74.52240447181973,0.7357383322319206,1.1850990858222312,24.0,31.0
weibull,60.28220462495373,72.250665793097,25.0,0.6,46.050134917625435,23.599347418920555,0.6,43.47012530436828,1000,437,74,74,0.074,1.0,0.0,0.7545893737163862,0.17567567567567569,0.17567567567567569,67.96705603058703,63.95923777647013,75.64894106772545,0.7503963711131467,1.1006751639660872,24.0,30.0
weibull,59.91783847542068,70.87649708417108,26.5,0.5,55.15627799664861,23.599347418920555,0.6,43.47012530436828,1000,428,74,74,0.074,1.0,0.0,0.8217952147953125,0.05405405405405406,0.05405405405405406,70.64822724249011,63.46873429692319,78.6681465050605,0.7416030569174301,1.1628462029660787,25.0,29.0
weibull,61.46429246255346,72.53420269319481,23.0,0.6,42.366124124215396,23.599347418920555,0.5,49.118949689716,1000,446,73,73,0.073,1.0,0.0,0.7529588931892943,0.1232876712328767,0.1232876712328767,70.45962557727866,63.24507708060618,78.62907213703024,0.7481762272253135,1.1207297175644775,24.0,31.0
weibull,58.6317348921083,73.34706785005066,24.5,0.7999999999999999,38.737738049017814,26.03814219863106,0.7,43.95438348704343,1000,379,73,73,0.073,1.0,0.0,0.7577527964201152,0.1643835616438356,0.1643835616438356,66.44741476964508,62.95636969139301,70.58596550610044,0.754749245208469,1.0908183191975047,24.0,30.0
weibull,59.264921518209306,72.0932992486737,24.5,0.7999999999999999,38.737738049017814,26.03814219863106,0.5,54.19498149524385,1000,472,73,73,0.073,1.0,0.0,0.6829222197998435,0.3698630136986301,0.3698630136986301,67.54558603732701,63.9730258067322,74.11896218213543,0.7604107863693704,1.0471960189041811,22.0,32.0
weibull,59.91858966299918,72.83296527510214,25.5,0.6,46.971137615977945,23.599347418920555,0.7,39.83751062507593,1000,461,73,73,0.073,1.0,0.0,0.8036231957285185,0.0273972602739726,0.0273972602739726,67.34638038005349,63.68324998938511,72.97277816233941,0.7232865874468702,1.2433565666885067,25.0,29.0
weibull,58.77951733613176,73.43257930041975,28.5,0.5,59.319015958659826,23.599347418920555,0.9999999999999999,34.04666148949245,1000,406,73,73,0.073,1.0,0.0,0.9937343098863556,0.0,0.0,64.92119823473453,62.80733903618248,70.45635264284178,0.7291553048628061,1.2136945129897119,27.0,27.0
weibull,59.35378720193247,72.57131359033761,13.0,0.8999999999999999,19.53457428577918,76.81039548609378,0.6,141.48516300843144,1000,476,72,72,0.072,1.0,0.0,0.3592076119570359,1.0,1.0,66.15890979762972,62.92686369238352,73.96522715069723,0.4487767159222246,3.059352001087622,15.0,38.0
weibull,60.535444988025034,72.52485179431903,24.5,0.6,45.129132219272925,23.599347418920555,0.6,43.47012530436828,1000,403,72,72,0.072,1.0,0.0,0.805196229639856,0.09722222222222222,0.09722222222222222,68.10900171848289,64.79048614574674,73.93402592155977,0.7394640695322205,1.1765847321929066,24.5,30.0
weibull,58.938863839858925,72.71951487695313,24.5,0.7999999999999999,38.737738049017814,26.03814219863106,0.6,47.96239845005106,1000,448,72,72,0.072,1.0,0.0,0.7165851003369452,0.16666666666666666,0.16666666666666666,66.71072200454327,63.28637491806759,73.99993852426151,0.7330737504931957,1.1985781021898982,22.5,31.0
weibull,61.25464597827688,73.29346689281306,26.5,0.5,55.15627799664861,21.388976001067867,0.7,36.1062339384387,1000,410,72,72,0.072,1.0,0.0,0.8982981341100698,0.0,0.0,67.33399645176328,62.921967286140834,75.63838085139528,0.7527395364072806,1.0879055150622619,26.0,28.0
weibull,60.01979798627205,71.66677716242027,12.0,0.7999999999999999,18.973585983192397,93.5061126769298,0.5,194.62072246017695,1000,519,71,71,0.071,1.0,0.0,0.3500886320875914,1.0,1.0,68.62363037268499,63.39729678166289,75.34420693782113,0.4578249155344119,3.0276078098200347,15.0,39.0
weibull,59.57453364321347,73.41751627838096,26.0,0.6,47.89214031433045,23.599347418920555,0.7999999999999999,37.31368728334323,1000,426,71,71,0.071,1.0,0.0,0.8547255016076643,0.08450704225352113,0.08450704225352113,66.11642380330599,63.059117242745195,72.24172630516065,0.7233679045774127,1.2478242325353766,26.0,28.0
weibull,60.978384975186344,72.0110318841183,27.0,0.5,56.19696248715142,21.388976001067867,0.6,39.39860922396111,1000,452,71,71,0.071,1.0,0.0,0.8499828032644587,0.056338028169014086,0.056338028169014086,69.17238876427344,65.03604809083346,75.69219688928392,0.7417995797372314,1.1600694415728543,25.0,29.0
weibull,58.5025894634708,72.21915511388067,29.5,0.5,61.400384939665436,23.599347418920555,0.8999999999999999,35.461785019293444,1000,441,71,71,0.071,1.0,0.0,0.9642046784255982,0.014084507042253521,0.014084507042253521,65.76324753463582,63.168244264786516,71.8751708049353,0.7585162864963763,1.0556893690564784,27.0,27.0
weibull,59.95230499646729,72.84795715876538,23.5,0.7999999999999999,37.15660588375178,26.03814219863106,0.5,54.19498149524385,1000,442,70,70,0.07,1.0,0.0,0.6677770207098375,0.32857142857142857,0.32857142857142857,66.7273398345742,63.41388683320839,75.34027627718461,0.7137846601356014,1.2983246897350975,22.0,32.0
weibull,60.66597622181021,71.67389355897201,24.5,0.6,45.129132219272925,23.599347418920555,0.5,49.118949689716,1000,442,70,70,0.07,1.0,0.0,0.7484261397394525,0.1,0.1,71.64269091625003,64.65706831452789,79.68278317960224,0.7403205024780516,1.1593826208990285,24.0,31.0
weibull,59.14681920514252,71.00981991367092,25.0,0.7,42.20191973734047,26.03814219863106,0.5,54.19498149524385,1000,424,70,70,0.07,1.0,0.0,0.7186975857287761,0.2857142857142857,0.2857142857142857,70.97048900819593,64.54155284816571,77.91806805103401,0.7355188979416607,1.181188048624455,24.0,31.0
weibull,59.67712773678527,72.57039944330523,26.0,0.6,47.89214031433045,23.599347418920555,0.7,39.83751062507593,1000,417,70,70,0.07,1.0,0.0,0.840468595029946,0.05714285714285714,0.05714285714285714,67.20882981990282,63.25698124702663,73.65691740267796,0.7395253039374015,1.1528102559892819,26.0,28.0
weibull,61.14632327691724,71.7607990232353,9.5,0.6,17.499051268697663,69.616149824864,0.6,128.23332367522454,1000,495,69,69,0.069,1.0,0.0,0.4065662317014572,1.0,1.0,69.63343365118766,64.76812331744301,75.10081454312235,0.44703146528249743,3.0968128925771183,17.0,37.0
weibull,59.723336884001334,70.66711385660751,27.0,0.5,56.19696248715142,23.599347418920555,0.6,43.47012530436828,1000,428,69,69,0.069,1.0,0.0,0.8627666494449427,0.014492753623188406,0.014492753623188406,70.47513178401009,64.03391897886895,80.37989109504687,0.7258246027711222,1.223560774607414,25.0,29.0
weibull,60.869844427772165,72.87894335221185,27.5,0.5,57.23764697765422,21.388976001067867,0.7,36.1062339384387,1000,441,68,68,0.068,1.0,0.0,0.8984675625541154,0.04411764705882353,0.04411764705882353,68.57747688039146,63.346591996918484,74.44255324174382,0.7603372839466214,1.05560557732139,26.0,28.0
weibull,58.985212921380906,71.81498781837516,27.5,0.6,50.65514840938798,23.599347418920555,0.7,39.83751062507593,1000,468,68,68,0.068,1.0,0.0,0.8308341364361108,0.029411764705882353,0.029411764705882353,67.24844449616043,62.99655247703429,72.81628904441523,0.724257452992698,1.255679807954333,25.0,29.0
weibull,58.69448920613202,70.53156229379499,29.5,0.5,61.400384939665436,23.599347418920555,0.7,39.83751062507593,1000,446,68,68,0.068,1.0,0.0,0.9013414434606281,0.0,0.0,68.85570158818669,64.69644446173523,77.97397209193099,0.7662012171992705,1.0195311589478346,26.0,28.0
weibull,60.05690046307453,72.31880420715528,10.5,0.6,19.341056665402682,51.82985558583315,0.7999999999999999,81.94985178785417,1000,469,67,67,0.067,1.0,0.0,0.4269151045488337,0.9850746268656716,0.9850746268656716,67.75590036332632,63.81243190124692,75.9697272122991,0.44096587100800794,3.06889318133414,18.0,36.0
weibull,59.10804985461681,72.90871283042594,27.0,0.6,49.73414571103547,23.599347418920555,0.7999999999999999,37.31368728334323,1000,405,67,67,0.067,1.0,0.0,0.8536451757449748,0.07462686567164178,0.07462686567164178,66.46002285988462,62.94756847424888,71.54861338609193,0.7112661851924114,1.311805407642074,25.0,29.0
weibull,59.61700370529276,72.61442195559943,10.0,0.5,20.81368981005608,42.5755235841089,0.9999999999999999,61.423496738045024,1000,462,66,66,0.066,1.0,0.0,0.5133293014938345,0.9090909090909091,0.9090909090909091,68.00166057023311,63.49864146083676,72.79053997379705,0.4441374630428194,3.077789067899352,21.0,34.0
weibull,60.412735858738905,71.39970755774996,25.0,0.6,46.050134917625435,23.599347418920555,0.5,49.118949689716,1000,438,66,66,0.066,1.0,0.0,0.7675134840386054,0.16666666666666666,0.16666666666666666,70.52936141282044,63.81867094753011,78.61218703624243,0.732062806905502,1.2006424092562547,24.0,31.0
weibull,60.36415923563959,70.90800261489889,9.0,0.5,18.732320829050472,57.18603679678211,0.7,96.53442139977588,1000,456,65,65,0.065,1.0,0.0,0.46422854657893,0.9846153846153847,0.9846153846153847,71.25743895183518,63.7751168111281,79.13669345105315,0.44681352622425474,3.1135823990905167,19.0,35.0
weibull,60.19813197289773,73.18126689579736,9.5,0.5,19.773005319553274,42.5755235841089,0.9999999999999999,61.423496738045024,1000,450,65,65,0.065,1.0,0.0,0.5201149573772874,0.9384615384615385,0.9384615384615385,66.30002777612532,63.19229650116612,71.51323699220285,0.4481674669735511,3.058044774701491,20.0,34.0
weibull,59.230292687832275,72.4039389809895,12.5,0.7999999999999999,19.764152065825414,63.0957344480193,0.7,106.51044483775433,1000,475,65,65,0.065,1.0,0.0,0.3935627029131783,0.9846153846153847,0.9846153846153847,67.57474725363056,63.66707642934307,71.67614716967316,0.4515383458692859,3.0040896176027028,16.0,37.0
weibull,61.19148380278621,72.24090304902985,23.5,0.6,43.287126822567906,23.599347418920555,0.5,49.118949689716,1000,435,65,65,0.065,1.0,0.0,0.7464565597285306,0.12307692307692308,0.12307692307692308,71.35687503308655,64.84603018712382,81.9355855637033,0.7594425489476377,1.0819737916242296,24.0,31.0
weibull,58.782838001556264,73.4380811641569,23.5,0.9999999999999999,33.90333346089065,28.728965980328912,0.5,59.79557864782196,1000,400,65,65,0.065,1.0,0.0,0.6159827417401172,0.6307692307692307,0.6307692307692307,66.91773019390865,63.34383599928923,70.6249546437716,0.7569561930894614,1.1009002347006838,20.0,33.0
weibull,59.76527320616779,71.18547662122742,11.0,0.7,18.568844684429806,76.81039548609378,0.6,141.48516300843144,1000,506,64,64,0.064,1.0,0.0,0.3701765338390671,1.0,1.0,68.40756569290686,63.75550296773784,78.03884438253198,0.43182482365950936,3.219681190551271,16.0,38.0
weibull,61.399085205922184,73.44312759634141,23.0,0.7,38.825766158353225,23.599347418920555,0.5,49.118949689716,1000,458,64,64,0.064,1.0,0.0,0.6967051859594151,0.171875,0.171875,70.31384106185969,63.901439029964735,76.66446924052403,0.7178255270804004,1.2676339772483085,23.0,31.0
weibull,59.604154170143346,72.4665152539645,24.0,0.7999999999999999,37.94717196638479,26.03814219863106,0.5,54.19498149524385,1000,429,64,64,0.064,1.0,0.0,0.6797338941186015,0.328125,0.328125,69.18307705883812,64.28187811876874,75.99626662569916,0.7457150912825953,1.1323689057957425,23.0,32.0
weibull,61.36975165859402,72.89517181167989,10.5,0.7,17.724806289682995,69.616149824864,0.6,128.23332367522454,1000,474,63,63,0.063,1.0,0.0,0.3956125998085067,0.9841269841269841,0.9841269841269841,68.14885461917547,63.81525734340564,73.8073501832423,0.4486335068559371,3.0766713069448675,17.0,37.0
weibull,60.48065441556789,71.84485342663376,10.5,0.7,17.724806289682995,76.81039548609378,0.6,141.48516300843144,1000,490,63,63,0.063,1.0,0.0,0.375033496688665,0.9841269841269841,0.9841269841269841,68.66804789727864,63.2464824298535,76.20875739109604,0.44280425878757296,3.151994653059139,16.0,38.0
weibull,58.88523775518604,72.96037663633871,13.5,0.8999999999999999,20.285904066001457,63.0957344480193,0.7,106.51044483775433,1000,479,63,63,0.063,1.0,0.0,0.3807827745321897,1.0,1.0,66.30598252715679,62.816488026530934,71.35580542200586,0.4602204452700372,2.9775047786760993,16.0,38.0
weibull,61.08346065615702,73.1010469210207,23.5,0.7,39.669804553100036,23.599347418920555,0.5,49.118949689716,1000,425,63,63,0.063,1.0,0.0,0.7208271175395133,0.23809523809523808,0.23809523809523808,70.05061934419987,63.58139645182891,77.89657648300097,0.7461655739875651,1.1434879015070862,23.0,31.0
weibull,59.439282774543585,71.32984313605934,24.5,0.7,41.35788134259366,26.03814219863106,0.5,54.19498149524385,1000,468,63,63,0.063,1.0,0.0,0.7116017312809255,0.2222222222222222,0.2222222222222222,68.96995939884513,64.79804375315395,77.51116263233106,0.7518237177168924,1.127922578131467,23.0,31.0
weibull,59.76766254142605,72.6572257212421,25.5,0.7,43.04595813208727,23.599347418920555,0.6,43.47012530436828,1000,457,63,63,0.063,1.0,0.0,0.7645121062459747,0.12698412698412698,0.12698412698412698,66.67120041663695,63.66253010163065,74.56907392936479,0.7495569327204289,1.1201626050334872,24.0,31.0
weibull,59.55759695750414,71.46276896449024,26.5,0.6,48.81314301268296,23.599347418920555,0.6,43.47012530436828,1000,434,63,63,0.063,1.0,0.0,0.8204068051256181,0.015873015873015872,0.015873015873015872,68.73549554310931,63.97925045421499,76.80223648047317,0.7481711605112373,1.1167008970861192,25.0,30.0
weibull,60.820671681911435,71.50568588506357,10.5,0.7,17.724806289682995,93.5061126769298,0.5,194.62072246017695,1000,480,62,62,0.062,1.0,0.0,0.37049296362687956,1.0,1.0,68.83281124383674,64.30623907104932,77.19900332762175,0.4606837808282843,3.016026243669523,17.0,38.0
weibull,59.296195073327524,73.26321616973438,14.0,1.0999999999999999,19.53584325181483,103.16918578736195,0.5,214.7331430934198,1000,497,62,62,0.062,1.0,0.0,0.3124329784373828,1.0,1.0,65.76193682968812,63.07265670796285,72.09921316207328,0.4394229664972661,3.106926847571443,13.0,40.0
weibull,58.93426086866759,71.72805752802225,25.0,0.7999999999999999,39.52830413165083,26.03814219863106,0.5,54.19498149524385,1000,468,62,62,0.062,1.0,0.0,0.6931286643487817,0.1935483870967742,0.1935483870967742,68.36606262807234,63.83881598056214,74.3228569119826,0.7592297317129859,1.0414527889105643,22.5,31.5
weibull,58.57283423393193,73.2609355632192,28.0,0.6,51.576151107740486,23.599347418920555,0.8999999999999999,35.461785019293444,1000,386,62,62,0.062,1.0,0.0,0.8850416867551492,0.016129032258064516,0.016129032258064516,65.6509996689627,63.05879125701046,71.77078647079011,0.7400829259070123,1.163135198431215,26.0,28.0
weibull,58.76473397659314,71.57334274313352,28.0,0.6,51.576151107740486,23.599347418920555,0.7,39.83751062507593,1000,447,62,62,0.062,1.0,0.0,0.8781267961979438,0.016129032258064516,0.016129032258064516,68.05368285006656,63.30404648424228,74.69348174032673,0.7499429564870475,1.1082433501075868,26.0,28.5
weibull,59.72989374949448,71.82309270208943,9.5,0.5,19.773005319553274,46.975347139277204,0.8999999999999999,70.58795448403654,1000,465,61,61,0.061,1.0,0.0,0.48396780938145445,0.9344262295081968,0.9344262295081968,68.41622114491712,64.30130420243697,74.29803280416424,0.4472623424990528,3.0953203601864985,20.0,34.0
weibull,60.77587410423445,72.76657529424179,24.0,0.7,40.51384294784685,23.599347418920555,0.5,49.118949689716,1000,452,61,61,0.061,1.0,0.0,0.7525491528928057,0.14754098360655737,0.14754098360655737,68.01561221186927,64.08870281874327,74.02981549203913,0.7505625960865224,1.12158760122398,24.0,31.0
weibull,61.17288656660569,72.22041511168186,26.5,0.5,55.15627799664861,21.388976001067867,0.6,39.39860922396111,1000,451,61,61,0.061,1.0,0.0,0.8522949643947018,0.03278688524590164,0.03278688524590164,71.60781596921731,65.74360280279367,79.46719356483891,0.7592759567397939,1.0786990229496367,26.0,28.0
weibull,59.210643948188604,72.06159599535025,27.0,0.6,49.73414571103547,23.599347418920555,0.7,39.83751062507593,1000,424,61,61,0.061,1.0,0.0,0.8491110171643904,0.03278688524590164,0.03278688524590164,66.69432877702428,63.19150122679343,72.8200075760128,0.7415532420870198,1.156459106082206,25.0,29.0
weibull,59.34058454577405,71.59580643026726,11.5,0.7,19.412883079176613,63.0957344480193,0.7,106.51044483775433,1000,462,60,60,0.06,1.0,0.0,0.4080412181997058,1.0,1.0,67.04825437486832,63.71245211610997,72.69392682889871,0.4514546209513156,3.0164946871646094,17.0,36.0
weibull,58.85175310973588,72.5986503701263,23.5,0.8999999999999999,35.31249967044698,28.728965980328912,0.5,59.79557864782196,1000,422,60,60,0.06,1.0,0.0,0.6427325365864502,0.48333333333333334,0.48333333333333334,67.09092690826176,63.1463431336088,74.2677935990888,0.7426224823365406,1.1558416539894312,21.0,33.0
weibull,59.48916238790431,72.3506978102948,26.0,0.7,43.88999652683408,23.599347418920555,0.6,43.47012530436828,1000,455,60,60,0.06,1.0,0.0,0.781447464750255,0.08333333333333333,0.08333333333333333,67.55257369967467,63.48926985057483,72.87882495531908,0.7484676573280052,1.1228538967754946,24.0,30.0
weibull,58.77972119448259,73.47825304171485,24.5,0.8999999999999999,36.81515923089153,26.03814219863106,0.6,47.96239845005106,1000,386,59,59,0.059,1.0,0.0,0.7151992268029533,0.2033898305084746,0.2033898305084746,66.31509790091368,63.308439282863816,71.05553602431216,0.731907707291263,1.1947459987668152,22.0,31.0
weibull,60.05300723077014,72.97038736998061,25.0,0.7,42.20191973734047,23.599347418920555,0.6,43.47012530436828,1000,439,59,59,0.059,1.0,0.0,0.7462519315085641,0.1016949152542373,0.1016949152542373,68.46113864180005,63.75923572284633,75.97472400907513,0.7536290983040737,1.0614927757354595,24.0,30.0
weibull,58.861474515798434,70.69665826493241,25.5,0.7,43.04595813208727,26.03814219863106,0.5,54.19498149524385,1000,429,59,59,0.059,1.0,0.0,0.6929953201185003,0.2542372881355932,0.2542372881355932,69.84623883102164,64.66835296097798,75.7820124084447,0.7227680593811873,1.292143097108275,23.0,32.0
weibull,59.79350883388111,71.71982879988812,26.0,0.6,47.89214031433045,23.599347418920555,0.6,43.47012530436828,1000,435,59,59,0.059,1.0,0.0,0.800199307498462,0.1016949152542373,0.1016949152542373,68.56415054147801,64.45434028815039,78.05745744669204,0.7624584691704882,1.0301480553940923,24.0,30.0
weibull,59.941807312879234,73.05706674293947,12.0,0.7999999999999999,18.973585983192397,63.0957344480193,0.7,106.51044483775433,1000,463,58,58,0.058,1.0,0.0,0.3823547759283381,1.0,1.0,66.67741380980127,62.930055744596125,71.90885151157717,0.4464889050761019,3.1033708655279435,16.0,37.5
weibull,60.109136244585976,73.2442958848216,12.5,0.8999999999999999,18.783244505556905,76.81039548609378,0.6,141.48516300843144,1000,486,58,58,0.058,1.0,0.0,0.33959679355267197,1.0,1.0,66.02366997547855,62.936324825187825,72.25776348633045,0.4451177295764812,3.1189257110495836,14.0,39.0
weibull,60.683591057222195,72.67789814300492,28.0,0.5,58.27833146815702,21.388976001067867,0.7,36.1062339384387,1000,454,58,58,0.058,1.0,0.0,0.8745542063997522,0.034482758620689655,0.034482758620689655,68.12350368115165,63.453672256126985,72.6244375235733,0.7392743035420639,1.1393889134140243,26.0,28.0
weibull,58.878104210198565,71.59238197263127,10.5,0.6,19.341056665402682,51.82985558583315,0.8999999999999999,77.88262801251267,1000,498,57,57,0.057,1.0,0.0,0.46937793460628735,0.9824561403508771,0.9824561403508771,67.15676354895841,63.51815476217596,71.19327356134676,0.4524558371747397,2.9926087388836438,19.0,35.0
weibull,58.61184355387307,71.37054701727814,25.5,0.7999999999999999,40.31887021428385,26.03814219863106,0.5,54.19498149524385,1000,446,57,57,0.057,1.0,0.0,0.7027584248794441,0.2631578947368421,0.2631578947368421,69.39269170227519,63.63494893689389,75.35870600970856,0.7479968536397343,1.1140368192924384,22.0,32.0
weibull,59.327025045284444,71.2110253519331,27.0,0.6,49.73414571103547,23.599347418920555,0.6,43.47012530436828,1000,451,57,57,0.057,1.0,0.0,0.800825668185489,0.10526315789473684,0.10526315789473684,69.41740475154123,64.52379726896147,76.47911800798094,0.7579254650478607,1.07021280134967,25.0,29.0
weibull,58.60820319031721,72.35427315630169,25.0,0.7999999999999999,39.52830413165083,26.03814219863106,0.6,47.96239845005106,1000,409,56,56,0.056,1.0,0.0,0.6967240928701062,0.23214285714285715,0.23214285714285715,67.28785261456085,63.44256494912839,74.19135396229484,0.7357745513876645,1.179798669304787,23.0,31.0
weibull,58.66213988302134,72.42045957820923,28.0,0.6,51.576151107740486,23.599347418920555,0.7999999999999999,37.31368728334323,1000,411,56,56,0.056,1.0,0.0,0.8454813646878359,0.08928571428571429,0.08928571428571429,66.82161572126648,63.406917083653525,73.29146349408181,0.7006761731530619,1.3568370690350022,25.0,29.0
weibull,60.205304614492725,73.2673258025085,10.5,0.6,19.341056665402682,46.975347139277204,0.8999999999999999,70.58795448403654,1000,464,55,55,0.055,1.0,0.0,0.45394064077578006,0.9636363636363636,0.9636363636363636,66.06732598208185,62.95915769175605,72.17458088232239,0.42907834075498275,3.2426941711359882,19.0,34.0
weibull,60.417851553124784,72.6735379136381,11.5,0.7999999999999999,18.18301990055938,76.81039548609378,0.6,141.48516300843144,1000,511,55,55,0.055,1.0,0.0,0.3668331172030491,1.0,1.0,66.05357317826284,63.26857601318456,73.94411425160878,0.4496447894872582,3.051507028254076,15.0,38.0
weibull,58.82433387756095,70.98990073580777,12.0,0.7999999999999999,18.973585983192397,84.74810614451644,0.6,156.10646887872892,1000,498,55,55,0.055,1.0,0.0,0.36779903887244614,1.0,1.0,68.80369320186666,63.096279316618684,76.7798070557625,0.4387315206511025,3.1221073053132837,16.0,38.0
weibull,60.47600203395638,72.43945235702199,24.5,0.7,41.35788134259366,23.599347418920555,0.5,49.118949689716,1000,458,55,55,0.055,1.0,0.0,0.7105930532362228,0.16363636363636364,0.16363636363636364,69.8685920723936,64.90771882110651,76.30643648285485,0.7603862137109711,1.072377149262345,23.0,31.0
weibull,59.92404006766629,70.86887056454108,26.0,0.6,47.89214031433045,23.599347418920555,0.5,49.118949689716,1000,423,55,55,0.055,1.0,0.0,0.755421637835995,0.01818181818181818,0.01818181818181818,70.38798295067473,65.03242933219556,79.74484853845065,0.7535903227524163,1.111590000159159,25.0,30.0
weibull,60.19302239482185,71.46707277468614,9.0,0.5,18.732320829050472,51.82985558583315,0.7999999999999999,81.94985178785417,1000,462,54,54,0.054,1.0,0.0,0.467696347024723,0.9259259259259259,0.9259259259259259,69.55505196138063,64.82176202270412,75.73779188592052,0.4491747834323413,3.0821001169900573,19.0,35.0
weibull,58.74095387462699,72.24071850181217,10.0,0.5,20.81368981005608,42.5755235841089,1.0999999999999999,59.41062536450693,1000,466,54,54,0.054,1.0,0.0,0.5277657253034076,0.8888888888888888,0.8888888888888888,66.9944588711983,62.879405824226254,74.140427280805,0.44124650621571815,3.074643489456168,21.0,33.0
weibull,60.09253146559804,70.66478933736981,10.5,0.7,17.724806289682995,103.16918578736195,0.5,214.7331430934198,1000,453,54,54,0.054,1.0,0.0,0.35648035231722375,1.0,1.0,69.8609426559098,63.99586476810011,81.12923137158555,0.44931047303545113,3.0860180079380446,15.5,38.0
weibull,60.217898805478384,73.42017241941696,11.5,0.7,19.412883079176613,51.82985558583315,0.7999999999999999,81.94985178785417,1000,472,54,54,0.054,1.0,0.0,0.41519560769215313,1.0,1.0,67.39348666865024,63.98199755452801,71.75124168317926,0.43690781468052103,3.168755422810846,18.0,36.0
weibull,60.18353846455532,72.11942913463358,25.0,0.7,42.20191973734047,23.599347418920555,0.5,49.118949689716,1000,455,54,54,0.054,1.0,0.0,0.733391952193983,0.16666666666666666,0.16666666666666666,69.35395807602848,64.15965335364461,77.60425768316748,0.7632079779098784,1.032231506011573,23.0,31.0
weibull,59.51803157950069,73.33111447358783,25.5,0.7999999999999999,40.31887021428385,23.599347418920555,0.6,43.47012530436828,1000,432,54,54,0.054,1.0,0.0,0.746882455367379,0.12962962962962962,0.12962962962962962,67.1309051715941,62.563719694558976,72.2646569721441,0.7276409666124257,1.196690091192579,23.0,31.0
weibull,61.37175348472874,72.43419684080243,26.0,0.5,54.11559350614581,21.388976001067867,0.6,39.39860922396111,1000,429,54,54,0.054,1.0,0.0,0.8641886608967901,0.037037037037037035,0.037037037037037035,69.19420974582744,64.50913810568584,76.96869497813613,0.767086370940713,1.0233936317356016,25.0,29.0
weibull,60.50123729505886,72.48080750391193,28.5,0.5,59.319015958659826,21.388976001067867,0.7,36.1062339384387,1000,481,54,54,0.054,1.0,0.0,0.9357493249370976,0.0,0.0,68.1404162683726,63.84499316943157,74.26424534670389,0.7748494380686142,0.9904024986761342,27.0,28.0
weibull,60.34142654624006,72.41559437003936,9.0,0.5,18.732320829050472,46.975347139277204,0.8999999999999999,70.58795448403654,1000,485,53,53,0.053,1.0,0.0,0.4847033003704013,0.9811320754716981,0.9811320754716981,68.13400294676421,64.38763566216537,76.23700258840637,0.43479695843219096,3.2061484487962364,19.0,35.0
weibull,61.10126048043088,71.14371886434232,26.5,0.5,55.15627799664861,21.388976001067867,0.5,44.518351184096026,1000,402,53,53,0.053,1.0,0.0,0.7901476704964404,0.05660377358490566,0.05660377358490566,72.37540115689904,65.42613306580066,84.99797809127448,0.7519900827601746,1.0893026465413778,25.0,30.0
weibull,61.06014438685754,73.0840836652495,27.0,0.5,56.19696248715142,21.388976001067867,0.7,36.1062339384387,1000,466,53,53,0.053,1.0,0.0,0.8740209625609594,0.03773584905660377,0.03773584905660377,67.43476857631433,63.42937895901385,72.27442075491251,0.7410426048143715,1.1468380769067905,25.0,28.0
weibull,60.601831645551,71.60484636187373,28.0,0.5,58.27833146815702,21.388976001067867,0.6,39.39860922396111,1000,456,53,53,0.053,1.0,0.0,0.8754527271040423,0.03773584905660377,0.03773584905660377,68.33992676930563,63.90907026088394,77.0678247309,0.7607428846902135,1.055494139273914,26.0,28.0
weibull,60.502022394809174,72.74744733161954,12.0,0.8999999999999999,18.031914725334627,103.16918578736195,0.5,214.7331430934198,1000,503,52,52,0.052,1.0,0.0,0.3252005372232526,1.0,1.0,67.39305420183345,63.66875210584499,73.90279686710042,0.4369550038586722,3.165269989676987,14.0,40.0
weibull,60.1655019938802,71.13143639633799,25.5,0.6,46.971137615977945,23.599347418920555,0.5,49.118949689716,1000,462,52,52,0.052,1.0,0.0,0.7698921131348555,0.09615384615384616,0.09615384615384616,71.19451183393409,64.89910485043036,81.70554437466271,0.751430117238055,1.1143440548634138,24.0,31.0
weibull,58.88261882780911,72.66210465345085,27.5,0.6,50.65514840938798,23.599347418920555,0.7999999999999999,37.31368728334323,1000,417,52,52,0.052,1.0,0.0,0.8675737065660603,0.0,0.0,66.22767639339256,62.756284903350945,73.62579557149428,0.7051810750777691,1.3316056745980966,25.0,28.0
weibull,60.32264368625362,72.28753771778366,29.0,0.5,60.35970044916263,21.388976001067867,0.7,36.1062339384387,1000,465,52,52,0.052,1.0,0.0,0.8997441315041164,0.0,0.0,70.12705475986641,65.08516403702805,75.73696979061896,0.7510640188783849,1.1027514965066678,26.0,28.0
weibull,60.06591839441287,71.02490967788864,29.5,0.5,61.400384939665436,21.388976001067867,0.6,39.39860922396111,1000,460,52,52,0.052,1.0,0.0,0.8553936999223799,0.057692307692307696,0.057692307692307696,71.15645829489391,64.75212702547613,77.42592022612568,0.7503566043531633,1.097635922454005,25.0,29.0
weibull,60.7956276885774,72.1752846768679,11.0,0.7999999999999999,17.392453817926363,103.16918578736195,0.5,214.7331430934198,1000,491,51,51,0.051,1.0,0.0,0.34620222139835494,1.0,1.0,68.89558456918019,63.701980466518194,76.0106778904932,0.4276416717018975,3.25695622291695,15.0,39.0
weibull,58.581050628290754,73.32386754404955,13.5,0.8999999999999999,20.285904066001457,57.18603679678211,0.7999999999999999,90.41868218347915,1000,411,51,51,0.051,1.0,0.0,0.3989975436173379,1.0,1.0,65.59621709182258,62.94537864856261,71.57030539796827,0.43247062531263375,3.1804642238793286,17.0,37.0
weibull,61.29001885128003,73.3263126591958,25.5,0.6,46.971137615977945,21.388976001067867,0.6,39.39860922396111,1000,405,51,51,0.051,1.0,0.0,0.8108034430973107,0.0196078431372549,0.0196078431372549,68.3970241575293,65.31684746837811,77.42102278930483,0.7406848424055668,1.1679434289358108,25.0,29.0
weibull,61.30012739855393,71.35750059346287,26.0,0.5,54.11559350614581,21.388976001067867,0.5,44.518351184096026,1000,418,51,51,0.051,1.0,0.0,0.7720575786720557,0.09803921568627451,0.09803921568627451,72.52072848935558,66.06004306803365,81.61410936739267,0.7302366005723704,1.217716391454032,25.0,30.0
weibull,59.37278129080847,73.20126845371195,26.0,0.7,43.88999652683408,23.599347418920555,0.7,39.83751062507593,1000,443,51,51,0.051,1.0,0.0,0.7896796860166017,0.058823529411764705,0.058823529411764705,68.30139598174027,62.825076080545564,72.85818857918208,0.7527876119825052,1.1087046004540795,24.0,29.0
weibull,60.35664210966176,72.30833520246881,27.5,0.6,50.65514840938798,21.388976001067867,0.6,39.39860922396111,1000,444,51,51,0.051,1.0,0.0,0.8279715841266979,0.0196078431372549,0.0196078431372549,69.92289379652433,63.93156489321936,77.20209839318892,0.7719486809286867,1.0095673059288492,25.0,29.0
weibull,59.101594018476746,70.96441717495802,27.5,0.6,50.65514840938798,23.599347418920555,0.6,43.47012530436828,1000,428,51,51,0.051,1.0,0.0,0.8115719431494407,0.0,0.0,69.0173036663208,64.63771650750513,78.94630146804133,0.7767960292699454,0.9651785695665895,25.0,29.0
weibull,60.419477883387664,71.40775572278073,28.5,0.5,59.319015958659826,21.388976001067867,0.6,39.39860922396111,1000,449,51,51,0.051,1.0,0.0,0.8602272057744248,0.09803921568627451,0.09803921568627451,69.8111383358395,63.02536475293746,82.97822061266695,0.766070922658862,1.0129114724793065,26.0,29.0
weibull,60.24088427458243,71.21448593665247,29.0,0.5,60.35970044916263,21.388976001067867,0.6,39.39860922396111,1000,470,51,51,0.051,1.0,0.0,0.8817959895576094,0.0,0.0,70.97587903027704,64.12180450845425,79.37879446067575,0.7534944195374705,1.0890435978622868,26.0,28.0
weibull,60.238737049524985,73.1623973073016,29.5,0.5,61.400384939665436,21.388976001067867,0.7999999999999999,33.81879793739166,1000,440,51,51,0.051,1.0,0.0,0.9688161021800361,0.0196078431372549,0.0196078431372549,68.24831082448434,63.104686165589214,74.20496470888803,0.7544430824337904,1.0897962449915433,27.0,27.0
weibull,61.31605511909174,71.04080343803028,9.0,0.6,16.578048570345157,93.5061126769298,0.5,194.62072246017695,1000,449,50,50,0.05,1.0,0.0,0.37722600050106636,1.0,1.0,72.63352017809144,64.5449840572876,83.64837210899678,0.43987844677338095,3.138112121162969,16.5,38.0
weibull,59.833918251495945,71.11645824142403,10.0,0.6,18.420053967050173,63.0957344480193,0.7,106.51044483775433,1000,462,50,50,0.05,1.0,0.0,0.4127550150964061,1.0,1.0,70.3079677385337,63.95777270567367,80.24025321673388,0.4328883020537545,3.1408378453165904,17.0,37.0
weibull,59.48330245619039,73.27033331434009,24.0,0.8999999999999999,36.06382945066925,26.03814219863106,0.5,54.19498149524385,1000,426,50,50,0.05,1.0,0.0,0.6734002032564979,0.36,0.36,67.0543443566159,63.436285152248736,75.09978830371786,0.7548203510962588,1.0763338891106582,22.0,32.0
weibull,58.95166877520346,71.75668037645568,27.0,0.7,45.5780733163277,23.599347418920555,0.6,43.47012530436828,1000,435,50,50,0.05,1.0,0.0,0.8072735271257891,0.04,0.04,67.8582903331679,63.81966328964189,75.71924379427185,0.7666141946061211,1.0161775731298204,24.5,29.0
weibull,58.83528767810762,72.60725101987282,27.0,0.7,45.5780733163277,23.599347418920555,0.7,39.83751062507593,1000,430,50,50,0.05,1.0,0.0,0.7857072204585378,0.06,0.06,66.35610461254973,63.08252040054269,72.90454300996626,0.7326213088985398,1.1858718042858847,24.0,29.5
weibull,59.32510425083976,70.6767630813822,11.5,0.7999999999999999,18.18301990055938,113.83085652167554,0.5,236.9240138455154,1000,499,49,49,0.049,1.0,0.0,0.3363552286436204,1.0,1.0,68.92242758958528,64.08189357352853,78.05392737458659,0.445411259398414,3.077150600941746,15.0,40.0
weibull,61.46562662996393,72.51788757326824,25.0,0.6,46.050134917625435,21.388976001067867,0.5,44.518351184096026,1000,451,49,49,0.049,1.0,0.0,0.7641417557730978,0.10204081632653061,0.10204081632653061,71.4316862842546,64.52982315979555,79.98454342680645,0.7581930919304298,1.0766568118135074,24.0,31.0
weibull,60.788085016100965,71.80589157108065,27.5,0.5,57.23764697765422,21.388976001067867,0.6,39.39860922396111,1000,454,49,49,0.049,1.0,0.0,0.8379344193027263,0.061224489795918366,0.061224489795918366,71.16800794802813,64.03649213939764,78.63075225913457,0.7461140186941077,1.1398294178544626,26.0,29.0
weibull,61.26915149901232,70.91242536478939,8.0,0.5,16.650951848044862,69.616149824864,0.6,128.23332367522454,1000,441,48,48,0.048,1.0,0.0,0.42607998163546124,1.0,1.0,72.78728286009512,65.33895005940856,80.15100322931653,0.43462833858931943,3.204289969052562,18.0,36.0
weibull,60.71123251120028,72.94082423057374,10.0,0.6,18.420053967050173,51.82985558583315,0.7999999999999999,81.94985178785417,1000,468,48,48,0.048,1.0,0.0,0.4580308444436558,0.9791666666666666,0.9791666666666666,68.09770190841942,63.35429487555949,72.88394911087195,0.45200770137283675,3.0390996442749225,19.0,35.0
weibull,58.875399076474906,70.85792912571641,10.5,0.6,19.341056665402682,57.18603679678211,0.7999999999999999,90.41868218347915,1000,474,48,48,0.048,1.0,0.0,0.4353656734766982,0.9791666666666666,0.9791666666666666,69.88478679957406,64.60336048059112,76.6465712394277,0.4479476194018903,3.066449076524918,18.0,36.0
weibull,59.99242588817529,73.09975777769884,13.0,0.9999999999999999,18.755035531556526,103.16918578736195,0.5,214.7331430934198,1000,468,48,48,0.048,1.0,0.0,0.31752811462232433,1.0,1.0,66.48242813714606,63.20472880651628,70.6268987844639,0.43125226317053683,3.214625278695511,13.0,40.0
weibull,59.688128191289316,70.6118107291432,26.5,0.6,48.81314301268296,23.599347418920555,0.5,49.118949689716,1000,440,48,48,0.048,1.0,0.0,0.7505970109393116,0.08333333333333333,0.08333333333333333,71.61053338582558,66.85659843216229,83.22478432493675,0.7497667306404675,1.1253123746283609,24.0,31.0
weibull,58.88111507368898,70.7227720997164,28.0,0.6,51.576151107740486,23.599347418920555,0.6,43.47012530436828,1000,434,48,48,0.048,1.0,0.0,0.7774250143908417,0.041666666666666664,0.041666666666666664,71.351041000327,65.31300125607089,75.85381150916662,0.7267529470765139,1.230913331429786,25.0,31.0
weibull,60.02729979911852,72.23659866017644,11.0,0.7,18.568844684429806,63.0957344480193,0.7,106.51044483775433,1000,502,47,47,0.047,1.0,0.0,0.3950318889559968,1.0,1.0,67.1749832133292,63.68337308579174,76.05707050463218,0.4254402683893543,3.3090578819426844,17.0,37.0
weibull,59.28780153586011,72.2830470347069,13.0,0.9999999999999999,18.755035531556526,113.83085652167554,0.5,236.9240138455154,1000,486,47,47,0.047,1.0,0.0,0.3020292282379356,1.0,1.0,66.03617441097292,62.78273123278795,73.23661004306265,0.44449932664172404,3.1258290155585584,13.0,40.0
weibull,60.3016407776221,73.20290846963636,24.5,0.7999999999999999,38.737738049017814,23.599347418920555,0.5,49.118949689716,1000,440,47,47,0.047,1.0,0.0,0.7046848960291109,0.23404255319148937,0.23404255319148937,67.4389186084065,63.36161388402568,77.0474516721801,0.7461131224769141,1.149358684737945,22.0,31.0
weibull,59.20354538361783,72.98110046590864,26.0,0.7999999999999999,41.10943629691686,23.599347418920555,0.6,43.47012530436828,1000,459,47,47,0.047,1.0,0.0,0.7388562770772524,0.14893617021276595,0.14893617021276595,66.69168448672582,63.20357695005819,72.1865251858567,0.7640568006014762,1.0041129909691044,23.0,30.0
weibull,59.10086560615118,72.90115624476195,26.5,0.7,44.73403492158089,23.599347418920555,0.7,39.83751062507593,1000,409,47,47,0.047,1.0,0.0,0.8177942363135496,0.0425531914893617,0.0425531914893617,66.16570601050105,63.26346511277709,73.16061215729145,0.7512064224276084,1.0997506169596127,25.0,29.0
weibull,60.14767780608406,72.09796145901984,29.5,0.5,61.400384939665436,21.388976001067867,0.7,36.1062339384387,1000,442,47,47,0.047,1.0,0.0,0.9099889794384673,0.0,0.0,70.06762938257125,64.29310529320944,79.0275369599756,0.7338296583435575,1.2223045780860724,26.0,28.0
weibull,60.51925262684183,71.76160267713817,9.5,0.6,17.499051268697663,63.0957344480193,0.7,106.51044483775433,1000,478,46,46,0.046,1.0,0.0,0.43481090873611883,1.0,1.0,69.20183960948707,65.28415415940182,74.62053281183341,0.4453268315161043,3.1836794043052365,18.0,36.0
weibull,58.57309665329674,73.07246696157296,11.5,0.6,21.183062062107698,42.5755235841089,1.0999999999999999,59.41062536450693,1000,426,46,46,0.046,1.0,0.0,0.5160771951825314,0.9565217391304348,0.9565217391304348,66.42336399763471,62.5598608077051,70.70887150878985,0.4533370029454783,3.012400772790788,20.0,34.0
weibull,58.93868166786381,71.83733543543795,12.0,0.7999999999999999,18.973585983192397,69.616149824864,0.7,117.51740669326315,1000,474,46,46,0.046,1.0,0.0,0.3592776001743888,1.0,1.0,66.4284977922996,63.67272934194065,71.23280402748526,0.4400817399312025,3.123489614021395,15.0,38.0
weibull,59.105778872832964,72.85203741343543,24.5,0.8999999999999999,36.81515923089153,26.03814219863106,0.5,54.19498149524385,1000,421,46,46,0.046,1.0,0.0,0.64964626260822,0.45652173913043476,0.45652173913043476,67.6816781682785,63.767654078352045,74.74462933476738,0.7213081092678154,1.29309209157416,22.5,33.0
weibull,58.732693584535824,73.45436785494852,27.0,0.7,45.5780733163277,23.599347418920555,0.7999999999999999,37.31368728334323,1000,410,46,46,0.046,1.0,0.0,0.8526511657656614,0.06521739130434782,0.06521739130434782,66.04083155827706,62.84410637207879,71.38312908945345,0.7297540120682315,1.1952252860933736,25.0,29.0
weibull,60.217922576545185,73.13974190835839,28.0,0.6,51.576151107740486,21.388976001067867,0.7,36.1062339384387,1000,440,46,46,0.046,1.0,0.0,0.8879413532480867,0.0,0.0,67.26764373560476,63.33780420652769,73.61469872892155,0.7701708789610419,1.0204761450338666,26.5,28.0
weibull,60.98628258400896,73.0358308003498,8.5,0.5,17.691636338547667,46.975347139277204,0.8999999999999999,70.58795448403654,1000,474,45,45,0.045,1.0,0.0,0.47665441392030444,1.0,1.0,67.38418843574196,64.1275705373243,72.02830304387221,0.43753315781583696,3.162752410697164,19.0,34.0
weibull,58.557788728162,72.11536735219926,11.0,0.6,20.262059363755192,46.975347139277204,0.9999999999999999,67.77110036187278,1000,437,45,45,0.045,1.0,0.0,0.45971642791751954,0.9777777777777777,0.9777777777777777,64.95014563918413,62.42336491213148,69.02231211999313,0.44012163528268966,3.1409804516169006,19.0,34.0
weibull,58.73274915819569,72.57913879110502,13.5,0.9999999999999999,19.476383052001008,84.74810614451644,0.6,156.10646887872892,1000,474,45,45,0.045,1.0,0.0,0.3193288102505876,1.0,1.0,66.90012837322394,62.441254113389384,75.61328777657516,0.43241874561234755,3.123007588922644,13.0,40.0
weibull,58.591570721012346,72.44650542674242,14.0,1.0999999999999999,19.53584325181483,113.83085652167554,0.5,236.9240138455154,1000,470,45,45,0.045,1.0,0.0,0.3039603407848788,1.0,1.0,66.30176092145533,62.89708338289291,72.2857643172894,0.43082796173837773,3.243443760371574,12.0,40.0
weibull,61.21839276510522,72.24961641185627,25.5,0.6,46.971137615977945,21.388976001067867,0.5,44.518351184096026,1000,435,45,45,0.045,1.0,0.0,0.7739612504438242,0.15555555555555556,0.15555555555555556,70.26812932160911,63.91031063761876,79.85576041095398,0.7519045679276494,1.1095159317684344,24.0,30.0
weibull,59.21724670324702,72.0505856013448,26.5,0.7,44.73403492158089,23.599347418920555,0.6,43.47012530436828,1000,456,45,45,0.045,1.0,0.0,0.7637449906083753,0.17777777777777778,0.17777777777777778,68.82959184036142,63.427621288080495,74.73520340816387,0.7223359597703949,1.2512090685527262,24.0,31.0
weibull,60.53020555937619,70.52815011453418,28.0,0.5,58.27833146815702,21.388976001067867,0.5,44.518351184096026,1000,448,45,45,0.045,1.0,0.0,0.812565930001488,0.022222222222222223,0.022222222222222223,74.48997419147526,64.83507459812601,88.19990858606286,0.7431739783595419,1.1179900044581859,25.0,30.0
weibull,58.54902791272994,71.33649639356514,28.5,0.6,52.497153806092996,23.599347418920555,0.7,39.83751062507593,1000,444,45,45,0.045,1.0,0.0,0.8293968307675953,0.022222222222222223,0.022222222222222223,68.22695604814494,63.62770164696356,74.37875726560762,0.753050217092994,1.104028020556472,25.0,29.0
weibull,60.83837091931885,71.34312639430955,10.0,0.7,16.880767894936184,103.16918578736195,0.5,214.7331430934198,1000,492,44,44,0.044,1.0,0.0,0.34574621950072587,1.0,1.0,70.23080651481925,64.23347534919523,75.54276671388001,0.4293176274922528,3.1976538128233933,15.0,38.0
weibull,58.59871503510685,73.15385466570471,11.0,0.5,22.895058791061686,38.587798044080735,1.1999999999999997,52.371552226629156,1000,429,44,44,0.044,1.0,0.0,0.561631051953163,0.7954545454545454,0.7954545454545454,65.77626712129036,62.558663458364904,69.85395901105113,0.4489533262987621,3.02184490185989,21.0,32.0
weibull,59.036397418878764,71.9592973379781,11.5,0.7,19.412883079176613,57.18603679678211,0.7999999999999999,90.41868218347915,1000,457,44,44,0.044,1.0,0.0,0.40406738751128013,1.0,1.0,67.69012770881545,62.5722304860789,72.43268656542153,0.4388285310839562,3.086825794198853,17.0,37.0
weibull,59.619693621689485,71.49973957494778,26.0,0.7,43.88999652683408,23.599347418920555,0.5,49.118949689716,1000,464,44,44,0.044,1.0,0.0,0.7409245131519542,0.11363636363636363,0.11363636363636363,69.35281351530983,65.13728718976944,76.75060330911823,0.7669095818138236,1.0401091522370411,23.0,31.0
weibull,59.25368940221842,72.2282519166389,12.5,0.8999999999999999,18.783244505556905,84.74810614451644,0.6,156.10646887872892,1000,497,43,43,0.043,1.0,0.0,0.34664783461212256,1.0,1.0,67.63252011335706,63.272243755296685,74.62462875310904,0.440900265862524,3.1416759143244106,15.0,39.0
weibull,59.01638894230095,71.2475210525657,12.5,0.8999999999999999,18.783244505556905,113.83085652167554,0.5,236.9240138455154,1000,481,43,43,0.043,1.0,0.0,0.32357251056952013,1.0,1.0,67.14643496420976,63.403468087699025,75.43170086614853,0.44199619580813804,3.1104971384726694,14.0,39.0
weibull,59.41512815254467,73.13690161751623,13.5,1.0999999999999999,18.838134564250016,113.83085652167554,0.5,236.9240138455154,1000,461,43,43,0.043,1.0,0.0,0.2979297626940911,1.0,1.0,65.24803636856348,63.04690711945129,69.77031411008535,0.42257507476531025,3.2597895646981447,13.0,40.0
weibull,60.71645892992616,70.7291953237411,27.5,0.5,57.23764697765422,21.388976001067867,0.5,44.518351184096026,1000,435,43,43,0.043,1.0,0.0,0.8313915786481731,0.0,0.0,74.48677379747184,65.8205559437976,83.49484595749998,0.752885788800383,1.122133441694544,25.0,29.0
weibull,60.413702929694544,73.35197356606542,29.0,0.5,60.35970044916263,21.388976001067867,0.7999999999999999,33.81879793739166,1000,450,43,43,0.043,1.0,0.0,0.9422188102929774,0.046511627906976744,0.046511627906976744,68.0709708123812,63.32677979537582,72.44232079096558,0.7548398974792799,1.0526465005979788,27.0,27.0
weibull,59.0142261419459,70.74065054016214,9.0,0.5,18.732320829050472,51.82985558583315,0.8999999999999999,77.88262801251267,1000,468,42,42,0.042,1.0,0.0,0.4809620364103687,1.0,1.0,67.96476996949211,64.39434444170399,74.84079483047344,0.4421367849067507,3.0951552184635855,19.0,34.0
weibull,58.70794528826627,71.27120845616565,9.5,0.5,19.773005319553274,46.975347139277204,0.9999999999999999,67.77110036187278,1000,464,42,42,0.042,1.0,0.0,0.5116614753078647,0.9761904761904762,0.9761904761904762,67.49907013361255,63.99774808031915,75.84515126161045,0.4302133635632321,3.2063113984762754,20.0,34.0
weibull,60.029728603154936,71.49347382437415,11.5,0.7999999999999999,18.18301990055938,103.16918578736195,0.5,214.7331430934198,1000,467,42,42,0.042,1.0,0.0,0.3370802270746173,1.0,1.0,68.67056017453316,64.17100409963201,76.36219267782938,0.4517416604951322,3.03085548457934,15.0,39.0
weibull,59.11605807763016,71.13827139296255,12.0,0.8999999999999999,18.031914725334627,125.59432157547896,0.5,261.4081251176453,1000,555,42,42,0.042,1.0,0.0,0.29601145130779255,1.0,1.0,69.00181939837053,63.94201988425069,77.0134582586659,0.42105561703668926,3.30207329712104,13.0,40.0
weibull,58.73798991084432,72.4424709200799,25.0,0.8999999999999999,37.56648901111381,26.03814219863106,0.5,54.19498149524385,1000,438,42,42,0.042,1.0,0.0,0.6468069915856661,0.5,0.5,67.11778274058861,62.59967878871822,74.6201043965282,0.7423932148376223,1.126682712427567,22.0,32.0
weibull,59.898193775211226,71.80626748589506,25.5,0.7,43.04595813208727,23.599347418920555,0.5,49.118949689716,1000,445,42,42,0.042,1.0,0.0,0.7725088524028367,0.11904761904761904,0.11904761904761904,69.06428312411686,64.12278984314621,77.90886966793705,0.75998317616444,1.063602437925808,24.0,30.5
weibull,60.25722603389111,70.71048063818915,9.5,0.6,17.499051268697663,76.81039548609378,0.6,141.48516300843144,1000,465,41,41,0.041,1.0,0.0,0.39912134927335696,1.0,1.0,68.06036285584281,63.060339107298674,76.60690042532806,0.4460674230068978,3.157772691797491,17.0,37.0
weibull,59.36803719252128,73.0756866162691,12.5,0.8999999999999999,18.783244505556905,69.616149824864,0.7,117.51740669326315,1000,466,41,41,0.041,1.0,0.0,0.35287706407993374,1.0,1.0,65.27380277572601,63.266607259452975,69.28324831245875,0.43388844761678164,3.189475023980112,15.0,38.0
weibull,59.3477779370322,71.19962736599778,26.5,0.7,44.73403492158089,23.599347418920555,0.5,49.118949689716,1000,431,41,41,0.041,1.0,0.0,0.7541981595139892,0.14634146341463414,0.14634146341463414,70.40718497397033,64.37162656568492,79.39751185184348,0.7511870413803832,1.099656426888753,24.0,31.0
weibull,60.906758889011535,70.93433563677875,27.0,0.5,56.19696248715142,21.388976001067867,0.5,44.518351184096026,1000,422,41,41,0.041,1.0,0.0,0.7860199439449902,0.0,0.0,72.16122509883164,64.24474603248454,83.00336909241668,0.753822674414641,1.0838108683045038,25.0,30.0
weibull,59.02417415410309,71.01686735267491,11.0,0.7,18.568844684429806,69.616149824864,0.7,117.51740669326315,1000,469,40,40,0.04,1.0,0.0,0.3849559767357792,1.0,1.0,69.63293017516189,63.639834793081704,76.07388425923601,0.428932387893031,3.1628450920114126,17.0,37.0
weibull,61.18375063854725,73.35534876613184,11.0,0.7999999999999999,17.392453817926363,76.81039548609378,0.6,141.48516300843144,1000,483,40,40,0.04,1.0,0.0,0.3541191570388989,1.0,1.0,67.06704764348063,62.95634326625917,74.55207009909111,0.4256641100101954,3.245454384408566,15.0,38.0
weibull,58.92610556093699,72.76742988870035,12.5,0.7999999999999999,19.764152065825414,57.18603679678211,0.7999999999999999,90.41868218347915,1000,443,40,40,0.04,1.0,0.0,0.40244186866559806,0.975,0.975,66.17202925571418,63.46453254786768,69.73145810826723,0.4503264875344474,3.0518304668204177,16.5,36.0
weibull,58.61268814986777,72.4027043217851,13.0,0.8999999999999999,19.53457428577918,69.616149824864,0.7,117.51740669326315,1000,450,40,40,0.04,1.0,0.0,0.34835059591181555,1.0,1.0,66.27775069846054,63.50200559639576,72.89635035453261,0.4402452260727156,3.1521883302707954,15.0,39.0
weibull,59.52973112460066,71.47994914913487,10.0,0.6,18.420053967050173,57.18603679678211,0.7999999999999999,90.41868218347915,1000,494,39,39,0.039,1.0,0.0,0.43465849419687597,1.0,1.0,70.54659009074953,63.65475179390975,76.82782798088493,0.43864985631882325,3.170964189938932,18.0,36.0
weibull,59.72311267222324,72.60008956788728,11.0,0.7,18.568844684429806,57.18603679678211,0.7999999999999999,90.41868218347915,1000,480,39,39,0.039,1.0,0.0,0.4026735325665181,1.0,1.0,68.27993140198674,63.25425278936632,74.4479491857868,0.43561487115540987,3.126284046039558,17.0,37.0
weibull,60.97693083889131,71.98705058005936,26.0,0.6,47.89214031433045,21.388976001067867,0.5,44.518351184096026,1000,458,39,39,0.039,1.0,0.0,0.7856321333453299,0.07692307692307693,0.07692307692307693,69.55506936653404,64.52020183367512,79.27611805547447,0.7666114366098249,1.0313725411160248,24.0,30.0
weibull,60.285016023486946,71.23163895512926,27.5,0.6,50.65514840938798,21.388976001067867,0.5,44.518351184096026,1000,437,39,39,0.039,1.0,0.0,0.8009305164885984,0.10256410256410256,0.10256410256410256,70.43404938121591,65.95601225219133,79.81713216205424,0.7708608415887079,1.02302427773627,25.0,30.0
weibull,58.575813296673545,72.31935291959797,27.5,0.7,46.422111711074514,23.599347418920555,0.7,39.83751062507593,1000,408,39,39,0.039,1.0,0.0,0.844561812769064,0.02564102564102564,0.02564102564102564,66.94588905857256,63.659623064556044,71.50223135530679,0.7309873224182648,1.1760662106439335,26.0,29.0
weibull,60.328303796179696,72.33930479794915,11.0,0.7999999999999999,17.392453817926363,84.74810614451644,0.6,156.10646887872892,1000,491,38,38,0.038,1.0,0.0,0.3643201441307158,1.0,1.0,67.81716605694223,64.21721598290607,75.44466888858445,0.4406265947203967,3.1036018490751616,15.0,38.0
weibull,58.68462769370205,73.19414997904786,12.0,0.7,20.256921473923423,46.975347139277204,0.9999999999999999,67.77110036187278,1000,450,38,38,0.038,1.0,0.0,0.4466106250904357,0.9736842105263158,0.9736842105263158,66.61217210103838,63.452828899095685,69.72192454344184,0.43551279184644603,3.115737315760856,19.0,35.5
weibull,59.52510199577758,73.26377789878009,13.0,0.9999999999999999,18.755035531556526,84.74810614451644,0.6,156.10646887872892,1000,491,38,38,0.038,1.0,0.0,0.32360027102341393,1.0,1.0,64.09972352741995,62.43994819366491,69.40163131116344,0.4260757209690308,3.2124425901666385,14.0,39.0
weibull,60.81264504868915,72.80668699200102,26.5,0.6,48.81314301268296,21.388976001067867,0.6,39.39860922396111,1000,444,38,38,0.038,1.0,0.0,0.8498476860085618,0.05263157894736842,0.05263157894736842,69.53894030093672,64.62089611574835,75.07389574837794,0.7679423943449641,1.0114665894986772,25.0,30.0
weibull,58.78031246248105,73.48892706907705,26.5,0.7999999999999999,41.900002379549875,23.599347418920555,0.7,39.83751062507593,1000,403,38,38,0.038,1.0,0.0,0.7865721195322634,0.10526315789473684,0.10526315789473684,66.91157684914273,62.33413358060338,74.61011352494194,0.7503255828781044,1.0876160131404404,24.0,30.0
weibull,59.322082142231956,72.80756344201009,9.5,0.5,19.773005319553274,42.5755235841089,1.0999999999999999,59.41062536450693,1000,428,37,37,0.037,1.0,0.0,0.4914213161486613,0.8648648648648649,0.8648648648648649,65.57118084255384,63.12304922724849,71.4641563135928,0.4326600979857052,3.154337246359505,20.0,33.0
weibull,59.03910255260243,72.69375018489296,11.5,0.7,19.412883079176613,51.82985558583315,0.8999999999999999,77.88262801251267,1000,461,37,37,0.037,1.0,0.0,0.4124319120210829,1.0,1.0,65.77268982661194,62.889929726416504,70.539454690777,0.4291853952102258,3.1803931433553587,18.0,37.0
weibull,59.25243025606238,72.68580905301332,11.5,0.7999999999999999,18.18301990055938,63.0957344480193,0.7999999999999999,99.76269522684738,1000,502,37,37,0.037,1.0,0.0,0.3737660070045136,1.0,1.0,64.7893523988545,62.57035213736486,69.24089817206439,0.4500844039253695,3.0992040533269054,15.0,37.0
weibull,60.034698502411466,72.91146745270079,12.0,0.8999999999999999,18.031914725334627,84.74810614451644,0.6,156.10646887872892,1000,511,37,37,0.037,1.0,0.0,0.32872153428304185,1.0,1.0,66.51165651177831,62.559182478054105,72.57879959052494,0.4271034890224939,3.2889828779452928,13.0,39.0
weibull,60.95108454643625,72.92444750141334,25.5,0.7,43.04595813208727,21.388976001067867,0.5,44.518351184096026,1000,405,37,37,0.037,1.0,0.0,0.7345934344470176,0.16216216216216217,0.16216216216216217,68.98590042492384,64.17553055613928,76.78658237896269,0.7639912967316029,1.0525861126751441,23.0,31.0
weibull,59.64856281328587,72.4801562382408,25.5,0.7999999999999999,40.31887021428385,23.599347418920555,0.5,49.118949689716,1000,413,37,37,0.037,1.0,0.0,0.6789305215062629,0.2702702702702703,0.2702702702702703,68.78939338372015,63.68002780126455,76.04160705163149,0.7480799204779708,1.1121639130806673,23.0,32.0
weibull,60.510447050294644,71.47824713210434,27.0,0.6,49.73414571103547,21.388976001067867,0.5,44.518351184096026,1000,434,37,37,0.037,1.0,0.0,0.7927052446473337,0.08108108108108109,0.08108108108108109,69.9938549139588,63.63178666740201,81.67305020197573,0.7364046322855153,1.1631896033837332,25.0,30.0
weibull,60.837878432590756,72.08730920499659,8.5,0.5,17.691636338547667,51.82985558583315,0.7999999999999999,81.94985178785417,1000,498,36,36,0.036,1.0,0.0,0.4574399432186851,1.0,1.0,68.35263226558007,65.12463924375626,74.83585380313129,0.45365107325090137,3.081106150306449,19.0,35.0
weibull,59.73955536350319,71.67624415808125,10.5,0.7,17.724806289682995,69.616149824864,0.7,117.51740669326315,1000,476,36,36,0.036,1.0,0.0,0.3919239086489371,1.0,1.0,67.87600655319304,64.44582873039921,73.21095528124361,0.43546562765323293,3.160636115713718,16.0,37.5
weibull,58.740280498598395,70.67604490932048,11.5,0.7999999999999999,18.18301990055938,93.5061126769298,0.6,172.23876417581212,1000,486,36,36,0.036,1.0,0.0,0.34300225936832723,1.0,1.0,68.59595598870044,64.50608135196009,75.90247898616573,0.4354795856452476,3.162145033550237,15.0,39.0
weibull,58.847096948498546,73.42657349073521,13.5,0.9999999999999999,19.476383052001008,69.616149824864,0.7,117.51740669326315,1000,435,36,36,0.036,1.0,0.0,0.34029056167833704,1.0,1.0,64.45102537614376,62.62632644696362,68.48146664329849,0.4412836464377924,3.1297599227713895,14.0,38.5
weibull,59.970980128080384,72.83766674898492,25.0,0.7999999999999999,39.52830413165083,23.599347418920555,0.5,49.118949689716,1000,456,36,36,0.036,1.0,0.0,0.7200612435643226,0.25,0.25,67.98334307475866,63.669477713664705,75.92264262834296,0.7459127926378546,1.1263301995929056,22.0,31.0
weibull,60.582073136469454,72.5549433794439,27.0,0.6,49.73414571103547,21.388976001067867,0.6,39.39860922396111,1000,465,36,36,0.036,1.0,0.0,0.8188635243150957,0.05555555555555555,0.05555555555555555,68.94691174886745,63.77113044489114,77.10841507694809,0.7502368126267315,1.1100522785117946,25.0,29.0
weibull,59.791113110974024,72.6706910553373,29.0,0.6,53.418156504445506,21.388976001067867,0.7,36.1062339384387,1000,441,36,36,0.036,1.0,0.0,0.9332872691701852,0.0,0.0,68.77767751027082,64.00841683359903,74.40241775129331,0.7675950260334242,1.0164643856549767,26.0,27.0
weibull,59.18335615326451,72.71544155658472,10.5,0.6,19.341056665402682,46.975347139277204,0.9999999999999999,67.77110036187278,1000,460,35,35,0.035,1.0,0.0,0.4682639626218729,0.9714285714285714,0.9714285714285714,66.01148238864349,62.67835675375622,72.52262362338949,0.4388582152670094,3.134849044316802,19.0,34.0
weibull,59.56240471075723,71.6574939454554,11.5,0.7999999999999999,18.18301990055938,84.74810614451644,0.6,156.10646887872892,1000,471,35,35,0.035,1.0,0.0,0.36906509554790157,1.0,1.0,67.15912557131435,63.84398319517425,74.6922901381814,0.449063739200025,3.0776732928632824,15.0,38.0
weibull,58.606461570996274,71.49058183904185,13.0,0.9999999999999999,18.755035531556526,125.59432157547896,0.5,261.4081251176453,1000,500,35,35,0.035,1.0,0.0,0.30217161696574585,1.0,1.0,67.89991140637514,63.66322422003683,73.14258219931494,0.43261815719441465,3.1959018474181837,13.0,40.0
weibull,58.692194393769384,71.46878227618085,27.5,0.7,46.422111711074514,23.599347418920555,0.6,43.47012530436828,1000,448,35,35,0.035,1.0,0.0,0.7919460504371443,0.08571428571428572,0.08571428571428572,67.26989210086414,62.68785563717977,78.36493555943262,0.7552520493416235,1.0982971930935044,25.0,29.0
weibull,58.82272562755456,70.61782404083382,27.5,0.7,46.422111711074514,23.599347418920555,0.5,49.118949689716,1000,470,35,35,0.035,1.0,0.0,0.7374743713856236,0.14285714285714285,0.14285714285714285,69.29782793801138,62.93845163181257,77.0254714319074,0.7619694691196905,1.0721596471000472,24.0,31.0
weibull,59.92045710101079,71.8298437776588,28.5,0.6,52.497153806092996,21.388976001067867,0.6,39.39860922396111,1000,434,35,35,0.035,1.0,0.0,0.8613439773709348,0.02857142857142857,0.02857142857142857,69.62194931123159,64.44579672879706,75.25602275456822,0.7933474292386785,0.8959419212457035,26.0,29.0
weibull,59.70935369930284,71.5976392742061,29.0,0.6,53.418156504445506,21.388976001067867,0.6,39.39860922396111,1000,444,35,35,0.035,1.0,0.0,0.8376535722033444,0.05714285714285714,0.05714285714285714,70.52753117404464,63.71860727722778,77.87784583447478,0.749289734101302,1.1027644052639514,25.0,29.0
weibull,60.133746567003676,70.52641565131759,10.0,0.7,16.880767894936184,113.83085652167554,0.5,236.9240138455154,1000,468,34,34,0.034,1.0,0.0,0.3449918119126724,1.0,1.0,70.36080236731021,65.28274632373876,75.80910035719208,0.42832066658651924,3.215247545235818,15.0,38.0
weibull,60.13616316487399,72.06669012722719,28.0,0.6,51.576151107740486,21.388976001067867,0.6,39.39860922396111,1000,463,34,34,0.034,1.0,0.0,0.8163256003777284,0.029411764705882353,0.029411764705882353,69.67463755749432,65.37480255272952,78.20075013181003,0.7328632075810172,1.1754203601700421,24.5,29.5
weibull,61.341162669278006,72.3742999221713,29.5,0.5,61.400384939665436,19.38563326575166,0.6,35.70844109405887,1000,439,34,34,0.034,1.0,0.0,0.8888808913769621,0.0,0.0,71.38629340990792,65.44672483253918,77.6300419812198,0.7733841944741606,1.007913498498694,25.0,29.0
weibull,60.642080848936914,70.91322901869228,8.0,0.5,16.650951848044862,63.0957344480193,0.7,106.51044483775433,1000,441,33,33,0.033,1.0,0.0,0.44007947107949563,1.0,1.0,71.70920156159679,65.00242982756227,77.293857979264,0.42806752291182404,3.172559816082562,18.0,36.0
weibull,59.933614938977534,73.40006510996002,9.0,0.5,18.732320829050472,42.5755235841089,1.0999999999999999,59.41062536450693,1000,467,33,33,0.033,1.0,0.0,0.5189419858826719,0.9393939393939394,0.9393939393939394,65.4582136372994,62.81608313379218,72.98673416595503,0.4517096617798242,3.0324636240053433,20.0,33.0
weibull,60.9760378527482,71.37997097960047,9.0,0.6,16.578048570345157,76.81039548609378,0.6,141.48516300843144,1000,453,33,33,0.033,1.0,0.0,0.36763495495217624,1.0,1.0,69.17271894430823,64.3213462201178,78.23095530328122,0.4281597596560754,3.2596006103430075,16.0,38.0
weibull,59.532436258324324,72.21440199604973,10.0,0.6,18.420053967050173,51.82985558583315,0.8999999999999999,77.88262801251267,1000,487,33,33,0.033,1.0,0.0,0.4396938507622198,0.9696969696969697,0.9696969696969697,66.19885532381618,63.28149567083677,72.85706007514837,0.4324185474288005,3.21759622057011,17.0,36.0
weibull,59.63762018598395,73.42055765065031,12.0,0.7999999999999999,18.973585983192397,57.18603679678211,0.7999999999999999,90.41868218347915,1000,432,33,33,0.033,1.0,0.0,0.3818934920862092,1.0,1.0,65.2246102452855,62.916896070540844,69.63029265017184,0.43827378287612634,3.1492192453946406,16.0,37.0
weibull,61.04855692506612,73.0637468273989,26.0,0.6,47.89214031433045,21.388976001067867,0.6,39.39860922396111,1000,431,33,33,0.033,1.0,0.0,0.8158904290417504,0.030303030303030304,0.030303030303030304,67.65880940211981,63.33060106798765,72.84861927576532,0.7620797252130346,1.039714535652146,24.0,28.0
weibull,60.206716866388476,73.10059840396647,27.0,0.7,45.5780733163277,21.388976001067867,0.6,39.39860922396111,1000,444,33,33,0.033,1.0,0.0,0.8045925048874669,0.12121212121212122,0.12121212121212122,67.4162644304059,63.69979142036666,73.63208199473887,0.7551375697393541,1.074530163595156,24.0,30.0
weibull,59.84883101483598,70.75314753031924,28.5,0.6,52.497153806092996,21.388976001067867,0.5,44.518351184096026,1000,438,33,33,0.033,1.0,0.0,0.8114205695438861,0.15151515151515152,0.15151515151515152,70.33950831812055,64.87465250992156,80.78169371514018,0.7362928307559564,1.1793312667911344,25.0,31.0
weibull,61.2264938692887,72.5231904835735,10.0,0.7,16.880767894936184,76.81039548609378,0.6,141.48516300843144,1000,463,32,32,0.032,1.0,0.0,0.395929924937587,1.0,1.0,67.22284021941863,62.881723987781456,74.32828503619687,0.4556077801492554,3.0153070783158222,17.0,37.0
weibull,59.625207573200335,70.82880945845106,10.5,0.7,17.724806289682995,84.74810614451644,0.6,156.10646887872892,1000,512,32,32,0.032,1.0,0.0,0.35587830494534906,1.0,1.0,69.03544923537308,63.525688340248436,76.56345181559165,0.4361680935076299,3.1717827044781846,16.0,39.0
weibull,59.33407661740301,72.1301422305616,26.0,0.7999999999999999,41.10943629691686,23.599347418920555,0.5,49.118949689716,1000,422,32,32,0.032,1.0,0.0,0.7042901872291247,0.21875,0.21875,70.30318469075557,65.2485887783775,77.11575698703496,0.7302788806285352,1.2130881080551958,23.0,32.0
weibull,58.72772514483389,71.45170553839544,27.0,0.7999999999999999,42.690568462182895,23.599347418920555,0.5,49.118949689716,1000,440,32,32,0.032,1.0,0.0,0.7458826911968408,0.15625,0.15625,67.87640166345547,62.729333261086275,76.07898426093381,0.7793786861103859,0.9524989063866998,23.0,31.0
weibull,59.5844505632265,72.44297858531147,29.5,0.6,54.33915920279801,21.388976001067867,0.7,36.1062339384387,1000,425,32,32,0.032,1.0,0.0,0.8856580974983037,0.0,0.0,66.0877776009082,63.08437628988395,72.23605081372345,0.7666134747722047,1.0372025248147096,26.0,28.0
weibull,61.1020684161397,70.54502433582621,7.5,0.5,15.61026735754206,76.81039548609378,0.6,141.48516300843144,1000,409,31,31,0.031,1.0,0.0,0.4068682943642843,1.0,1.0,71.23475810322599,65.00471722472034,78.5528836775722,0.42393311257827004,3.2280802604729146,17.0,36.0
weibull,59.656377045991135,70.62643412355773,8.5,0.5,17.691636338547667,57.18603679678211,0.7999999999999999,90.41868218347915,1000,473,31,31,0.031,1.0,0.0,0.4590398257097808,0.967741935483871,0.967741935483871,70.94972697130963,64.88153976270036,78.19693662487707,0.43291914818744387,3.242979328274389,19.0,35.0
weibull,61.238064445698924,72.43109301854949,9.0,0.6,16.578048570345157,63.0957344480193,0.7,106.51044483775433,1000,473,31,31,0.031,1.0,0.0,0.40770217916333445,1.0,1.0,69.34907402361942,63.17879782300208,76.4470899103077,0.4411194642645278,3.1337361656954053,18.0,36.0
weibull,60.21506549994655,72.12509358484903,9.5,0.6,17.499051268697663,57.18603679678211,0.7999999999999999,90.41868218347915,1000,480,31,31,0.031,1.0,0.0,0.45285073837246637,1.0,1.0,67.02108964284544,63.80484606014929,70.78634140273337,0.4386528018786238,3.1217183466981964,18.0,35.0
weibull,60.742681008518616,72.89597546558278,10.5,0.7,17.724806289682995,63.0957344480193,0.7,106.51044483775433,1000,451,31,31,0.031,1.0,0.0,0.38098070931710637,1.0,1.0,66.81548771240203,63.139670593924095,73.04655050341279,0.43954734595630757,3.1790097140236435,16.0,37.0
weibull,60.091003336262226,71.35857393387596,11.0,0.7999999999999999,17.392453817926363,113.83085652167554,0.5,236.9240138455154,1000,471,31,31,0.031,1.0,0.0,0.3456864737451318,1.0,1.0,67.00971232258142,62.98221235695726,72.61547899317706,0.4503127032583804,3.0465665659151577,14.0,39.0
weibull,58.561919699543,73.13764632037012,14.5,1.1999999999999997,19.679472418162785,113.83085652167554,0.5,236.9240138455154,1000,423,31,31,0.031,1.0,0.0,0.3052323675971138,1.0,1.0,65.51187172924512,62.36373503635288,70.55140808659011,0.42502458573004165,3.1905452867127555,12.0,40.0
weibull,58.89669355957689,72.63835642565992,26.5,0.7999999999999999,41.900002379549875,23.599347418920555,0.6,43.47012530436828,1000,433,31,31,0.031,1.0,0.0,0.7673897500431824,0.12903225806451613,0.12903225806451613,66.71599445103803,62.880325359812495,70.50240415599336,0.7387356826757717,1.143644821728153,24.0,30.0
weibull,60.13509078021366,72.02390215662692,27.0,0.7,45.5780733163277,21.388976001067867,0.5,44.518351184096026,1000,466,31,31,0.031,1.0,0.0,0.756377714880589,0.06451612903225806,0.06451612903225806,67.95076701669151,64.41485836604932,75.63722427310165,0.7719082542722653,1.0210668018690563,23.0,31.0
weibull,59.319478085011845,71.86371012411558,9.0,0.5,18.732320829050472,46.975347139277204,0.9999999999999999,67.77110036187278,1000,470,30,30,0.03,1.0,0.0,0.45844140994152804,0.9666666666666667,0.9666666666666667,64.89760952069157,62.33650576539471,71.76198067608503,0.42751785001825215,3.266879071818292,19.0,34.5
weibull,60.21777063367021,72.85954643176387,9.5,0.6,17.499051268697663,51.82985558583315,0.8999999999999999,77.88262801251267,1000,470,30,30,0.03,1.0,0.0,0.4370909299203154,1.0,1.0,67.05470781978403,62.57302122155817,72.41503122445198,0.4241176046830752,3.1908094144619934,18.0,35.5
weibull,59.51612698182641,70.54187136963665,9.5,0.6,17.499051268697663,69.616149824864,0.7,117.51740669326315,1000,468,30,30,0.03,1.0,0.0,0.4212115857421889,1.0,1.0,70.79948900728442,65.66800560454264,77.19514323370716,0.4344008725355229,3.1061340867256795,18.5,36.0
weibull,59.676752501060086,72.5049286450856,11.5,0.7999999999999999,18.18301990055938,69.616149824864,0.7,117.51740669326315,1000,487,30,30,0.03,1.0,0.0,0.35891717294574166,1.0,1.0,68.35585640656701,63.722698620513874,76.0571750727109,0.42034913100351534,3.30041961440276,16.0,38.0
weibull,60.104644035983036,72.97348590408322,12.5,0.9999999999999999,18.033688011112044,113.83085652167554,0.5,236.9240138455154,1000,511,30,30,0.03,1.0,0.0,0.3142812625963653,1.0,1.0,66.68746993935397,63.29129401026623,71.22989502997862,0.4393416291242023,3.173183295716447,13.5,40.0
weibull,61.23642923578034,73.23760915015185,25.0,0.7,42.20191973734047,21.388976001067867,0.5,44.518351184096026,1000,428,30,30,0.03,1.0,0.0,0.7296355674614354,0.16666666666666666,0.16666666666666666,69.20786872244545,64.45887194780246,74.33709752900334,0.7422169431723354,1.143338110683648,23.0,31.0
weibull,60.74101896251434,71.72999074466148,26.5,0.6,48.81314301268296,21.388976001067867,0.5,44.518351184096026,1000,447,30,30,0.03,1.0,0.0,0.7945562098731622,0.03333333333333333,0.03333333333333333,71.9108873436943,64.50413485294321,80.92815943250375,0.750477318445633,1.1019460309369773,24.5,30.5
weibull,59.082200008988636,70.90572214110865,27.0,0.7,45.5780733163277,23.599347418920555,0.5,49.118949689716,1000,431,30,30,0.03,1.0,0.0,0.7450714647581693,0.1,0.1,68.42643708652909,63.23778007913302,74.74750267968938,0.7858891686462719,0.9269561745595927,23.5,30.0
weibull,61.364095009090434,71.59614637477523,7.5,0.5,15.61026735754206,63.0957344480193,0.7,106.51044483775433,1000,455,29,29,0.029,1.0,0.0,0.4493353197724917,1.0,1.0,71.58770836123152,65.16719226421206,77.30996673539916,0.43952687918738254,3.136908018461471,18.0,36.0
weibull,59.4233040711192,72.18102070841817,12.5,0.9999999999999999,18.033688011112044,125.59432157547896,0.5,261.4081251176453,1000,501,29,29,0.029,1.0,0.0,0.3014099142099753,1.0,1.0,67.20248383680016,63.06554793052527,72.9357901743086,0.43978763347166117,3.152103687574753,12.0,40.0
weibull,60.67258439291451,72.61791959046604,26.0,0.7,43.88999652683408,21.388976001067867,0.5,44.518351184096026,1000,466,29,29,0.029,1.0,0.0,0.7588251097072712,0.06896551724137931,0.06896551724137931,68.71764078958758,63.59250564003666,74.38761735247267,0.762650109001288,1.0377976499094475,24.0,31.0
weibull,59.06689501769396,72.75821053204403,26.0,0.8999999999999999,39.06914857155836,23.599347418920555,0.5,49.118949689716,1000,438,29,29,0.029,1.0,0.0,0.7315943004960098,0.20689655172413793,0.20689655172413793,67.62662235787569,64.53510614773072,73.34172145592473,0.7423434244418999,1.119544974431233,24.0,31.0
weibull,60.40066870825722,72.31780738151605,26.5,0.7,44.73403492158089,21.388976001067867,0.5,44.518351184096026,1000,444,29,29,0.029,1.0,0.0,0.7624070082169501,0.10344827586206896,0.10344827586206896,69.5496681987975,64.38215405371348,76.35437513978219,0.7574916709915488,1.054427619510038,24.0,31.0
weibull,59.027224793362066,71.7873981903129,26.5,0.7999999999999999,41.900002379549875,23.599347418920555,0.5,49.118949689716,1000,438,29,29,0.029,1.0,0.0,0.7706079546240054,0.13793103448275862,0.13793103448275862,68.77225758054324,62.4631194355908,74.79544385145164,0.7880600012232066,0.9210077535725231,23.0,30.0
weibull,59.5026911515553,71.36992680418027,29.5,0.6,54.33915920279801,21.388976001067867,0.6,39.39860922396111,1000,453,29,29,0.029,1.0,0.0,0.8619443663914133,0.0,0.0,69.74216314700922,65.4119407531214,78.06744270530308,0.7720048334055772,0.9891038420914992,25.0,29.0
weibull,58.59985190910539,71.19774776060262,11.0,0.7,18.568844684429806,63.0957344480193,0.7999999999999999,99.76269522684738,1000,484,28,28,0.028,1.0,0.0,0.3934428730535275,1.0,1.0,67.57145977434857,63.619256006641535,72.76847906408723,0.44432779450582516,3.1431949351330184,17.0,37.0
weibull,59.92357962779187,71.83081964601993,11.5,0.8999999999999999,17.280584945112352,125.59432157547896,0.5,261.4081251176453,1000,523,28,28,0.028,1.0,0.0,0.296562030665691,1.0,1.0,67.1731425022394,62.63288700619557,73.54210093782447,0.43174452626700266,3.2419049615117395,13.0,40.0
weibull,59.797398042493995,71.93073658862758,12.0,0.8999999999999999,18.031914725334627,113.83085652167554,0.5,236.9240138455154,1000,512,28,28,0.028,1.0,0.0,0.3122754661189671,1.0,1.0,67.28073727972756,62.6159037927052,75.6393031825521,0.43245686657198523,3.2357660363922625,12.5,40.0
weibull,61.41140743973913,73.41608037150984,28.0,0.6,51.576151107740486,19.38563326575166,0.6,35.70844109405887,1000,459,28,28,0.028,1.0,0.0,0.8464695574464378,0.0,0.0,67.77204473203241,63.790210924031406,75.9627096162611,0.772952881435881,1.0101343365676951,24.0,29.0
weibull,59.6590821797148,71.36088697047259,8.5,0.5,17.691636338547667,51.82985558583315,0.8999999999999999,77.88262801251267,1000,471,27,27,0.027,1.0,0.0,0.47681314674367287,1.0,1.0,69.0654751137595,63.04220615652416,74.23812888554063,0.4300690674770155,3.2523795094504955,20.0,34.0
weibull,61.34294508866586,70.8949925013185,8.5,0.6,15.657045871992647,103.16918578736195,0.5,214.7331430934198,1000,446,27,27,0.027,1.0,0.0,0.36346815200044696,1.0,1.0,75.33975916652781,65.30921336849873,81.81895412031687,0.43421318433985867,3.2305213122447967,17.0,38.0
weibull,59.83768820139027,73.33746158000318,10.0,0.6,18.420053967050173,46.975347139277204,0.9999999999999999,67.77110036187278,1000,468,27,27,0.027,1.0,0.0,0.4659593775735537,1.0,1.0,66.80144333608101,63.95643717323274,71.42660494066817,0.44315373567461014,3.06368408431412,19.0,35.0
weibull,60.43849388162333,73.25946637329362,10.5,0.7,17.724806289682995,57.18603679678211,0.7999999999999999,90.41868218347915,1000,476,27,27,0.027,1.0,0.0,0.41829732164659805,1.0,1.0,65.3112843868748,63.10768575244341,75.0556316273957,0.4410978299878372,3.059461649204637,18.0,36.0
weibull,60.204684337977056,71.261708428705,10.5,0.7999999999999999,16.60188773529335,125.59432157547896,0.5,261.4081251176453,1000,516,27,27,0.027,1.0,0.0,0.3288712027130728,1.0,1.0,66.8980581855172,63.88147463302662,75.03378145921525,0.42891695594107165,3.208882618804311,14.0,39.0
weibull,59.725817805946896,73.33454241480214,11.0,0.7,18.568844684429806,51.82985558583315,0.8999999999999999,77.88262801251267,1000,474,27,27,0.027,1.0,0.0,0.4251138205216144,1.0,1.0,66.23123534917819,62.678239183517285,73.090209910054,0.43360868001365727,3.171810650849717,18.0,36.0
weibull,61.43974600018914,73.32401344679519,11.0,0.8999999999999999,16.529255164890078,113.83085652167554,0.5,236.9240138455154,1000,513,27,27,0.027,1.0,0.0,0.3290339962604821,1.0,1.0,66.75715727504209,63.21258061126688,74.51238469032509,0.4421162858153211,3.1114698969851955,13.0,40.0
weibull,58.70297778361875,72.28232886264517,13.0,0.9999999999999999,18.755035531556526,93.5061126769298,0.6,172.23876417581212,1000,480,27,27,0.027,1.0,0.0,0.32512345867974046,1.0,1.0,65.84243624398401,63.56864578809979,70.39642946642161,0.43826972253209356,3.110426438851424,14.0,39.0
weibull,58.55752245492242,73.15065218870481,25.0,0.9999999999999999,36.06737602222409,26.03814219863106,0.5,54.19498149524385,1000,391,27,27,0.027,1.0,0.0,0.6634163109075055,0.4074074074074074,0.4074074074074074,66.7926047548935,62.66213438137145,73.91309957892737,0.770050307176733,1.0009209308741203,22.0,33.0
weibull,60.43840152133295,73.38138698360001,27.5,0.6,50.65514840938798,21.388976001067867,0.7,36.1062339384387,1000,426,27,27,0.027,1.0,0.0,0.8620444515028017,0.037037037037037035,0.037037037037037035,67.70642690018894,63.665916594497595,70.70708226276277,0.7551193452354341,1.0839301269787598,25.0,29.0
weibull,61.23681013027218,71.26228934273749,29.0,0.5,60.35970044916263,19.38563326575166,0.5,40.348655756485954,1000,441,27,27,0.027,1.0,0.0,0.8485342999575555,0.0,0.0,71.25270131166245,67.2920117108946,85.69678189628112,0.7727622610621191,0.9808129303538125,26.0,29.0
weibull,58.73378818768083,72.3444364218512,13.5,1.0999999999999999,18.838134564250016,125.59432157547896,0.5,261.4081251176453,1000,506,26,26,0.026,1.0,0.0,0.308462242177223,1.0,1.0,65.12077853662325,62.60656425252047,73.4220015134562,0.44365033119089403,3.1665482693436093,12.5,40.0
weibull,60.47229479443203,73.3945036288556,26.5,0.7,44.73403492158089,21.388976001067867,0.6,39.39860922396111,1000,444,26,26,0.026,1.0,0.0,0.7896075978651571,0.07692307692307693,0.07692307692307693,67.7337028391433,63.30657188914796,73.13734904513176,0.7346450254804113,1.180456024712357,24.0,30.0
weibull,58.595660212939826,73.22441550807966,26.5,0.8999999999999999,39.820478351780636,23.599347418920555,0.6,43.47012530436828,1000,392,26,26,0.026,1.0,0.0,0.7534913511211667,0.19230769230769232,0.19230769230769232,66.60301598819768,64.09868306298308,69.59921718742082,0.750964082036357,1.0965948343460865,24.0,31.0
weibull,61.202642722078224,73.1484018100515,27.0,0.7,45.5780733163277,19.38563326575166,0.5,40.348655756485954,1000,445,26,26,0.026,1.0,0.0,0.7825857825337357,0.038461538461538464,0.038461538461538464,69.2228256843589,63.97854905067469,74.8460326994049,0.7677423190869545,1.0519692029760166,24.0,30.0
weibull,61.13208902056375,72.11449353331221,28.0,0.6,51.576151107740486,19.38563326575166,0.5,40.348655756485954,1000,430,26,26,0.026,1.0,0.0,0.8192330281829125,0.038461538461538464,0.038461538461538464,68.761160862299,65.44486002822505,78.14794090107247,0.7647021218531693,1.0415311096749496,24.0,31.0
weibull,60.06453707869918,70.98999387988763,28.0,0.6,51.576151107740486,21.388976001067867,0.5,44.518351184096026,1000,453,26,26,0.026,1.0,0.0,0.7691902330179015,0.038461538461538464,0.038461538461538464,69.13224353187381,66.32322307117346,75.45864602810462,0.7385071326514618,1.1744398428436091,24.0,31.0
weibull,61.41540373907742,71.45555912886576,28.5,0.5,59.319015958659826,19.38563326575166,0.5,40.348655756485954,1000,407,26,26,0.026,1.0,0.0,0.8362802327275032,0.038461538461538464,0.038461538461538464,71.71629674791333,63.80672633511895,80.88508539177334,0.7671619674279507,1.032315270282845,26.0,29.5
weibull,59.693649154008845,72.53061789011383,28.0,0.7,47.26615010582132,21.388976001067867,0.6,39.39860922396111,1000,448,26,26,0.026,1.0,0.0,0.7437086909387729,0.07692307692307693,0.07692307692307693,68.29798457252983,64.86423774962634,75.31458947322116,0.7368575484076514,1.1532302987843592,24.0,30.0
weibull,60.2349388006835,71.21136171104796,9.0,0.6,16.578048570345157,69.616149824864,0.7,117.51740669326315,1000,509,25,25,0.025,1.0,0.0,0.4008154213474808,1.0,1.0,67.84476047304243,63.43693021956615,75.77984766911202,0.42702800295593746,3.257983045613152,17.0,37.0
weibull,58.828871180929816,73.42723629081563,14.0,1.0999999999999999,19.53584325181483,84.74810614451644,0.6,156.10646887872892,1000,454,25,25,0.025,1.0,0.0,0.319069547904125,1.0,1.0,65.21064965774315,62.44197939906055,69.72423859142721,0.43764501585441573,3.174757698174449,14.0,40.0
weibull,61.061844250102624,71.07271308397367,29.5,0.5,61.400384939665436,19.38563326575166,0.5,40.348655756485954,1000,439,25,25,0.025,1.0,0.0,0.8373686114203074,0.0,0.0,70.01683084005512,64.47591596518801,80.54182165631677,0.7441568894130279,1.1713050999869916,25.0,29.0
weibull,61.05990788219515,71.95963728248607,7.5,0.5,15.61026735754206,57.18603679678211,0.7999999999999999,90.41868218347915,1000,486,24,24,0.024,1.0,0.0,0.45152932265127643,1.0,1.0,67.72639644703156,63.91501178984777,74.31556957824714,0.4401516292832981,3.1587309312116645,19.0,35.0
weibull,60.93387731880364,72.79458392626033,9.0,0.6,16.578048570345157,57.18603679678211,0.7999999999999999,90.41868218347915,1000,487,24,24,0.024,1.0,0.0,0.40698093803016444,1.0,1.0,66.52164796145561,62.615423310284314,73.708158829301,0.4245410260170146,3.255286378746534,18.5,36.0
weibull,60.886024302840895,72.05417362437004,10.5,0.7999999999999999,16.60188773529335,113.83085652167554,0.5,236.9240138455154,1000,489,24,24,0.024,1.0,0.0,0.3523230115172649,1.0,1.0,69.59027372496928,64.47734917675105,76.33233240021693,0.4522902434163659,3.045352673189993,15.0,38.5
weibull,59.50617958402086,71.35785576181424,11.0,0.7999999999999999,17.392453817926363,93.5061126769298,0.6,172.23876417581212,1000,527,24,24,0.024,1.0,0.0,0.3288683590448511,1.0,1.0,68.31643009369462,64.59665840696476,73.81479178228851,0.42998343976523684,3.267538238113705,15.0,39.0
weibull,61.30954394497088,73.43999558467692,11.5,0.8999999999999999,17.280584945112352,103.16918578736195,0.5,214.7331430934198,1000,485,24,24,0.024,1.0,0.0,0.3000784384480001,1.0,1.0,67.56338896279613,63.21309581192798,74.16748965301127,0.4307278599562474,3.2299198259172135,13.5,40.0
weibull,60.604919592655705,72.62328484168498,11.5,0.8999999999999999,17.280584945112352,113.83085652167554,0.5,236.9240138455154,1000,512,24,24,0.024,1.0,0.0,0.3099836837627546,1.0,1.0,66.6627748792431,64.23995239275548,76.11636484151552,0.4389721046127738,3.173473654078747,13.0,40.0
weibull,58.59719391104871,72.30266377374247,27.0,0.7999999999999999,42.690568462182895,23.599347418920555,0.6,43.47012530436828,1000,454,24,24,0.024,1.0,0.0,0.7353211025359736,0.125,0.125,66.27991773879187,63.85685678233725,73.10126966873472,0.7705104083145352,1.0240267404636552,22.5,30.0
weibull,60.00221651268198,72.90289555879,28.5,0.6,52.497153806092996,21.388976001067867,0.7,36.1062339384387,1000,426,24,24,0.024,1.0,0.0,0.8597645187855212,0.0,0.0,67.22552490205541,62.531490220905695,74.92595656565996,0.7629834279642427,1.0570601828650057,26.0,27.0
weibull,60.485394817224005,72.35458121502099,10.0,0.7,16.880767894936184,69.616149824864,0.7,117.51740669326315,1000,499,23,23,0.023,1.0,0.0,0.3830402941197862,1.0,1.0,68.34383916668199,63.52469596166564,78.27386736822176,0.44621919738659477,3.0216827769479386,17.0,37.0
weibull,60.442651586482555,73.18673949757934,11.0,0.7999999999999999,17.392453817926363,69.616149824864,0.7,117.51740669326315,1000,469,23,23,0.023,1.0,0.0,0.35861428952226354,1.0,1.0,66.93931014095566,63.462232622947006,73.84571770308358,0.44664692162674685,3.1087399935100377,15.0,37.0
weibull,59.40966337139839,70.56610873821091,11.0,0.7999999999999999,17.392453817926363,125.59432157547896,0.5,261.4081251176453,1000,485,23,23,0.023,1.0,0.0,0.3485422853571481,1.0,1.0,66.42344600328467,63.12811814339723,71.48633834141633,0.4319167343601605,3.169004592332647,15.0,39.0
weibull,58.51435942286611,72.01821584336567,12.0,0.7999999999999999,18.973585983192397,63.0957344480193,0.7999999999999999,99.76269522684738,1000,490,23,23,0.023,1.0,0.0,0.38264572724407264,1.0,1.0,65.52550914581121,62.629144894434035,69.33409643761291,0.4438567083604756,3.0166021346363046,16.0,38.0
weibull,60.26508647702431,72.87580078960775,12.0,0.9999999999999999,17.312340490667566,125.59432157547896,0.5,261.4081251176453,1000,516,23,23,0.023,1.0,0.0,0.3302130000119573,1.0,1.0,63.75694913146073,62.70862906827742,67.13599264099292,0.4547342926630377,3.0933539563895955,13.0,39.0
weibull,59.41629055149261,73.15101064363574,25.5,0.8999999999999999,38.31781879133609,23.599347418920555,0.5,49.118949689716,1000,429,23,23,0.023,1.0,0.0,0.6999591347309319,0.21739130434782608,0.21739130434782608,67.79376894552676,64.62703605436829,72.3230864923349,0.7839870597483243,0.9557167429194965,22.0,32.0
weibull,59.622023067834036,71.45392164277429,28.0,0.7,47.26615010582132,21.388976001067867,0.5,44.518351184096026,1000,421,23,23,0.023,1.0,0.0,0.7906067453436187,0.13043478260869565,0.13043478260869565,69.50519877219313,63.767699339052996,80.95573907943601,0.7550844370694451,1.066789446095604,24.0,31.0
weibull,60.77793542642044,72.71931704846293,29.5,0.6,54.33915920279801,19.38563326575166,0.6,35.70844109405887,1000,464,23,23,0.023,1.0,0.0,0.841330617729166,0.0,0.0,68.5528439720567,63.48125414037655,78.15364682951679,0.7814802984807685,0.9580391877534798,25.0,29.0
weibull,60.37104702692115,71.5071465153908,10.0,0.7,16.880767894936184,84.74810614451644,0.6,156.10646887872892,1000,474,22,22,0.022,1.0,0.0,0.37456856637336633,1.0,1.0,67.70079712295596,62.821502594675245,76.69598706037289,0.42921461091891633,3.300312112195259,16.0,39.0
weibull,61.123324762758365,73.03490448844325,10.5,0.7999999999999999,16.60188773529335,84.74810614451644,0.6,156.10646887872892,1000,502,22,22,0.022,1.0,0.0,0.3440294022029785,1.0,1.0,65.55813524997355,63.23179029638509,69.15649354826888,0.419265675134279,3.266175796921717,13.5,39.0
weibull,58.73044999849198,73.03747410516687,14.0,1.1999999999999997,19.00086992098476,125.59432157547896,0.5,261.4081251176453,1000,457,22,22,0.022,1.0,0.0,0.2943323300462546,1.0,1.0,65.74719436144022,62.69698167072702,67.64546006892398,0.4344727009654886,3.186261699090042,11.0,40.5
weibull,60.38696738862803,73.24832224607988,26.0,0.7999999999999999,41.10943629691686,21.388976001067867,0.5,44.518351184096026,1000,433,22,22,0.022,1.0,0.0,0.7336330105206346,0.22727272727272727,0.22727272727272727,67.86778528662559,64.57541551824441,78.53205070938563,0.7793669554889038,0.9824078159444676,24.0,31.5
weibull,60.33789372204163,71.27671992640312,8.0,0.5,16.650951848044862,57.18603679678211,0.7999999999999999,90.41868218347915,1000,488,21,21,0.021,1.0,0.0,0.4586244269532333,0.9523809523809523,0.9523809523809523,68.18082402586589,63.55436451470728,78.29125392678992,0.44998804763098676,3.0362039952607414,19.0,35.0
weibull,59.091804736828706,70.72275177756438,9.5,0.6,17.499051268697663,63.0957344480193,0.7999999999999999,99.76269522684738,1000,463,21,21,0.021,1.0,0.0,0.4055329321802086,1.0,1.0,70.65502472673981,65.55644889899527,74.56394810225899,0.4283724568857727,3.254024635935104,17.0,37.0
weibull,58.943714947523574,73.25656702419681,12.5,0.8999999999999999,18.783244505556905,63.0957344480193,0.7999999999999999,99.76269522684738,1000,465,21,21,0.021,1.0,0.0,0.3652882054558278,1.0,1.0,64.95984698154454,62.688614395185866,69.26746526078608,0.45884007426949613,3.0033638034658994,15.0,38.0
weibull,59.78061591605891,72.5698855539137,27.0,0.7999999999999999,42.690568462182895,21.388976001067867,0.5,44.518351184096026,1000,444,21,21,0.021,1.0,0.0,0.744726794532189,0.2857142857142857,0.2857142857142857,69.34833240990167,66.316141265975,76.79464461180316,0.7449312126264431,1.1281823863981926,24.0,31.0
weibull,59.947242484954394,72.81270030369163,27.5,0.7,46.422111711074514,21.388976001067867,0.6,39.39860922396111,1000,463,21,21,0.021,1.0,0.0,0.7498488135213628,0.09523809523809523,0.09523809523809523,68.0315309373037,62.363333814871936,74.56808468984215,0.7312583544443662,1.1676941227707283,24.0,30.0
weibull,59.63772761312802,70.52094302686655,29.0,0.6,53.418156504445506,21.388976001067867,0.5,44.518351184096026,1000,401,21,21,0.021,1.0,0.0,0.7693828406444402,0.047619047619047616,0.047619047619047616,69.383206412681,65.33106406710507,76.80367389466096,0.7804994908192753,0.944140264340506,23.0,30.0
weibull,60.49861700724506,71.41773021026529,29.5,0.6,54.33915920279801,19.38563326575166,0.5,40.348655756485954,1000,466,21,21,0.021,1.0,0.0,0.7879007240203123,0.0,0.0,68.77657576958198,64.81965765658384,76.0295830475504,0.746655094664371,1.1301160566222028,24.0,30.0
weibull,60.875621196268156,71.05901262239975,8.5,0.6,15.657045871992647,84.74810614451644,0.6,156.10646887872892,1000,470,20,20,0.02,1.0,0.0,0.38664744237497606,1.0,1.0,69.16491800104772,64.19947468400316,74.09042086399762,0.4218300883503037,3.2774186399159384,17.0,38.0
weibull,58.830304400303305,73.13618344545452,13.5,1.0999999999999999,18.838134564250016,93.5061126769298,0.6,172.23876417581212,1000,483,20,20,0.02,1.0,0.0,0.30443642831806006,1.0,1.0,65.80608016844579,62.62991231566041,73.14191607544758,0.4465398711315053,3.0364841364884554,13.0,40.0
weibull,59.488199940154324,72.24103344035524,27.5,0.7999999999999999,43.48113454481591,21.388976001067867,0.5,44.518351184096026,1000,417,20,20,0.02,1.0,0.0,0.7380802328357798,0.25,0.25,67.21556387744852,63.782482125955745,75.07791162901636,0.7674637334599849,1.0195363529956463,21.5,31.5
weibull,59.2026120267641,71.91881850844209,28.0,0.7999999999999999,44.27170062744893,21.388976001067867,0.5,44.518351184096026,1000,420,20,20,0.02,1.0,0.0,0.7191254391971168,0.2,0.2,69.8175505301044,64.73537911761007,73.95734809006919,0.766254844778121,1.0393448756514996,23.5,30.5
weibull,61.432606501421006,70.8002153961583,8.0,0.6,14.73604317364014,113.83085652167554,0.5,236.9240138455154,1000,435,19,19,0.019,1.0,0.0,0.3493751932909401,1.0,1.0,72.52275157524639,63.707525750227774,82.74859381957154,0.4225933041737183,3.274865816683316,17.0,39.0
weibull,59.96433412278075,72.48394655442604,8.5,0.5,17.691636338547667,46.975347139277204,0.9999999999999999,67.77110036187278,1000,498,19,19,0.019,1.0,0.0,0.518505897240727,1.0,1.0,67.11398719584558,63.42266548421364,69.62869852285345,0.4323090595328781,3.22270191194247,20.0,34.0
weibull,59.11043832902372,73.0376474210093,9.0,0.5,18.732320829050472,42.5755235841089,1.1999999999999997,57.78371324567657,1000,465,19,19,0.019,1.0,0.0,0.49677907066428734,0.8947368421052632,0.8947368421052632,65.55077492778477,63.6698216211469,71.8735727129691,0.42822188314330406,3.2131304309510633,20.0,34.0
weibull,60.911951897502675,71.22397852861667,9.5,0.7,16.036729500189377,113.83085652167554,0.5,236.9240138455154,1000,460,19,19,0.019,1.0,0.0,0.3404804165112086,0.9473684210526315,0.9473684210526315,70.76439464319334,66.82211203689657,80.28397766951656,0.4624814261997889,2.9136650884603807,15.0,39.0
weibull,58.718528328596285,71.3315982329437,11.5,0.7999999999999999,18.18301990055938,76.81039548609378,0.7,129.66184581190032,1000,496,19,19,0.019,1.0,0.0,0.3598270155534307,1.0,1.0,70.01741425366444,64.08531166321676,75.46399820884662,0.43774964107105463,3.1979727227006856,16.0,39.0
weibull,59.2652408802446,71.06257781009374,11.5,0.8999999999999999,17.280584945112352,138.57344215802476,0.5,288.42246409888753,1000,518,19,19,0.019,1.0,0.0,0.30945810871624824,1.0,1.0,67.93454503313123,63.192224096832895,73.01086697364298,0.44500064923698684,3.116368083347596,14.0,40.0
weibull,61.468220650121786,73.44230703494063,26.5,0.7,44.73403492158089,19.38563326575166,0.5,40.348655756485954,1000,427,19,19,0.019,1.0,0.0,0.7831431639813106,0.05263157894736842,0.05263157894736842,68.63227450361406,64.74079034353772,73.5401279262199,0.7532567968972441,1.081507204037254,24.0,31.0
weibull,59.875616398779584,71.73600405635209,27.5,0.7,46.422111711074514,21.388976001067867,0.5,44.518351184096026,1000,461,19,19,0.019,1.0,0.0,0.7370236670818033,0.0,0.0,67.67957738763461,64.60906299212375,70.86278792583431,0.7396761857692475,1.2010104130626587,24.0,30.0
weibull,61.19570137587593,73.17923402194145,28.5,0.6,52.497153806092996,19.38563326575166,0.6,35.70844109405887,1000,429,19,19,0.019,1.0,0.0,0.8591717032640832,0.05263157894736842,0.05263157894736842,67.45184506156494,63.679110679986906,72.57896039779762,0.7685178574192509,1.0081918965195196,25.0,28.0
weibull,58.99523479685152,72.67974090119786,28.5,0.7999999999999999,45.06226671008194,21.388976001067867,0.6,39.39860922396111,1000,421,19,19,0.019,1.0,0.0,0.7487823789823537,0.15789473684210525,0.15789473684210525,67.0989831884662,62.66690866758381,71.39358172834265,0.7636528145080395,1.0321161916646318,24.0,31.0
weibull,60.34059885576529,72.01117277331798,8.0,0.5,16.650951848044862,51.82985558583315,0.8999999999999999,77.88262801251267,1000,509,18,18,0.018,1.0,0.0,0.459694758765989,1.0,1.0,68.32765018997065,64.2140936350762,81.02755393023877,0.4316343553943437,3.116134783691575,18.0,35.0
weibull,59.00850977556584,71.94892114105588,8.5,0.5,17.691636338547667,46.975347139277204,1.0999999999999999,65.5502156008934,1000,498,18,18,0.018,1.0,0.0,0.4696667988091072,0.9444444444444444,0.9444444444444444,67.62175632190679,64.76130172221917,73.49237390069241,0.42571872672921696,3.248699258250846,20.0,35.0
weibull,58.78133119103939,70.50291374593937,10.5,0.7,17.724806289682995,76.81039548609378,0.7,129.66184581190032,1000,484,18,18,0.018,1.0,0.0,0.3794542855227608,1.0,1.0,70.67877549173927,66.71816905142914,78.83028173341762,0.45311646829948793,2.9943887542014815,16.5,38.0
weibull,59.58054472411449,73.0362847283915,13.0,1.0999999999999999,18.1404258766852,125.59432157547896,0.5,261.4081251176453,1000,493,18,18,0.018,1.0,0.0,0.2812313113909065,1.0,1.0,65.80446070395242,64.13805178806541,70.28911180911605,0.42311637064159857,3.2761022909476454,12.5,41.0
weibull,60.08011556458709,72.90557820583116,26.5,0.7999999999999999,41.900002379549875,21.388976001067867,0.5,44.518351184096026,1000,435,18,18,0.018,1.0,0.0,0.7347848117584932,0.05555555555555555,0.05555555555555555,66.97392812765217,65.6514969810438,73.43698976587513,0.7598709280999663,1.054866830079062,24.0,32.0
weibull,59.77908221795003,73.4916372882509,26.5,0.8999999999999999,39.820478351780636,21.388976001067867,0.5,44.518351184096026,1000,402,18,18,0.018,1.0,0.0,0.720193939093305,0.16666666666666666,0.16666666666666666,68.07009835395894,65.17434364244804,73.51742099401346,0.7741802845326374,0.985849519517489,23.0,31.0
weibull,59.559826026329134,73.31772968769478,27.5,0.7999999999999999,43.48113454481591,21.388976001067867,0.6,39.39860922396111,1000,445,18,18,0.018,1.0,0.0,0.7918370401327699,0.1111111111111111,0.1111111111111111,67.63062410315534,64.1348704587684,77.95862135201924,0.7756966285186314,0.9769087496311009,24.0,30.0
weibull,60.916382956700545,71.87764718374382,28.5,0.6,52.497153806092996,19.38563326575166,0.5,40.348655756485954,1000,441,18,18,0.018,1.0,0.0,0.8252691065221617,0.0,0.0,70.03380439996738,66.6219515707727,73.81862417007676,0.7513221381584827,1.1257641430867427,24.0,29.5
weibull,59.13164381773667,70.90647776191616,29.0,0.7,48.95422689531494,21.388976001067867,0.5,44.518351184096026,1000,433,18,18,0.018,1.0,0.0,0.7889168103222877,0.0,0.0,70.30253766579452,64.2725559529792,76.17472257133538,0.7767516296162065,0.9864133305498469,24.5,30.0
weibull,60.64585079883124,73.13423235727143,8.0,0.5,16.650951848044862,46.975347139277204,0.9999999999999999,67.77110036187278,1000,463,17,17,0.017,1.0,0.0,0.47735390429134916,0.7647058823529411,0.7647058823529411,66.52546492898804,64.33836984335566,71.95674993393914,0.4350112990524584,3.208414637852383,19.0,33.0
weibull,60.989968986571014,71.90644732202993,8.5,0.6,15.657045871992647,69.616149824864,0.7,117.51740669326315,1000,484,17,17,0.017,1.0,0.0,0.4012189708126511,1.0,1.0,70.59982434445672,64.88093316947788,75.11411792497856,0.434993711342245,3.2075586502248536,16.0,37.0
weibull,61.149252357420146,72.20470939268986,9.5,0.7,16.036729500189377,84.74810614451644,0.6,156.10646887872892,1000,461,17,17,0.017,1.0,0.0,0.3395050468968871,1.0,1.0,70.04370466888327,63.693680541835356,76.69994882197285,0.4209261138892796,3.369799603668069,14.0,39.0
weibull,59.548922814762314,70.52569747925588,10.0,0.7,16.880767894936184,93.5061126769298,0.6,172.23876417581212,1000,505,17,17,0.017,1.0,0.0,0.36638650754230434,1.0,1.0,72.22313433057431,64.55103800684287,77.52481122094017,0.4289392168711049,3.1805572380427414,16.0,38.0
weibull,59.19082212025052,72.5855717401891,12.0,0.8999999999999999,18.031914725334627,76.81039548609378,0.7,129.66184581190032,1000,498,17,17,0.017,1.0,0.0,0.333894116249626,1.0,1.0,66.31584009486876,62.74530785419134,72.16524186704382,0.4602028191389673,3.0197985436765773,15.0,39.0
weibull,59.12093919471839,72.15726145180024,9.5,0.6,17.499051268697663,51.82985558583315,0.9999999999999999,74.77467562367264,1000,483,16,16,0.016,1.0,0.0,0.4389116008830871,1.0,1.0,66.86002922431872,63.10648489382668,74.39018505194878,0.4294303134434049,3.1832954254296126,19.0,35.0
weibull,58.881863854175364,72.80243616663303,10.0,0.6,18.420053967050173,46.975347139277204,1.0999999999999999,65.5502156008934,1000,439,16,16,0.016,1.0,0.0,0.49480445059349387,0.9375,0.9375,65.51004770467011,63.05704831224376,69.40054896674576,0.4376515268942075,3.1545137844036684,19.0,34.0
weibull,59.31523311850549,71.85712456600896,10.5,0.7,17.724806289682995,63.0957344480193,0.7999999999999999,99.76269522684738,1000,496,16,16,0.016,1.0,0.0,0.3996220507922807,1.0,1.0,65.7006622836808,63.36971556160411,71.54533580279178,0.45137241476219386,3.0767126382836256,16.5,37.0
weibull,60.01832934148485,73.36761990550707,11.0,0.7999999999999999,17.392453817926363,63.0957344480193,0.7999999999999999,99.76269522684738,1000,481,16,16,0.016,1.0,0.0,0.40109615834292645,1.0,1.0,65.08262223416665,62.7152503363027,72.9344967914698,0.4514214852129023,3.0239874845556645,16.0,36.0
weibull,58.76496532357193,71.41277887249198,12.5,0.9999999999999999,18.033688011112044,138.57344215802476,0.5,288.42246409888753,1000,471,16,16,0.016,1.0,0.0,0.292400955506644,1.0,1.0,68.7148708837799,65.5644801471967,74.75662739805773,0.43594267248348506,3.193613025802155,12.0,40.5
weibull,58.726191446725004,72.37345727273262,26.5,0.8999999999999999,39.820478351780636,23.599347418920555,0.5,49.118949689716,1000,428,16,16,0.016,1.0,0.0,0.6541313822274696,0.375,0.375,68.83397641405719,64.74797802551927,74.72185549729365,0.733478116173926,1.1981799385984566,22.5,32.0
weibull,60.98459797416797,72.94702951848875,29.0,0.6,53.418156504445506,19.38563326575166,0.6,35.70844109405887,1000,421,16,16,0.016,1.0,0.0,0.8229655987442897,0.0,0.0,68.11822418740817,63.446225369310014,73.41001164449378,0.781916597579956,0.9792912501163822,24.5,30.0
weibull,59.20326990391148,71.9831740092557,29.0,0.7,48.95422689531494,21.388976001067867,0.6,39.39860922396111,1000,437,16,16,0.016,1.0,0.0,0.8555160143147772,0.0,0.0,68.27191424095145,63.13350786638105,75.39771228312397,0.737383749426828,1.1629980645548637,25.0,29.0
weibull,59.527170644760204,71.1812508028791,10.0,0.7,16.880767894936184,76.81039548609378,0.7,129.66184581190032,1000,490,15,15,0.015,1.0,0.0,0.3827707026027477,1.0,1.0,69.76302394496729,63.105612530568514,76.45609648257638,0.4469046518601734,3.0179936525263233,15.0,37.0
weibull,60.30120055059953,72.05345545230833,10.5,0.7999999999999999,16.60188773529335,93.5061126769298,0.6,172.23876417581212,1000,498,15,15,0.015,1.0,0.0,0.3197695483626058,1.0,1.0,67.60525143141766,64.2361212564432,73.10711884584711,0.42670767419740574,3.3364240110389343,14.0,40.0
weibull,59.21257429025263,71.93001841656587,12.0,0.8999999999999999,18.031914725334627,93.5061126769298,0.6,172.23876417581212,1000,495,15,15,0.015,1.0,0.0,0.3485010884543538,1.0,1.0,66.49813306604975,62.70150769245455,73.07218487074212,0.4373007537568439,3.1507229857379335,15.0,39.0
weibull,59.51982028374167,72.9727677320215,12.5,0.9999999999999999,18.033688011112044,93.5061126769298,0.6,172.23876417581212,1000,463,15,15,0.015,1.0,0.0,0.29670003714018084,1.0,1.0,66.27755380853057,63.56400030490798,72.57804610032613,0.4194778607484959,3.2789331393436036,12.0,40.0
weibull,61.35256796535151,72.35613860855383,27.5,0.6,50.65514840938798,19.38563326575166,0.5,40.348655756485954,1000,435,15,15,0.015,1.0,0.0,0.7486176426968822,0.06666666666666667,0.06666666666666667,68.44807221311012,63.54608316585946,76.368466583532,0.7761369108447206,1.0120952945705493,24.0,31.0
weibull,59.527484773267986,73.32721951282991,28.5,0.7,48.11018850056813,21.388976001067867,0.7,36.1062339384387,1000,412,15,15,0.015,1.0,0.0,0.8960385804070923,0.0,0.0,66.50054637484301,63.214560711379434,72.30258465085846,0.7897768052248124,0.9255394839028653,26.0,28.0
weibull,59.445725361596786,72.25416773169871,28.5,0.7,48.11018850056813,21.388976001067867,0.6,39.39860922396111,1000,462,15,15,0.015,1.0,0.0,0.7900781323194274,0.06666666666666667,0.06666666666666667,69.52705092406268,65.15686081449718,72.61600522465014,0.7725899683719166,0.9971993376656363,24.0,29.0
weibull,58.89446517231257,70.64077189488262,29.5,0.7,49.79826529006175,21.388976001067867,0.5,44.518351184096026,1000,452,15,15,0.015,1.0,0.0,0.7465037767094637,0.13333333333333333,0.13333333333333333,69.7965550197725,65.70981433359378,78.76187809812295,0.7185985551785166,1.2719856772643188,24.0,31.0
weibull,58.56225074076298,70.65860199050894,8.5,0.5,17.691636338547667,51.82985558583315,0.9999999999999999,74.77467562367264,1000,451,14,14,0.014,1.0,0.0,0.4797967484362495,1.0,1.0,67.5129511774269,64.13635311123238,74.10630819241828,0.4265439152771642,3.260050174469975,19.5,34.0
weibull,61.04320213169038,71.14841269626733,9.0,0.7,15.192691105442567,125.59432157547896,0.5,261.4081251176453,1000,499,14,14,0.014,1.0,0.0,0.33492528004542454,1.0,1.0,72.81367707677519,65.15466152489184,79.11510348922504,0.42913098809263056,3.2391914310971788,16.0,40.0
weibull,61.03012282869767,71.9704402348889,10.0,0.7999999999999999,15.81132165266033,125.59432157547896,0.5,261.4081251176453,1000,484,14,14,0.014,1.0,0.0,0.32042154157605673,1.0,1.0,68.55274823598894,65.51077744688574,76.17518166861697,0.4161507897256833,3.3739850384222354,13.0,39.0
weibull,60.27944838059742,72.70900877593155,10.5,0.7999999999999999,16.60188773529335,76.81039548609378,0.7,129.66184581190032,1000,498,14,14,0.014,1.0,0.0,0.36052502918188356,1.0,1.0,65.63648842892636,63.269127182040634,70.08685516884313,0.417164564525253,3.4018666702703735,15.0,38.0
weibull,58.92220597656722,72.2680428924653,13.0,1.0999999999999999,18.1404258766852,138.57344215802476,0.5,288.42246409888753,1000,505,14,14,0.014,1.0,0.0,0.30253092213608057,1.0,1.0,65.14898665378286,62.95600636686226,69.85244299232518,0.44967484429151616,3.023174738648253,11.5,40.0
weibull,59.285029315582676,73.0562257903869,29.0,0.7,48.95422689531494,21.388976001067867,0.7,36.1062339384387,1000,425,14,14,0.014,1.0,0.0,0.8200105525713368,0.0,0.0,66.62401967945883,63.40900750194742,71.5662056379785,0.778248816243864,0.9459403599101844,24.5,28.5
weibull,59.9366471190773,70.55729547520141,7.5,0.5,15.61026735754206,63.0957344480193,0.7999999999999999,99.76269522684738,1000,508,13,13,0.013,1.0,0.0,0.44451874888434595,1.0,1.0,69.03654578181843,63.90824654192661,82.09449409624601,0.4227267590397877,3.2207414031082338,18.0,36.0
weibull,58.96312453699726,71.25659066949999,9.5,0.6,17.499051268697663,57.18603679678211,0.8999999999999999,85.9311449166186,1000,514,13,13,0.013,1.0,0.0,0.44684980238739824,1.0,1.0,67.01186196554173,63.58170361097408,70.0168288199125,0.4265978511809379,3.1726440982650956,18.0,35.0
weibull,58.628986366995065,72.6322574348385,11.0,0.7,18.568844684429806,51.82985558583315,0.9999999999999999,74.77467562367264,1000,473,13,13,0.013,1.0,0.0,0.4233156948599682,1.0,1.0,64.6494777261301,62.77710644851998,66.49454443258632,0.43529243616355023,3.0630271909720967,18.0,36.0
weibull,58.95264210941359,72.02523616760146,11.0,0.7999999999999999,17.392453817926363,69.616149824864,0.7999999999999999,110.07233371007179,1000,526,13,13,0.013,1.0,0.0,0.3710377762396672,1.0,1.0,67.35564846723193,63.606875493459505,74.10373511763058,0.4447085091844145,3.0230715019440315,16.0,38.0
weibull,59.12375005623094,73.21964794494892,11.5,0.7999999999999999,18.18301990055938,57.18603679678211,0.8999999999999999,85.9311449166186,1000,465,13,13,0.013,1.0,0.0,0.3603723773945265,1.0,1.0,64.74342300489144,62.316761569899256,69.80098930729447,0.41996128531786986,3.281742459256789,15.0,38.0
weibull,59.60674772947704,72.10755895368156,12.0,0.9999999999999999,17.312340490667566,138.57344215802476,0.5,288.42246409888753,1000,508,13,13,0.013,1.0,0.0,0.2824949376602592,1.0,1.0,64.52069517810537,62.37182466194487,71.81962335365004,0.41865963640441667,3.3369721923666034,11.0,40.0
weibull,58.73057840615228,72.02604574880336,12.5,0.9999999999999999,18.033688011112044,103.16918578736195,0.6,190.0381969939833,1000,499,13,13,0.013,1.0,0.0,0.3426487976770665,1.0,1.0,65.69863297100599,62.971616142862594,68.18708964254544,0.4232194044914859,3.3172856898658694,14.0,40.0
weibull,59.156581664002026,72.21532890849788,12.5,1.0999999999999999,17.442717189120383,152.89384608031966,0.5,318.2285086182232,1000,532,13,13,0.013,1.0,0.0,0.27630028784983535,1.0,1.0,67.66538878837417,64.69511807036648,70.42867337361123,0.4220305348027192,3.222653095669291,12.0,41.0
weibull,58.94388694293834,72.95891809820814,13.5,1.1999999999999997,18.322267423806732,138.57344215802476,0.5,288.42246409888753,1000,492,13,13,0.013,1.0,0.0,0.2894189620333666,1.0,1.0,65.12189747012879,62.88096928713218,66.83789752766096,0.43651535206529407,3.1619456195084124,12.0,40.0
weibull,59.37409927542198,71.17747148435916,28.5,0.7,48.11018850056813,21.388976001067867,0.5,44.518351184096026,1000,452,13,13,0.013,1.0,0.0,0.7437374570892336,0.0,0.0,71.9990550205598,67.30034386198778,75.52494364729685,0.7713791645967201,0.9867376294964806,24.0,30.0
weibull,60.705279554992586,71.64544268029113,29.0,0.6,53.418156504445506,19.38563326575166,0.5,40.348655756485954,1000,428,13,13,0.013,1.0,0.0,0.8856480542148449,0.0,0.0,71.33155763287604,64.52922236567323,74.74295993977992,0.7535058410257522,1.1307535573549534,25.0,30.0
weibull,59.047850670158574,72.79051992335337,29.5,0.7,49.79826529006175,21.388976001067867,0.7,36.1062339384387,1000,397,13,13,0.013,1.0,0.0,0.8645254350767765,0.0,0.0,67.64002376495777,63.73453848296019,69.54765261050676,0.7701050932814477,1.0002878622750357,24.0,28.0
weibull,60.32712814526131,71.22326035655495,9.5,0.7,16.036729500189377,93.5061126769298,0.6,172.23876417581212,1000,483,12,12,0.012,1.0,0.0,0.3877846378343164,1.0,1.0,70.71826323665611,65.4877644944984,74.77387559749229,0.43901045217288154,3.1132214210022555,16.0,37.0
weibull,58.99538534015504,71.1930778850431,10.0,0.7,16.880767894936184,69.616149824864,0.7999999999999999,110.07233371007179,1000,523,12,12,0.012,1.0,0.0,0.37624979569840994,1.0,1.0,68.54844425637444,63.4522332411789,71.16002503025352,0.41781332109717106,3.314153132049265,15.0,38.0
weibull,60.337397163730756,71.8154652752741,10.0,0.7999999999999999,15.81132165266033,103.16918578736195,0.6,190.0381969939833,1000,517,12,12,0.012,1.0,0.0,0.3433767692414024,1.0,1.0,64.31217960261806,62.966723619787686,71.73940497214687,0.4330672623211846,3.1612996432967027,14.0,38.5
weibull,59.186552918674046,72.39096345794458,10.5,0.7,17.724806289682995,57.18603679678211,0.8999999999999999,85.9311449166186,1000,475,12,12,0.012,1.0,0.0,0.36008025367603014,1.0,1.0,68.14040409374797,63.848620590025014,72.28321040747372,0.43510270439419185,3.172294532931,16.0,37.0
weibull,60.10006728777803,71.76330641520396,11.0,0.8999999999999999,16.529255164890078,138.57344215802476,0.5,288.42246409888753,1000,511,12,12,0.012,1.0,0.0,0.2842817895005404,1.0,1.0,69.21318251529893,62.291910317327606,74.57831340087877,0.43025975027285296,3.182308990224443,12.5,41.5
weibull,59.23085396282495,71.67584468640511,11.5,0.8999999999999999,17.280584945112352,103.16918578736195,0.6,190.0381969939833,1000,526,12,12,0.012,1.0,0.0,0.3228274566223325,1.0,1.0,68.39019055618584,64.53312906511437,73.77700887052364,0.437075921113228,3.114158149814297,14.5,39.5
weibull,60.6895750096986,72.57842129619885,28.0,0.7,47.26615010582132,19.38563326575166,0.5,40.348655756485954,1000,428,12,12,0.012,1.0,0.0,0.7229601725681121,0.16666666666666666,0.16666666666666666,72.50087229017396,66.6552253543931,76.66147908250313,0.7592488646539345,1.0718614520108498,23.5,31.5
weibull,59.99116065254128,72.72754430728288,28.5,0.7999999999999999,45.06226671008194,19.38563326575166,0.5,40.348655756485954,1000,445,12,12,0.012,1.0,0.0,0.763101415041166,0.25,0.25,67.97447754140339,62.93101707082242,76.23108520832984,0.7565355559255722,1.0698506649473025,23.0,30.5
weibull,60.19919575960124,72.03097741534073,29.0,0.7,48.95422689531494,19.38563326575166,0.5,40.348655756485954,1000,445,12,12,0.012,1.0,0.0,0.8183904030252762,0.08333333333333333,0.08333333333333333,68.54574861718223,63.427178998275885,72.5748891757066,0.75883968224088,1.0589457486286193,24.0,30.0
weibull,60.703595260677474,71.27572765055481,7.0,0.5,14.569582867039255,63.0957344480193,0.7999999999999999,99.76269522684738,1000,475,11,11,0.011,1.0,0.0,0.43617544852840384,1.0,1.0,74.565854358157,65.42829618461349,76.36982570595333,0.40885278435018985,3.378822070616902,19.0,37.0
weibull,61.06261301591881,72.69409012940093,7.5,0.5,15.61026735754206,51.82985558583315,0.8999999999999999,77.88262801251267,1000,519,11,11,0.011,1.0,0.0,0.4317450591771256,1.0,1.0,66.0264878103722,63.20979434737945,74.8287609746487,0.4311952551777185,3.2778664922416056,19.0,35.0
weibull,61.117966174310745,72.59571304349387,9.0,0.7,15.192691105442567,76.81039548609378,0.7,129.66184581190032,1000,500,11,11,0.011,1.0,0.0,0.34128590897900735,1.0,1.0,65.473381386483,62.967038189441595,70.529452588284,0.4194054991851795,3.3858555948016416,16.0,38.0
weibull,61.139718344312854,71.94015971987065,9.0,0.7,15.192691105442567,93.5061126769298,0.6,172.23876417581212,1000,512,11,11,0.011,1.0,0.0,0.3599966510839503,1.0,1.0,69.96330958749593,64.18140609954112,76.06574385138707,0.4510378058719432,3.015733411906705,16.0,38.0
weibull,59.484427414018754,72.01340908543744,11.0,0.7999999999999999,17.392453817926363,76.81039548609378,0.7,129.66184581190032,1000,506,11,11,0.011,1.0,0.0,0.37425392972076155,1.0,1.0,68.22352566953512,64.43936976555985,68.61174614051689,0.43387011907981093,3.2257083428662163,17.0,38.0
weibull,60.7584060353253,72.53154825113015,11.0,0.8999999999999999,16.529255164890078,125.59432157547896,0.5,261.4081251176453,1000,521,11,11,0.011,1.0,0.0,0.2856682820777515,1.0,1.0,66.49270250902934,63.515053242010076,76.48530918009648,0.4199821863510387,3.270918765478973,13.0,41.0
weibull,59.5723608120574,72.72082582999293,12.0,0.9999999999999999,17.312340490667566,103.16918578736195,0.6,190.0381969939833,1000,489,11,11,0.011,1.0,0.0,0.30685058863514864,1.0,1.0,66.14332785002149,63.26002704509891,69.90289160257853,0.4264176587934958,3.2035723465820403,13.0,40.0
weibull,60.55575188201889,73.3655330937798,27.5,0.7999999999999999,43.48113454481591,19.38563326575166,0.5,40.348655756485954,1000,460,11,11,0.011,1.0,0.0,0.7527492444892815,0.2727272727272727,0.2727272727272727,64.76401320538245,63.572995120724336,73.43819250413358,0.7494066830460056,1.141421482618763,23.0,32.0
weibull,58.80603672626701,72.38351320258364,28.0,0.8999999999999999,42.07446769244746,21.388976001067867,0.5,44.518351184096026,1000,422,11,11,0.011,1.0,0.0,0.7275798528449416,0.18181818181818182,0.18181818181818182,66.80848482277065,64.76427607537997,74.69485523412992,0.7484234854022969,1.1121709171821128,23.0,32.0
weibull,58.722584059011865,72.37021902897018,29.0,0.7999999999999999,45.85283279271496,21.388976001067867,0.6,39.39860922396111,1000,417,11,11,0.011,1.0,0.0,0.8214802614290342,0.0,0.0,68.7982513641436,64.72838136836765,71.66372299778241,0.7922338683958046,0.9277644801481014,24.0,31.0
weibull,58.96609125848738,71.71746814222217,29.5,0.7,49.79826529006175,21.388976001067867,0.6,39.39860922396111,1000,442,11,11,0.011,1.0,0.0,0.8547502948047547,0.0,0.0,67.75804056341492,65.49345477607044,77.78716778797249,0.777853681987304,0.9762947034990339,25.0,29.0
weibull,58.79662383386774,72.08097115637409,8.0,0.5,16.650951848044862,46.975347139277204,1.1999999999999997,63.755175749036404,1000,484,10,10,0.01,1.0,0.0,0.5103167532841458,1.0,1.0,65.73533563944315,63.40851439000388,68.07118059406427,0.4198720749759265,3.306215480413019,20.5,34.0
weibull,59.69002645161633,72.59920694390127,8.0,0.5,16.650951848044862,46.975347139277204,1.0999999999999999,65.5502156008934,1000,494,10,10,0.01,1.0,0.0,0.464970800871343,1.0,1.0,72.24497948969734,67.96693688282251,73.87001159605268,0.43363797895121303,3.183315263144015,20.0,36.0
weibull,60.84778274917964,70.79949722409657,8.0,0.6,14.73604317364014,93.5061126769298,0.6,172.23876417581212,1000,478,10,10,0.01,1.0,0.0,0.3586755820092783,1.0,1.0,70.04990854459282,63.77067657887729,74.69352001791648,0.423695041827432,3.2962398839138958,14.5,38.0
weibull,59.8106165556858,71.39224211897567,9.0,0.6,16.578048570345157,63.0957344480193,0.7999999999999999,99.76269522684738,1000,507,10,10,0.01,1.0,0.0,0.40817232666593783,1.0,1.0,70.2449831839626,65.27580334741216,77.04160750843998,0.4195688431066542,3.3381599790829055,18.5,36.0
weibull,59.39141498714702,70.75234331020059,9.5,0.7,16.036729500189377,84.74810614451644,0.7,143.06131093609972,1000,496,10,10,0.01,1.0,0.0,0.3791686962744825,1.0,1.0,67.22187574487825,66.2594233045014,75.13081761467063,0.4366981796272522,3.188491432940804,17.0,38.0
weibull,59.51195867301014,71.10673346909019,10.5,0.7999999999999999,16.60188773529335,103.16918578736195,0.6,190.0381969939833,1000,545,10,10,0.01,1.0,0.0,0.33588939655097827,1.0,1.0,68.51393811276324,62.78353122738581,72.6425679217407,0.42764431965699345,3.2236117263912467,15.0,39.5
weibull,60.962897463270714,72.47076241938149,10.5,0.8999999999999999,15.7779253846678,138.57344215802476,0.5,288.42246409888753,1000,531,10,10,0.01,1.0,0.0,0.29619138988283705,1.0,1.0,64.95046976809581,64.09759184495809,67.23337552483508,0.41317373305783867,3.398820417465879,12.5,39.5
weibull,58.570466425906574,70.88693871545988,11.0,0.7999999999999999,17.392453817926363,84.74810614451644,0.7,143.06131093609972,1000,491,10,10,0.01,1.0,0.0,0.3392222299037936,1.0,1.0,69.80693194989217,67.74792455329951,73.99567579308243,0.4346197326978075,3.2115536810320604,15.5,39.0
weibull,60.854922247947776,73.32329527473347,11.0,0.8999999999999999,16.529255164890078,93.5061126769298,0.6,172.23876417581212,1000,496,10,10,0.01,1.0,0.0,0.32802169011796617,1.0,1.0,64.47787293732635,63.33868169438838,68.64372528922289,0.42182400224810523,3.2905362478560063,12.0,39.5
weibull,59.22476444382669,71.34066620454237,11.5,0.9999999999999999,16.590992970223084,168.69414373480458,0.5,351.1147580469238,1000,538,10,10,0.01,1.0,0.0,0.2812491239579803,1.0,1.0,68.1321311994819,64.98196230292204,76.68648320139413,0.41698128207334556,3.2665868987616618,13.5,40.5
weibull,59.27423811293891,72.99551475578164,28.0,0.7999999999999999,44.27170062744893,21.388976001067867,0.6,39.39860922396111,1000,431,10,10,0.01,1.0,0.0,0.7831693541364865,0.2,0.2,68.18050526530865,65.24490692864968,71.27574644293526,0.7322896076846026,1.1788559142026251,25.0,30.0
weibull,58.80434347068305,73.44327081010138,29.0,0.7999999999999999,45.85283279271496,21.388976001067867,0.7,36.1062339384387,1000,397,10,10,0.01,1.0,0.0,0.9013903896230577,0.0,0.0,65.86131021514211,64.60806524249251,68.26295820944101,0.782376023742227,0.9385909296965559,25.5,28.5
weibull,60.24133553335252,73.06685838650483,29.5,0.7,49.79826529006175,19.38563326575166,0.6,35.70844109405887,1000,425,10,10,0.01,1.0,0.0,0.8875081154566578,0.0,0.0,68.94980472362391,64.37526967366387,78.26184541395727,0.7982609674710713,0.8752670368206648,26.5,28.5
weibull,59.73130894837465,73.41615705474939,29.5,0.7999999999999999,46.64339887534798,19.38563326575166,0.6,35.70844109405887,1000,449,10,10,0.01,1.0,0.0,0.8851261483449079,0.0,0.0,65.46105025507117,63.618871736677285,76.93647270628482,0.7916931157318472,0.8871914706855057,24.5,29.0
weibull,61.12791750567518,71.09484724262708,7.0,0.5,14.569582867039255,69.616149824864,0.7,117.51740669326315,1000,464,9,9,0.009,1.0,0.0,0.429305440063252,1.0,1.0,70.31013604389807,64.01916012403848,75.55743403972241,0.43168582424103297,3.236525875103694,17.0,36.0
weibull,60.826030579177534,71.4550505477198,8.0,0.6,14.73604317364014,76.81039548609378,0.7,129.66184581190032,1000,504,9,9,0.009,1.0,0.0,0.35694899315510675,1.0,1.0,72.16021216573894,66.24153983240699,88.83159034906963,0.42379968146577124,3.2402480099447666,17.0,38.0
weibull,60.56564674157331,72.08732772995765,8.5,0.6,15.657045871992647,63.0957344480193,0.7999999999999999,99.76269522684738,1000,523,9,9,0.009,1.0,0.0,0.38552926424049705,1.0,1.0,66.34814032667364,63.937106039589,74.13634840208995,0.4449505037618804,3.0876824077160143,16.0,36.0
weibull,60.03174481410721,70.73311690988805,8.5,0.6,15.657045871992647,76.81039548609378,0.7,129.66184581190032,1000,500,9,9,0.009,1.0,0.0,0.36658793820678054,1.0,1.0,69.60926325856676,63.43459001916206,76.7848760609275,0.4444938349293728,3.1922713105091334,15.0,38.0
weibull,59.93239237239486,73.06930051488432,10.0,0.7,16.880767894936184,57.18603679678211,0.8999999999999999,85.9311449166186,1000,480,9,9,0.009,1.0,0.0,0.40445313251427956,0.8888888888888888,0.8888888888888888,65.21573107135171,64.0946191328848,68.04096826091143,0.44697739592140434,3.1265723662555347,17.0,36.0
weibull,60.02009584041434,72.62256666962325,11.5,0.8999999999999999,17.280584945112352,93.5061126769298,0.6,172.23876417581212,1000,496,9,9,0.009,1.0,0.0,0.3348391272992272,1.0,1.0,68.7168021593385,63.120892867600816,77.71111256698163,0.4266284252103229,3.272378177486323,15.0,39.0
weibull,58.63329947280729,70.6442503407871,11.5,0.9999999999999999,16.590992970223084,186.12726973634523,0.5,387.3995257484928,1000,515,9,9,0.009,1.0,0.0,0.26712748795459157,1.0,1.0,68.6223203543676,65.87065804429372,72.03514971611813,0.41862285527529514,3.350344808345403,12.0,41.0
weibull,58.68122561361664,72.93788218626838,13.0,0.9999999999999999,18.755035531556526,76.81039548609378,0.7,129.66184581190032,1000,448,9,9,0.009,1.0,0.0,0.32737325338261714,1.0,1.0,66.82150972944937,64.17160677765978,70.3739056073733,0.43071968668430777,3.1743994580559747,14.0,38.0
weibull,58.887819059147574,72.88130976877669,13.0,1.0999999999999999,18.1404258766852,103.16918578736195,0.6,190.0381969939833,1000,488,9,9,0.009,1.0,0.0,0.33921508405766987,1.0,1.0,63.98451865511643,62.124225146729074,66.9197926687429,0.4338429521430003,3.163635441355152,13.0,38.0
weibull,59.12250215029363,72.74540771106751,27.5,0.8999999999999999,41.32313791222519,21.388976001067867,0.5,44.518351184096026,1000,415,9,9,0.009,1.0,0.0,0.678240303048274,0.0,0.0,67.06634016984117,63.12351412298358,73.22106728407674,0.7165074664984755,1.2510256472050238,22.0,31.0
weibull,60.270163968628665,73.04331816186667,28.0,0.7999999999999999,44.27170062744893,19.38563326575166,0.5,40.348655756485954,1000,441,9,9,0.009,1.0,0.0,0.7821865228415759,0.1111111111111111,0.1111111111111111,66.94836718191026,63.49673782951115,72.39735477232742,0.7767933327485813,0.9655420317168034,22.0,30.0
weibull,58.65095797283705,71.29352278163064,29.0,0.7999999999999999,45.85283279271496,21.388976001067867,0.5,44.518351184096026,1000,428,9,9,0.009,1.0,0.0,0.7744080828675276,0.0,0.0,71.01465550876415,65.17334020194912,77.29577853154855,0.7939431950824053,0.8896610675893686,24.0,31.0
weibull,59.56719822952125,73.44758060234719,9.5,0.6,17.499051268697663,46.975347139277204,1.0999999999999999,65.5502156008934,1000,435,8,8,0.008,1.0,0.0,0.45667958052946966,1.0,1.0,66.38584393991277,63.13038464104676,69.80986489321864,0.42893864786639013,3.2812530188005677,18.0,34.5
weibull,60.3053759752592,71.87881368017817,9.5,0.7,16.036729500189377,76.81039548609378,0.7,129.66184581190032,1000,500,8,8,0.008,1.0,0.0,0.3641770937688742,1.0,1.0,67.60491867416869,65.15673015890806,73.23606431116413,0.4183189543350656,3.3435161009000787,16.0,38.5
weibull,59.34436757639517,73.29163424024483,10.5,0.7,17.724806289682995,51.82985558583315,0.9999999999999999,74.77467562367264,1000,427,8,8,0.008,1.0,0.0,0.4360780886229103,1.0,1.0,65.478591755727,63.93533025569784,70.97791567500595,0.44007421870907637,3.177185861878722,18.0,35.0
weibull,59.464400762598714,71.019191144204,11.0,0.8999999999999999,16.529255164890078,152.89384608031966,0.5,318.2285086182232,1000,509,8,8,0.008,1.0,0.0,0.30332802291667826,1.0,1.0,67.18492957093864,65.11560319415116,70.26232702808183,0.43561749160417584,3.160228258615037,12.5,40.0
weibull,60.47379454656603,72.80493450875186,11.5,0.9999999999999999,16.590992970223084,138.57344215802476,0.5,288.42246409888753,1000,512,8,8,0.008,1.0,0.0,0.2758136605522651,1.0,1.0,65.45532380591564,63.656925402612735,68.60088672649921,0.41267609978303743,3.4026196925920145,12.0,41.0
weibull,58.54349388075579,73.45272551760152,12.0,0.7999999999999999,18.973585983192397,51.82985558583315,0.9999999999999999,74.77467562367264,1000,440,8,8,0.008,1.0,0.0,0.3881029179984513,1.0,1.0,64.90706074616574,62.44685725253858,68.71895096366907,0.41449480252594384,3.290716243102814,17.0,35.0
weibull,59.12089699128185,73.4397931810401,13.5,1.2999999999999998,17.896813876483897,152.89384608031966,0.5,318.2285086182232,1000,489,8,8,0.008,1.0,0.0,0.26177833097893344,1.0,1.0,63.974725126360816,62.35311921298212,66.39157740746673,0.41932407243532216,3.2903116394110548,11.5,42.0
weibull,60.44165121728655,72.30197113778374,28.5,0.7,48.11018850056813,19.38563326575166,0.5,40.348655756485954,1000,416,8,8,0.008,1.0,0.0,0.731256909825541,0.125,0.125,67.05107243077748,64.04186331290128,75.07509517889063,0.8003006702286447,0.8513740442187891,23.5,31.5
weibull,61.27974439276402,73.15939334313339,29.0,0.7,48.95422689531494,17.56992841057259,0.5,36.56950399225495,1000,457,8,8,0.008,1.0,0.0,0.8088955533670718,0.0,0.0,73.97809684211438,66.07465935540368,77.75887782707333,0.7990958348372033,0.843503611364772,26.0,31.0
weibull,58.5378240851807,73.13981859159794,29.5,0.7999999999999999,46.64339887534798,21.388976001067867,0.7,36.1062339384387,1000,400,8,8,0.008,1.0,0.0,0.7756536187619029,0.125,0.125,65.40538779401889,63.02007161665333,71.7331504252441,0.7337505020542998,1.1749274157515792,25.0,29.0
weibull,59.96201711417714,71.7652715483072,29.5,0.7,49.79826529006175,19.38563326575166,0.5,40.348655756485954,1000,447,8,8,0.008,1.0,0.0,0.8364498368771163,0.0,0.0,72.39433881376897,65.45986131235246,78.2799409685218,0.8028323926291783,0.8436682366952479,24.5,29.5
weibull,60.41204061176984,73.28212429998422,7.5,0.5,15.61026735754206,46.975347139277204,1.0999999999999999,65.5502156008934,1000,462,7,7,0.007,1.0,0.0,0.5025114836423118,1.0,1.0,66.70254839429853,62.214829692339485,72.8640528240659,0.41498300926387766,3.3045523162490213,20.0,36.0
weibull,59.80796691924586,71.09113436713703,7.5,0.5,15.61026735754206,57.18603679678211,0.8999999999999999,85.9311449166186,1000,487,7,7,0.007,1.0,0.0,0.49548495081073113,1.0,1.0,70.13319415851288,65.53636821163964,76.2564089346352,0.4236126668284407,3.1635429236197554,22.0,35.0
weibull,59.24376741681347,71.30888779335433,8.0,0.5,16.650951848044862,51.82985558583315,0.9999999999999999,74.77467562367264,1000,483,7,7,0.007,1.0,0.0,0.47933112886909285,0.7142857142857143,0.7142857142857143,65.67748574188334,64.6584395464214,80.07219557740467,0.44879626304442954,2.9553821889065808,21.0,34.0
weibull,60.43696654174187,72.62116662189327,8.5,0.6,15.657045871992647,57.18603679678211,0.8999999999999999,85.9311449166186,1000,488,7,7,0.007,1.0,0.0,0.4015832871242111,1.0,1.0,67.62843771947082,65.42645181062984,69.5153543175224,0.4212928117874133,3.2502847228044183,18.0,35.0
weibull,59.681936355854354,71.92608101091129,9.0,0.6,16.578048570345157,57.18603679678211,0.8999999999999999,85.9311449166186,1000,488,7,7,0.007,1.0,0.0,0.3815408430834965,1.0,1.0,70.00834742878688,63.77452782942059,74.01577029790923,0.42218046295547895,3.3263444810177014,17.0,37.0
weibull,61.263600147723004,73.05214409232006,9.5,0.7,16.036729500189377,69.616149824864,0.7,117.51740669326315,1000,474,7,7,0.007,1.0,0.0,0.38198401227165496,1.0,1.0,68.85263792642469,63.460873982209684,75.31463671268575,0.4254806756938479,3.2974442614383834,16.0,38.0
weibull,61.10488687131804,73.41774058211544,10.0,0.7999999999999999,15.81132165266033,76.81039548609378,0.7,129.66184581190032,1000,507,7,7,0.007,1.0,0.0,0.33862867854559914,1.0,1.0,65.36187419672757,63.007539354113895,69.78748991561817,0.4574403483415168,3.024089431275357,15.0,39.0
weibull,59.08438268230005,72.1516496232689,11.5,0.8999999999999999,17.280584945112352,84.74810614451644,0.7,143.06131093609972,1000,496,7,7,0.007,1.0,0.0,0.3230963327772719,1.0,1.0,69.08977726327761,66.19294297552595,73.2264791377795,0.4363719977464448,3.1717315043595313,15.0,39.0
weibull,60.43940762914639,73.41820138506324,11.5,0.9999999999999999,16.590992970223084,103.16918578736195,0.6,190.0381969939833,1000,555,7,7,0.007,1.0,0.0,0.3051516924160908,1.0,1.0,66.02290591040251,63.988375745913416,67.4722253469258,0.4170661857923794,3.4248906435521995,13.0,38.0
weibull,59.79224818918134,72.95944417949784,12.5,1.0999999999999999,17.442717189120383,138.57344215802476,0.5,288.42246409888753,1000,497,7,7,0.007,1.0,0.0,0.29591938702801784,1.0,1.0,66.27561283576345,63.506141354986525,72.84449449013722,0.4210786945805644,3.330076252433943,13.0,41.0
weibull,59.44675478243504,73.11471362407858,27.0,0.8999999999999999,40.571808132002914,21.388976001067867,0.5,44.518351184096026,1000,417,7,7,0.007,1.0,0.0,0.7325784617792088,0.0,0.0,67.16930580263985,63.28128641776805,70.29327183906543,0.7506622569795639,1.0909698989395855,23.0,32.0
weibull,58.778089151089794,73.24775733949608,27.5,0.9999999999999999,39.6741136244465,21.388976001067867,0.5,44.518351184096026,1000,415,7,7,0.007,1.0,0.0,0.667621697772917,0.2857142857142857,0.2857142857142857,65.80719985430427,63.98764968234026,71.74365545355903,0.7906358292607003,0.8997564350325122,23.0,32.0
weibull,59.56463587510783,73.15332894320062,28.5,0.8999999999999999,42.82579747266974,19.38563326575166,0.5,40.348655756485954,1000,431,7,7,0.007,1.0,0.0,0.7473951024949744,0.0,0.0,65.96398340460695,63.60317472281682,68.39365833757077,0.7770967636932778,0.9648382890429594,22.0,31.0
weibull,60.47851417877662,73.33256425353835,29.0,0.7,48.95422689531494,19.38563326575166,0.6,35.70844109405887,1000,407,7,7,0.007,1.0,0.0,0.768311728145389,0.0,0.0,73.84176414001799,64.7712323072286,78.48139722280983,0.778574960005324,0.9765995162436338,25.0,30.0
weibull,59.965781576966975,71.99180514943728,7.5,0.5,15.61026735754206,51.82985558583315,0.9999999999999999,74.77467562367264,1000,510,6,6,0.006,1.0,0.0,0.44698405676620356,1.0,1.0,68.01284421043704,65.3597541976814,71.02059139549102,0.4348881481942543,3.2029423275002706,19.5,35.5
weibull,60.442672950938245,70.81753694412916,8.5,0.7,14.348652710695758,113.83085652167554,0.6,209.67705202448087,1000,492,6,6,0.006,1.0,0.0,0.3686159745371428,1.0,1.0,72.51739950564395,66.43924977714923,74.52700989580052,0.4460058203787398,3.1452648052856764,16.0,37.0
weibull,58.820216279143395,72.14848845888929,9.0,0.6,16.578048570345157,51.82985558583315,1.0999999999999999,72.32428103493112,1000,468,6,6,0.006,1.0,0.0,0.4295426112894052,1.0,1.0,67.82513711530217,65.79713174526145,70.35190284071606,0.40803160457980225,3.2916782961300752,19.0,36.0
weibull,59.07067229568389,73.29170796286232,10.0,0.7,16.880767894936184,51.82985558583315,1.0999999999999999,72.32428103493112,1000,449,6,6,0.006,1.0,0.0,0.4095005167589274,1.0,1.0,65.14210140827463,63.83267529417258,67.13196161346247,0.41593716560358107,3.332037738056093,16.5,36.5
weibull,58.749457834897136,71.5408784760572,10.0,0.7,16.880767894936184,63.0957344480193,0.8999999999999999,94.81140859158688,1000,497,6,6,0.006,1.0,0.0,0.3919545559562595,1.0,1.0,68.21203725663389,65.08608919801556,71.19879112715549,0.4454597161881053,3.139641625883578,17.0,37.0
weibull,60.730596538179526,72.7587156190392,11.0,0.9999999999999999,15.8696454497786,152.89384608031966,0.5,318.2285086182232,1000,522,6,6,0.006,1.0,0.0,0.3091378057230457,1.0,1.0,66.16941626334955,63.857001410924276,69.63533640562802,0.4204614828934995,3.291579849510095,14.0,39.5
weibull,59.99834367041223,73.27811999324646,11.5,0.8999999999999999,17.280584945112352,76.81039548609378,0.7,129.66184581190032,1000,474,6,6,0.006,1.0,0.0,0.3123049882650547,1.0,1.0,62.88469948964193,62.26290248000267,64.79040551899232,0.4198161207294061,3.3197507284212833,13.0,39.5
weibull,59.436457999375136,72.18393954019368,12.0,1.0999999999999999,16.745008501555567,168.69414373480458,0.5,351.1147580469238,1000,543,6,6,0.006,1.0,0.0,0.29316743759290725,1.0,1.0,65.49197401892646,63.58292683753586,66.34702366406567,0.4217521561483133,3.2943304427372238,11.0,40.0
weibull,60.94316834064415,72.86050370977665,27.5,0.7,46.422111711074514,19.38563326575166,0.5,40.348655756485954,1000,427,6,6,0.006,1.0,0.0,0.7883034437143666,0.0,0.0,68.98547616063215,65.1069584412267,79.26253812849166,0.7321028225591966,1.2263632983254977,24.0,30.0
weibull,59.262933473852726,72.80566035920253,29.0,0.8999999999999999,43.57712725289202,19.38563326575166,0.5,40.348655756485954,1000,431,6,6,0.006,1.0,0.0,0.7692577665347438,0.16666666666666666,0.16666666666666666,64.60312508784423,63.14168340721644,67.50504488593515,0.7300438074105531,1.1761214190879565,21.5,32.0
weibull,59.71850991470161,72.4180224350552,29.0,0.7999999999999999,45.85283279271496,19.38563326575166,0.5,40.348655756485954,1000,452,6,6,0.006,1.0,0.0,0.7712707167097184,0.16666666666666666,0.16666666666666666,67.9475694766295,65.67968526300817,69.56301184499026,0.7753381995205533,0.9782764352655849,24.5,29.5
weibull,59.451990529199264,72.11457021655177,29.5,0.7999999999999999,46.64339887534798,19.38563326575166,0.5,40.348655756485954,1000,446,6,6,0.006,1.0,0.0,0.734409474961429,0.0,0.0,69.90569796819813,66.32385148308279,73.57785370485608,0.793796415129891,0.9027100175110314,23.0,30.5
weibull,59.518637994021255,72.76388851245704,7.5,0.5,15.61026735754206,46.975347139277204,1.1999999999999997,63.755175749036404,1000,467,5,5,0.005,1.0,0.0,0.4419361747790545,1.0,1.0,67.88915231996198,64.92680464408353,69.7489015089877,0.41751652463359235,3.3280996805339624,20.0,35.0
weibull,61.35993250664363,72.8092613677894,8.0,0.6,14.73604317364014,63.0957344480193,0.7999999999999999,99.76269522684738,1000,469,5,5,0.005,1.0,0.0,0.4295113389850045,1.0,1.0,64.96123816914474,64.60785983184508,70.43190110447664,0.460900490644553,3.0088917827985173,18.0,36.0
weibull,58.98212033053681,73.30670251183828,8.5,0.5,17.691636338547667,42.5755235841089,1.2999999999999998,56.44194231693686,1000,439,5,5,0.005,1.0,0.0,0.47268482669673617,1.0,1.0,65.85451964143573,65.00655078618102,67.09154009706947,0.40373749893195865,3.3990288298901006,20.0,33.0
weibull,61.19452239387325,72.53638624011222,9.5,0.7999999999999999,15.020755570027315,103.16918578736195,0.6,190.0381969939833,1000,535,5,5,0.005,1.0,0.0,0.31522496700369673,1.0,1.0,65.9907832023894,63.48059795202318,70.49367148007971,0.4202790668189695,3.331697835400932,15.0,39.0
weibull,61.126639041320146,72.76218725849222,10.0,0.7999999999999999,15.81132165266033,93.5061126769298,0.6,172.23876417581212,1000,531,5,5,0.005,1.0,0.0,0.31726125349917367,1.0,1.0,68.51282655012926,64.81110758410647,73.21012243388073,0.40149430551360943,3.421297289155687,13.0,39.0
weibull,59.713867360531374,71.00649411517202,10.5,0.8999999999999999,15.7779253846678,168.69414373480458,0.5,351.1147580469238,1000,527,5,5,0.005,1.0,0.0,0.24954732546854322,1.0,1.0,70.39234459529573,64.83979422783591,77.30430141429667,0.41250957492378276,3.4024811270088424,12.0,43.0
weibull,59.74766307599225,72.72083585809554,10.5,0.7999999999999999,16.60188773529335,69.616149824864,0.7999999999999999,110.07233371007179,1000,536,5,5,0.005,1.0,0.0,0.33294260482303883,1.0,1.0,65.77232370393574,63.55259239169623,69.61938664379637,0.42604147272231285,3.333806104850249,14.0,39.0
weibull,60.065680370358386,72.37657329151533,11.0,0.8999999999999999,16.529255164890078,103.16918578736195,0.6,190.0381969939833,1000,506,5,5,0.005,1.0,0.0,0.3243540975268163,1.0,1.0,66.2796923154608,63.628956545273276,70.2880894699634,0.4772380565960066,2.8047904299846733,14.0,39.0
weibull,59.838128021386716,72.06081923775191,11.5,0.9999999999999999,16.590992970223084,152.89384608031966,0.5,318.2285086182232,1000,512,5,5,0.005,1.0,0.0,0.26896096499849326,1.0,1.0,69.52639006928395,62.70212753504924,70.40857648875945,0.42144260345918605,3.271908633974514,12.0,42.0
weibull,59.4258895315325,73.19663076685671,12.0,0.9999999999999999,17.312340490667566,84.74810614451644,0.7,143.06131093609972,1000,478,5,5,0.005,1.0,0.0,0.2997938967893219,1.0,1.0,66.25111488721322,63.7827501617548,68.90256163825322,0.4368896176160404,3.1915384897033454,13.0,40.0
weibull,58.81546304140454,71.80879314771009,12.0,0.9999999999999999,17.312340490667566,113.83085652167554,0.6,209.67705202448087,1000,527,5,5,0.005,1.0,0.0,0.3021642414805475,1.0,1.0,66.40380764987303,64.76274761875912,69.6671276114874,0.4230124205952689,3.21361700710112,13.0,41.0
weibull,59.894203414041975,73.34944203843169,12.0,1.0999999999999999,16.745008501555567,113.83085652167554,0.6,209.67705202448087,1000,522,5,5,0.005,1.0,0.0,0.28234413527418356,1.0,1.0,65.30974700380568,62.93995383001776,68.36102630140849,0.4282795423319055,3.219345838704869,12.0,41.0
weibull,58.58410712562738,72.50185068566714,12.5,0.9999999999999999,18.033688011112044,84.74810614451644,0.7,143.06131093609972,1000,469,5,5,0.005,1.0,0.0,0.30203252595115593,1.0,1.0,65.11062100572718,63.65638949083812,65.46100396136842,0.41111216414279106,3.3850640202138047,12.0,40.0
weibull,61.04256574733992,72.89368747609987,29.5,0.7,49.79826529006175,17.56992841057259,0.5,36.56950399225495,1000,463,5,5,0.005,1.0,0.0,0.7721310337044898,0.0,0.0,70.19901876398558,67.24980178196401,73.05250464909295,0.7911527894886626,0.8758394785283288,24.0,31.0
weibull,60.45495133501369,70.69050965635456,6.5,0.5,13.528898376536452,69.616149824864,0.7999999999999999,110.07233371007179,1000,479,4,4,0.004,1.0,0.0,0.41925749586566896,1.0,1.0,74.72785383658702,69.61307831707147,79.5778515960846,0.42722598036417947,3.1801475959061056,19.5,35.5
weibull,60.28558613562143,73.48232068781041,7.0,0.5,14.569582867039255,46.975347139277204,1.1999999999999997,63.755175749036404,1000,460,4,4,0.004,1.0,0.0,0.4884991056960563,1.0,1.0,67.02086733516391,66.06524976894572,71.14164588692789,0.429761520059058,3.2539014922845584,19.0,35.5
weibull,60.89544711378676,70.60277444592988,7.5,0.6,13.81504047528763,103.16918578736195,0.6,190.0381969939833,1000,456,4,4,0.004,1.0,0.0,0.38556189921256023,1.0,1.0,73.58774459538763,69.27238031282343,85.06870382577434,0.4447841243692,3.0232456013110545,17.5,37.5
weibull,60.07428843348107,72.50774274774048,8.0,0.6,14.73604317364014,57.18603679678211,0.9999999999999999,82.50201169481134,1000,514,4,4,0.004,1.0,0.0,0.4476183550025161,1.0,1.0,66.10050454182019,64.63948505280497,67.6461349043951,0.46640451967596797,2.9262214915037736,19.5,36.0
weibull,61.48608646357889,71.1271535183598,8.0,0.7,13.504614315948949,152.89384608031966,0.5,318.2285086182232,1000,496,4,4,0.004,1.0,0.0,0.31394301648418244,1.0,1.0,68.97680148463147,65.07536399426355,71.38215645215826,0.4261128846019516,3.2516620228982154,13.5,39.5
weibull,59.254032004244145,71.09274458306615,8.5,0.6,15.657045871992647,63.0957344480193,0.8999999999999999,94.81140859158688,1000,471,4,4,0.004,1.0,0.0,0.41337674153752757,1.0,1.0,74.6507984617541,70.12006322983959,78.48192507383077,0.4304758703318855,3.152358517208948,17.5,38.0
weibull,60.204005186198565,71.46924267351628,9.0,0.7,15.192691105442567,84.74810614451644,0.7,143.06131093609972,1000,506,4,4,0.004,1.0,0.0,0.3713241814950226,1.0,1.0,67.57600564492546,66.3723315978544,75.81132055156023,0.47563977077196423,2.855360793166303,17.0,37.0
weibull,61.04805111334835,73.01219117697599,9.5,0.7999999999999999,15.020755570027315,84.74810614451644,0.7,143.06131093609972,1000,501,4,4,0.004,1.0,0.0,0.3347575499073782,1.0,1.0,67.24106946222341,64.64238930565054,72.94941236697544,0.4089673684988018,3.360112379915277,15.5,37.5
weibull,58.583606463193334,70.58700756344183,11.0,0.8999999999999999,16.529255164890078,125.59432157547896,0.6,231.34541813753762,1000,473,4,4,0.004,1.0,0.0,0.26827454686015384,1.0,1.0,65.89457757817212,64.9127756136711,67.99194535810591,0.416309312293746,3.3346405114631645,12.0,42.5
weibull,59.46655836580706,73.28994707541048,11.5,0.8999999999999999,17.280584945112352,69.616149824864,0.7999999999999999,110.07233371007179,1000,463,4,4,0.004,1.0,0.0,0.3519451316438751,1.0,1.0,65.10596831568076,64.18229133816382,66.99544921790675,0.4399251824804912,3.115540591216102,15.0,38.5
weibull,60.35258864348435,72.86755409625646,11.5,1.0999999999999999,16.047299813990755,168.69414373480458,0.5,351.1147580469238,1000,532,4,4,0.004,1.0,0.0,0.2819338008499488,1.0,1.0,64.75300422555631,64.45464305651475,68.38918224168913,0.44732401794664634,3.000927658482928,12.0,41.0
weibull,58.971081204297725,71.3634436826816,12.0,0.9999999999999999,17.312340490667566,152.89384608031966,0.5,318.2285086182232,1000,489,4,4,0.004,1.0,0.0,0.2652477422367466,1.0,1.0,72.10243953022221,68.49782307523309,74.75384666710512,0.4203498872367576,3.25990454605218,12.5,42.0
weibull,59.00096350110884,72.66067837352637,12.5,1.0999999999999999,17.442717189120383,113.83085652167554,0.6,209.67705202448087,1000,501,4,4,0.004,1.0,0.0,0.27665913692712746,1.0,1.0,67.5356472419051,66.27140427234252,72.17000765347574,0.43181232484874865,3.2655316092080113,9.0,42.0
weibull,59.20167455726354,72.89966149435638,13.0,1.1999999999999997,17.643664926628706,152.89384608031966,0.5,318.2285086182232,1000,492,4,4,0.004,1.0,0.0,0.27329410261478193,1.0,1.0,63.41508803043372,62.38038431771347,71.27900974646458,0.4348979530651095,3.209071788929723,11.5,40.5
weibull,58.92360871067672,71.60304465385832,28.5,0.7999999999999999,45.06226671008194,21.388976001067867,0.5,44.518351184096026,1000,439,4,4,0.004,1.0,0.0,0.690830242002937,0.25,0.25,66.11240893921143,64.43638154594652,68.61920993397709,0.7901319691977104,0.9211527294190516,21.0,30.5
weibull,60.73272971856716,72.71023732479067,7.0,0.5,14.569582867039255,51.82985558583315,0.9999999999999999,74.77467562367264,1000,497,3,3,0.003,1.0,0.0,0.40362537883156213,1.0,1.0,69.03799293931041,65.684567919276,74.4447562957493,0.47570758283242753,2.7355617551399467,16.0,36.0
weibull,58.845148408558565,70.86387899133408,8.0,0.6,14.73604317364014,63.0957344480193,0.9999999999999999,91.0279031894044,1000,508,3,3,0.003,1.0,0.0,0.352189232701144,1.0,1.0,66.21188905383897,64.79362019691092,72.10462556654187,0.4092776318643639,3.347489118515354,16.0,37.0
weibull,58.52497248252324,71.09072349892675,9.0,0.6,16.578048570345157,57.18603679678211,0.9999999999999999,82.50201169481134,1000,465,3,3,0.003,1.0,0.0,0.4519092368465259,1.0,1.0,66.23573522972336,63.64728565370139,70.62860914673928,0.43118997826498706,3.178411649167828,21.0,34.0
weibull,60.19092588320586,72.29127021213786,10.0,0.7999999999999999,15.81132165266033,84.74810614451644,0.7,143.06131093609972,1000,491,3,3,0.003,1.0,0.0,0.37239148749532064,1.0,1.0,65.4722478227576,64.5163464839906,66.46581835633314,0.4256976007450887,3.2668913508715507,15.0,39.0
weibull,59.5804993930779,70.90343259299125,10.0,0.7999999999999999,15.81132165266033,113.83085652167554,0.6,209.67705202448087,1000,529,3,3,0.003,1.0,0.0,0.28178698178344674,1.0,1.0,70.52876961500607,66.76547054623036,74.28365259593247,0.4124809527307304,3.4721249824297753,13.0,40.0
weibull,61.21862610088497,72.43901987210653,10.0,0.8999999999999999,15.026595604445523,152.89384608031966,0.5,318.2285086182232,1000,513,3,3,0.003,1.0,0.0,0.29204159920630507,1.0,1.0,66.99631108579646,63.33794831000562,72.50926344825206,0.4351629353237692,3.198626197769265,12.0,40.0
weibull,60.3272309380914,71.72664714838155,10.5,0.8999999999999999,15.7779253846678,152.89384608031966,0.5,318.2285086182232,1000,517,3,3,0.003,1.0,0.0,0.29519983976069014,1.0,1.0,67.0522490549433,65.83170189627963,74.01124811008285,0.4658378438759944,3.041255764437934,13.0,41.0
weibull,60.1172329606195,72.03856258582967,11.0,0.9999999999999999,15.8696454497786,168.69414373480458,0.5,351.1147580469238,1000,540,3,3,0.003,1.0,0.0,0.2969178745549667,1.0,1.0,64.80588474400912,64.11253715111509,67.05083122213384,0.4200837565308079,3.3033660636566364,12.0,39.0
weibull,59.16902727752978,72.47190899264103,12.0,1.0999999999999999,16.745008501555567,125.59432157547896,0.6,231.34541813753762,1000,510,3,3,0.003,1.0,0.0,0.3080497976106997,1.0,1.0,64.69806498794699,64.40826946758853,65.35025989211408,0.409195387775921,3.484858269842205,14.0,39.0
weibull,58.84851889885672,72.6889584899684,13.0,1.2999999999999998,17.233968918095606,186.12726973634523,0.5,387.3995257484928,1000,517,3,3,0.003,1.0,0.0,0.2795145838674215,1.0,1.0,64.31185577138832,63.89893817884827,66.18522113566823,0.4317768544801022,3.2278479644234537,10.0,42.0
weibull,60.90602921715936,71.23114631198072,5.5,0.5,11.447529395530843,69.616149824864,0.8999999999999999,104.60937309567223,1000,502,2,2,0.002,1.0,0.0,0.3413507936435499,1.0,1.0,67.98117742383292,67.39539915994719,68.56695568771863,0.41270562681780726,3.3414820612228335,15.0,40.0
weibull,61.08220489833505,71.83779539763151,6.0,0.5,12.488213886033648,63.0957344480193,0.8999999999999999,94.81140859158688,1000,489,2,2,0.002,1.0,0.0,0.4289272966440576,1.0,1.0,64.43784224418987,63.29201910080745,65.58366538757228,0.4148025284368677,3.4259542447315257,19.5,35.5
weibull,60.98673663961886,70.67868257419056,6.5,0.5,13.528898376536452,76.81039548609378,0.7,129.66184581190032,1000,447,2,2,0.002,1.0,0.0,0.45818247294729936,1.0,1.0,63.82228626558191,62.677972241453396,64.96660028971043,0.4255554370188921,3.320931633936664,18.0,35.0
weibull,60.57491506084603,71.80956654249042,7.0,0.5,14.569582867039255,57.18603679678211,0.8999999999999999,85.9311449166186,1000,474,2,2,0.002,1.0,0.0,0.4959228335363157,1.0,1.0,64.758439839582,64.12927887761953,65.38760080154447,0.41456910023466387,3.2458199904441694,20.5,34.5
weibull,58.94624684253489,71.31354181511503,7.5,0.5,15.61026735754206,51.82985558583315,1.0999999999999999,72.32428103493112,1000,513,2,2,0.002,1.0,0.0,0.45924232825361644,1.0,1.0,73.33740631632861,69.39025117951688,77.28456145314033,0.4789656235678281,2.7970236772942654,18.0,35.0
weibull,60.122024740707595,70.93522445013399,7.5,0.6,13.81504047528763,76.81039548609378,0.7999999999999999,121.4473869298678,1000,516,2,2,0.002,1.0,0.0,0.42434772913328467,1.0,1.0,71.94689521756959,69.77928280995188,74.1145076251873,0.44235640626118256,3.1282831338867654,17.0,36.0
weibull,61.23125230681219,73.34310025972502,8.0,0.6,14.73604317364014,57.18603679678211,0.8999999999999999,85.9311449166186,1000,505,2,2,0.002,1.0,0.0,0.4519241504926443,1.0,1.0,64.73262137017741,62.89923024432382,66.56601249603101,0.4402254371422625,3.14606338457055,19.5,34.0
weibull,60.076732220019025,72.23904488059335,8.5,0.7,14.348652710695758,69.616149824864,0.8999999999999999,104.60937309567223,1000,532,2,2,0.002,1.0,0.0,0.3523338814949529,1.0,1.0,64.31957813137078,63.950378557792284,64.68877770494925,0.44370874388130277,3.0592280370095573,15.0,35.5
weibull,60.58618086970557,72.60754012565786,9.0,0.7,15.192691105442567,69.616149824864,0.7999999999999999,110.07233371007179,1000,512,2,2,0.002,1.0,0.0,0.4099186504497987,1.0,1.0,68.56973005801008,67.62698950645769,69.51247060956247,0.46820608922381146,3.0057899272245865,18.0,38.0
weibull,59.32040660300058,71.2117817341461,10.0,0.7999999999999999,15.81132165266033,93.5061126769298,0.7,157.8454984857002,1000,514,2,2,0.002,1.0,0.0,0.30811192663898124,1.0,1.0,66.71873317147951,64.3058103566495,69.13165598630953,0.41315949932768614,3.322774879250246,14.0,38.0
weibull,58.610106992181514,70.92719229774315,10.0,0.7999999999999999,15.81132165266033,84.74810614451644,0.7999999999999999,133.99795657047488,1000,536,2,2,0.002,1.0,0.0,0.29688614644001965,1.0,1.0,67.97987025770875,67.82244937436454,68.13729114105297,0.42010333373833175,3.331226681477556,14.0,41.5
weibull,59.409607463986276,71.36951730034441,10.5,0.9999999999999999,15.148297929334118,152.89384608031966,0.6,281.63128960293506,1000,556,2,2,0.002,1.0,0.0,0.32902355582989073,1.0,1.0,64.55393957237617,64.0534898427622,65.05438930199013,0.446173161702467,3.1463218446932038,12.0,40.0
weibull,59.873595306575616,71.36515678987067,10.5,0.9999999999999999,15.148297929334118,205.36196321057398,0.5,427.4340201049035,1000,543,2,2,0.002,1.0,0.0,0.2526753964648865,1.0,1.0,66.61682527926487,66.32837015324299,66.90528040528677,0.4270037832614241,3.265521653113341,10.0,41.0
weibull,59.29225799727922,72.70902329571943,11.0,0.8999999999999999,16.529255164890078,76.81039548609378,0.7999999999999999,121.4473869298678,1000,519,2,2,0.002,1.0,0.0,0.3278829138974684,1.0,1.0,64.49269066099268,63.38990180312043,65.59547951886492,0.503906001329093,2.7150666996488244,13.5,37.5
weibull,58.95576709657103,70.66918869837181,11.0,0.9999999999999999,15.8696454497786,205.36196321057398,0.5,427.4340201049035,1000,512,2,2,0.002,1.0,0.0,0.271610524969614,1.0,1.0,65.05493519821559,64.257681806969,65.85218858946217,0.42858582015085556,3.237076145248509,10.5,42.0
weibull,59.19112277943588,71.4981802087986,11.5,1.0999999999999999,16.047299813990755,205.36196321057398,0.5,427.4340201049035,1000,557,2,2,0.002,1.0,0.0,0.2603884758795969,1.0,1.0,68.66785196908452,65.6177872582095,71.71791667995954,0.4094049711841711,3.4643095098355747,10.5,42.0
weibull,58.79893843897823,73.05327583419704,12.0,0.9999999999999999,17.312340490667566,76.81039548609378,0.7999999999999999,121.4473869298678,1000,494,2,2,0.002,1.0,0.0,0.3654207346591858,1.0,1.0,63.56417933402443,62.93122292333486,64.197135744714,0.43320262651656394,3.1476835310506974,15.0,37.0
weibull,59.84680093990861,72.82807042154037,12.0,1.1999999999999997,16.28645993227265,186.12726973634523,0.5,387.3995257484928,1000,540,2,2,0.002,1.0,0.0,0.28710813358127746,1.0,1.0,63.741466069157454,63.05463617994778,64.42829595836713,0.44693054135534116,3.0617474720925166,10.0,40.0
weibull,59.43998386987612,73.38537435372368,13.0,1.2999999999999998,17.233968918095606,168.69414373480458,0.5,351.1147580469238,1000,493,2,2,0.002,1.0,0.0,0.2792456196598896,1.0,1.0,65.00239550787784,64.72756886903609,65.27722214671958,0.42875893066618376,3.2836359423085963,14.0,40.5
weibull,58.51022727166935,72.81516778819856,29.5,0.9999999999999999,42.559503706224426,19.38563326575166,0.5,40.348655756485954,1000,409,2,2,0.002,1.0,0.0,0.5909275529001186,0.5,0.5,65.8944230090512,64.88902277790021,66.89982324020217,0.6717997957541391,1.5326983730107386,19.5,33.5
weibull,60.532539162362056,73.24298614434443,29.5,0.7999999999999999,46.64339887534798,17.56992841057259,0.5,36.56950399225495,1000,446,2,2,0.002,1.0,0.0,0.6935793063334781,0.5,0.5,68.44468086683162,65.4757190551885,71.41364267847473,0.744386548752771,1.1700806330845337,23.0,31.0
weibull,61.10817556250166,72.5308599244741,6.0,0.5,12.488213886033648,57.18603679678211,0.9999999999999999,82.50201169481134,1000,476,1,1,0.001,1.0,0.0,0.47443721191638283,1.0,1.0,67.37697239142877,67.37697239142877,67.37697239142877,0.41019066167815643,3.395993714335659,20.0,33.0
weibull,59.42247959200887,72.91103162978646,8.0,0.6,14.73604317364014,51.82985558583315,1.1999999999999997,70.34373885784579,1000,489,1,1,0.001,1.0,0.0,0.4873836180699521,1.0,1.0,65.24872020134185,65.24872020134185,65.24872020134185,0.4668755155010769,2.940949107979998,19.0,34.0
weibull,59.98617825855941,72.74067337686765,8.5,0.7,14.348652710695758,63.0957344480193,0.9999999999999999,91.0279031894044,1000,514,1,1,0.001,1.0,0.0,0.4387815768932891,1.0,1.0,65.6350178406108,65.6350178406108,65.6350178406108,0.5625110558815949,2.1477065194039318,17.0,35.0
weibull,59.5752464650309,72.84357406987127,8.5,0.6,15.657045871992647,51.82985558583315,1.0999999999999999,72.32428103493112,1000,484,1,1,0.001,1.0,0.0,0.36814531067170486,1.0,1.0,65.34199524500428,65.34199524500428,65.34199524500428,0.4543414156632894,3.0113105952361354,17.0,35.0
weibull,61.16347243406483,72.37277390530485,8.5,0.7999999999999999,13.439623404761281,103.16918578736195,0.7,174.15750791860063,1000,532,1,1,0.001,1.0,0.0,0.3958446032136745,1.0,1.0,70.97538577179776,70.97538577179776,70.97538577179776,0.43203311459858335,3.294771621682565,15.0,36.0
weibull,60.3572462366283,72.37992174168375,9.0,0.7999999999999999,14.230189487394298,84.74810614451644,0.7999999999999999,133.99795657047488,1000,545,1,1,0.001,1.0,0.0,0.3780831709408971,1.0,1.0,67.57422728953716,67.57422728953716,67.57422728953716,0.4920182633798382,2.773814269686174,15.0,36.0
weibull,60.421100020794086,72.86883624431633,9.5,0.7999999999999999,15.020755570027315,76.81039548609378,0.7999999999999999,121.4473869298678,1000,524,1,1,0.001,1.0,0.0,0.31073618821639315,1.0,1.0,64.41025209264089,64.41025209264089,64.41025209264089,0.4093579995012726,3.2897166073054707,14.0,39.0
weibull,58.76446389459276,70.60898837754091,9.5,0.7,16.036729500189377,76.81039548609378,0.7999999999999999,121.4473869298678,1000,504,1,1,0.001,1.0,0.0,0.3323309659551388,1.0,1.0,63.62349859540309,63.62349859540309,63.62349859540309,0.40342958721890854,3.5536037861745298,15.0,37.0
weibull,60.605262523324946,71.718866838897,10.0,0.8999999999999999,15.026595604445523,168.69414373480458,0.5,351.1147580469238,1000,531,1,1,0.001,1.0,0.0,0.3505102589880309,1.0,1.0,63.85344344656233,63.85344344656233,63.85344344656233,0.5078211950849291,2.6108959641706604,12.0,38.0
weibull,60.92851054585107,73.08402929569287,10.5,0.8999999999999999,15.7779253846678,103.16918578736195,0.6,190.0381969939833,1000,522,1,1,0.001,1.0,0.0,0.33990855449916985,1.0,1.0,64.15464056916228,64.15464056916228,64.15464056916228,0.47351083976559954,2.880450632822247,12.0,39.0
weibull,59.62226850718287,72.76369668292136,10.5,0.9999999999999999,15.148297929334118,93.5061126769298,0.7999999999999999,147.84552240248368,1000,553,1,1,0.001,1.0,0.0,0.3065194694596489,1.0,1.0,62.844092226347705,62.844092226347705,62.844092226347705,0.4332332717000538,3.1262096474263568,15.0,39.0
weibull,59.052092756602875,70.89689003089539,11.0,1.0999999999999999,15.349591126425938,250.0,0.5,520.342245251402,1000,572,1,1,0.001,1.0,0.0,0.27018351349533076,1.0,1.0,65.17569873736146,65.17569873736146,65.17569873736146,0.40257233282384264,3.5721316009533783,10.0,41.0
weibull,59.849802238774146,72.32653203827702,11.0,0.9999999999999999,15.8696454497786,125.59432157547896,0.6,231.34541813753762,1000,550,1,1,0.001,1.0,0.0,0.28787338822631314,1.0,1.0,62.96917458218829,62.96917458218829,62.96917458218829,0.42500045847169526,3.1638382650192916,10.0,40.0
weibull,59.1556537621159,71.48317428865623,11.0,0.9999999999999999,15.8696454497786,138.57344215802476,0.6,255.25302829507217,1000,561,1,1,0.001,1.0,0.0,0.30243382404423175,1.0,1.0,68.86054619697887,68.86054619697887,68.86054619697887,0.4967881426602186,2.5588647658782215,16.0,40.0
weibull,59.27680004687954,72.15511239783783,12.0,1.1999999999999997,16.28645993227265,205.36196321057398,0.5,427.4340201049035,1000,566,1,1,0.001,1.0,0.0,0.2731775255639195,1.0,1.0,61.98437692164493,61.98437692164493,61.98437692164493,0.46803762126071224,2.8873899157183467,10.0,40.0
weibull,59.494503917024275,73.025163846607,12.5,1.4,16.240751163612412,226.58440105762682,0.5,471.60574394107874,1000,564,1,1,0.001,1.0,0.0,0.2170336697475425,1.0,1.0,65.57459619721381,65.57459619721381,65.57459619721381,0.4008936141698908,3.4682298419511888,7.0,43.0
